hash,num_files_changed
6875bf374ccbf8147ba5cc02a79f1267bf1073e9,1
200425cba0bfde15f355c8be8fe42e4c93bd3f57,2
26790b693c1140dc5fb08accc0923ca46234f922,1
00a92c94b0130796c23ea1ea5733f88ae4a96ded,2
8030d576eda624699594c0464ba5ef514c7c231f,3
4eb8a871930ef152e4fa73fc1782e2ed22348c85,2
d2814c7aa756e7026114455eb0b38cb5812c5dd0,1
6f71a141501403fd55a4fd148a63010c3200b8c3,0
Marlin/src/pins/stm32f4/pins_FYSETC_S6.h,2
106795069740bede91cb5fbc20cd506a48776653,2
7b7add3843f7f74739244dc4425a0368afca4bd1,1
05e67a92624b148b1490e272e25661d7c7747890,2
c4ef2d63e1c4651f652873b16e9e47339b66d851,5
2a137d67444e5de32589720930ebeba9db3b47cc,0
Marlin/src/lcd/menu/menu_probe_level.cpp,1
c0becd6ce1bb3729663811b174ca93f901601238,3
d5dfd18c24d8d79e55893cf90b1cb5c28bc369ed,5
dcc10565f8865d6400008a280fbcdff4ac8ae074,1
4c388d711880d64b33be5d0d8a0366f4cf5fe498,4
94ca5487ab18647f1078847e9e1b460bb894a412,2
a23212bd95e268fe29682e53cd5b7719811c5519,1
a748eaade7328e3ee2dbb59107b3f7cf46d19ad3,2
ba88365364f33db0f9b9dccdc8fe524fdce5afc6,2
8d9db0f8999706b913ca48323028b9f708e6b2c7,4
23bc810e6e38d3baa19455713b0c340784555e01,2
7ad4de2c0812d5b01bd6beccbe40536e526d3888,2
d21e1d4dc8611afeb4e7a6e5325f49e2b8edb49d,2
8b7cfa0429231f945eb58398e0ca98de3a74bc72,1
906dcc753685dcca7252eb9a8a2f7fb2b99ac264,2
061e02638452fe2353eb26e6d7799a81ab45e597,1
5d591fd91d95562bfe7e2886de34a7e6e3e28e11,1
854da5fd9ea12648f982062bca2363244b7ea16c,2
7e45d56e66383c4ff5d2c0af4e1a75632f0510c0,2
71ce7803e7a910d4512cb0b2dc132c44e4ca2cba,7
c5bf705717ccb8f0f716c89712d1016856e8d3f2,2
e82b4e98a492343394ece560f14841b771ea7178,1
c271a89a4fead7bdca111a002980ce4732f8d95b,2
ea993a657f1c42df16c2bc03f30c7c9224647b49,1
5813488412aa3731d24177a037653087aeeb72ef,2
a365163ff0744f2f74c3a3b4137d98237f4bb85d,1
4668b2715802fcb75f640b07e1783c41f2b0a91d,1
e733e50207765d5c9861db31af6c774b9cd6f2b5,2
5549d07da34a4ba597aab6064a79457618992c75,1
257ffe98b19bc2e54187ec5c612086e41f1db35f,5
2ed5937dafbc61133f81369f1311cb656cb8dffc,2
00c28eb9e3b4a4a996e7ad7fd391cdd07710d65f,2
63a7d42f30112027216ebd75010e3b5689182f2d,0
Marlin/src/pins/esp32/pins_MKS_TINYBEE.h,0
94bd6d52e9d7b04d99e3754ca004f4bd3acad29f,1
9cbab467b491dbbaf0ee78be126431abf6925f81,1
db7828504e70b301ab73524b95e44adc900d9bc9,2
4797f254284dd72c7e1748fdaa70696b22194a52,7
6bd541d730ae3b5bf7dcb674b2dc92c69e0be428,2
3591eb5d5da00d6a0ba55cad9f910782fda91df4,4
22182d9a983a57c48bcf34f71f4b71095c6151cd,11
1f61b743a6323886053b1cc32910bd925efc58dc,1
f0712744935b3af905a9fa3ddfcb1a5c64a07144,2
2a4a89d8cb4b1156b75d0c66db940b18b35b07dd,1
a9f44e37a94e448a58b0e41b0c2d540d2bfc14b2,2
af05b6e482493148363454e36be721f5e07cb42e,2
2b39e51a4009b8d1395d79cbd7c10dfb28b041d7,2
37f490fdd0b9c9afb6491d7bc0d6aa3d37764b87,2
c57f715d003ea2aac8ae13acf237dac9b7bff91f,7
Marlin/src/pins/lpc1768/pins_MKS_SBASE.h,4
Marlin/src/pins/stm32f1/pins_MKS_ROBIN.h,0
580c99ece28d99956a40848df1d0ed48e351b534,2
eaab2dea925f0da5b38fcec1c58e9b8806efbaf8,15
a7bd35b993858a7aef58652baab0735ba4812c3e,19
8d864d797a500865663cdf418591bdbb7406a4cc,1
61649aa3c068f11b00da96458d0819943baa15b1,11
220cd5a640a2257de090d26567f7477f9ffa918c,2
72f2657a0e507675098280ece8faf8fccc82d160,5
fb61a50e2101c88f58b0d743528855d3b7c75901,2
21257f7e21c61ed8f6cf5211034bfcb10f840946,3
8df61893c37b3b542b96c36207078e554f5d06a5,1
Marlin/src/lcd/menu/menu_probe_level.cpp,1
095f060c24bed5aef1c640f8463218962f5bb548,2
f5a5d7a62083bab94af8a2089a54644e65b35ad5,1
fabc2002ed385e6860d88a0fbc80b261aca1b760,2
3f264942cbe6dae3f2896fb1cba1d04fc6b326bf,1
3810986dba7c9d685b3eb809482e891f5a9f5b20,2
5951e646d0b90b7ffe6ec0b71473c98b72cb7389,1
d4c34205b5de9be56bc97d5a88de6613916c9d30,2
c6bbed7cdb8f55ad8ce6952e2408bc5fe9eac7ae,6
a531c01889c408fc40bdf1e2e5867355bfacd49f,1
0f0e239264937d3e25b0b44e557e8064ed820c89,1
fa55caed1f65973e0e8a26e0111d0cbf2625b861,6
bf98c16a00f2f8aa6767f675de2b485e2b8a05be,2
72603b627acdeae36c75932319f60e0ac3727f7e,2
284d07d4d8b93458f29fb1c95e319ac7c1f79bbd,1
09a290cc612f2aa013ee4ef4fe912ea1bbc4281c,2
25b9bb35ab8f5dd3d584f42f8f3eeafc225283fc,1
9e96b8985677ae10d9b6185fdd84f887b2fba900,2
92efc33acee6206fa3fb90ce06de21ec4eff5adb,1
81bad7b124b26ef8ac5bb3c46437ba461fe00497,2
1df97254cb1a6f6e3cd7fdbfad8f925452c80bb3,1
aa80cb0620f4c2393de76f8d78b2465e1e0e837a,1
4b6109f4e79504d3a562136644c53a9c3fe93d9d,3
70c30607697b260552b1fd8c99dea5220be86a33,1
472f1ece2aa0a654e37a35e4f3a6443a7d6dc611,1
f6c58c59c3fd2b3b317bc75b9216473ab560c0c7,1
e6099fd83f47415cf001080f4493d13a93121dcb,3
13af4e1ef15958cbe416c157e930947fe5f05579,2
4869a3ffd97a10f6122cbf1aa4920d6881b62bea,1
c2d0008d2a991b8d9a20fb8ee053e20561878062,4
68ae15e2df36dcd3d9bccaa3a86441c1a391b67b,1
91e4811534cf6fbf3f956e934f1383a2db5d7157,1
Marlin/src/pins/gd32f1/pins_SOVOL_V131.h,21
Marlin/src/pins/stm32f1/pins_MKS_ROBIN.h,13
Marlin/src/pins/stm32f4/pins_FLYF407ZG.h,29
d2fab914cd3430504c03855e9842bbb80f68a4c0,2
846ec6c66b3b581d017492ea6fbb5c5e6b9a787f,3
d876b5ee3cf62f858c5d7c9a144c3b637a478ccf,11
Marlin/src/HAL/RP2040/arduino_extras.cpp,33
98ae2ad60acdcd316c78aec4840c524bf3ea265b,1
a261a5b9a679d6a8fe6ee0bcbaa3e5af602b411a,2
a7fcb495e4171c6511d86fca2a9eb721b0870ebf,1
ea554a06094c63bb4685282af4660e395c1eff7c,1
08717d3f60d9eacc7e74b8d60ae38d8f4c823676,26
7b104a108f8b0a45ec78a10d9894bba3912896be,2
9133a2f0f5c9db9f98fd781748352e7e0f9da0d3,2
dff2104c960f232fcef2a8e5f9e0980abbe96a55,2
163ca2783f49a92dedc9f8132b400bab9081166c,2
16f28e747bf679ae564c23a7af5c062c5cae7c3a,6
3b7aadb3597f8f67d0f0c13f59b9444e537870e1,5
Marlin/src/feature/mmu3/mmu3_fsensor.cpp,0
Marlin/src/feature/mmu3/mmu3_marlin1.cpp,7
Marlin/src/gcode/feature/cancel/M486.cpp,4
9e8d561549e06211c62cbbea65a2c00d2f10bf41,2
b4a3e29fb629886f121332dbbce46dd65d8e8ef2,35
d2bda128abb4b08738d8ead651affc93e2821775,2
f8bbabfa3131f6c7abb23d4eb5bdb4f9779393b9,1
fc769ef023fa243de74bb32d9d0bef5ce0c866c3,16
9192ae52139880889bb2d3c653cbe6f83af10807,5
4c0e6123767e70d37c6aa9dfca50efe3418d8d1c,1
b9f7d721ed9e03ca8216c90016d6cc7082e13163,1
b43d6ed5d338795aa67bd2f6a3fcd234dcf0bc0a,2
e824e16a416fed9267d96ac0de1dd2e61d23f033,2
0b72b8d819604aca9107a14b4e1d5e89f108a905,1
37eb8bb1d5602dda007483efb36cbd4ab4398574,1
d2ff2adabd9fe54a601e628bc34fe1c03fcf80d3,5
.github/workflows/ci-validate-boards.yml,5
f31cc84c2b29d0b4fe22bb93290471bc15120b85,2
8beec5eaa5776739613f9e2c8810534dc395341e,2
4e41ff32e1e974f9cc3d615a670f7f96a57cc211,7
cf137cb73a074c59bd2060e70ff95759ae602929,2
d5cc11d9963bfdc93b1068665ae9668bd01ce74a,1
d62a631467994d2afa8914fa5c13c5c1c8810e98,2
d6c3f45bda98cd1da73bbe06c2ae9eab054deea8,8
Marlin/src/lcd/language/language_fr_na.h,4
Marlin/src/lcd/language/language_pt_br.h,7
Marlin/src/lcd/language/language_zh_CN.h,0
Marlin/src/lcd/language/language_zh_TW.h,2
81760d6818104e70dba41cb24e5fe52f12a54962,3
282f90c1b3a0d3e6d1dad0e0601a3ff5fa226b85,5
5de9fc556fa35233ffc9ee96727f7240c3e23eab,8
Marlin/src/lcd/language/language_el_gr.h,4
Marlin/src/lcd/language/language_fr_na.h,7
Marlin/src/lcd/language/language_pt_br.h,7
Marlin/src/lcd/language/language_zh_CN.h,0
Marlin/src/lcd/language/language_zh_TW.h,0
Marlin/src/lcd/menu/menu_probe_level.cpp,3
3482e9632c6916922c7069a61b7d63d5de9b4268,19
a6493e0cc8028a827f698738add91fd03e6e2de4,2
a08a7b3459613ddcedfcc463db368f284d9fca9b,1
bd4936330bdb74ac6b7c64140379265cde233835,0
Marlin/src/lcd/language/language_pt_br.h,1
4bb33a0cb98fa0ab6fe662689fcb25d4e47532fb,2
83e38b3625af5ab00435cdab64ed930902609e12,2
5b7bb3ea641ae0be4f248da7464777c56baff50d,1
f0b115a9993c0bf6eace56ad2b8c2d7944dfdd8a,2
cebed347f5eff3a708bf228e845d972bf1347c4c,1
a66b22c4f16867c345a1256a808437d508485e72,7
fadaa2db09e8346428eafe4178ea8fd83ce55f66,2
f8954ca79b8303b2c53cbbb73ad8828eeede3562,1
4a3f69ad6d3829c4719b40b8a1d7a0bce3286c75,1
4bf13bea42615de60a2c2905f50f5af1452bd0f4,6
3a6bd6920e445a334a95704453ee310bed0c367a,3
Marlin/src/pins/stm32h7/pins_BTT_SKR_3.h,3
70ef7978b418691904b1fe70f6c1009295eb5f7f,2
37bc552f3bf038d1238dd4f65f2c0dde7fe724c8,6
e310f2027920dda5ba82b44549a0176912c7a687,2
4708635f4f38122f8c7e0a03433b682f6fb87b77,1
f5d5b0a8818f5deb03cf71d684757bae9eb1ddd1,14
30f5dd339d291dcf7685eda7332f7321c9d2a5c8,2
556d716919ecbd63974be4ff93833fe69704812f,5
Marlin/src/lcd/language/language_fr_na.h,4
Marlin/src/lcd/language/language_pt_br.h,6
Marlin/src/lcd/language/language_zh_CN.h,0
Marlin/src/lcd/language/language_zh_TW.h,2
76afd5afc10af29258c77c7751350d9b89c82c95,2
5c3bc2194a332751eed5a7822b51e79fea5bafcd,3
763cd7c5f2b5e74280b6f89af8294138027514a2,21
Marlin/src/feature/mmu3/mmu3_fsensor.cpp,4
Marlin/src/feature/mmu3/mmu3_marlin1.cpp,10
Marlin/src/feature/mmu3/mmu3_reporting.h,20
11046b23a92cbe3401dfbd370c295df0a17d923d,3
36b72926f3b7bf534691ef651f8e40b043dea41f,6
b35e16b1d87160b3cfc70f14283515dce8e8dc64,22
buildroot/tests/STM32F103RC_fysetc_maple,19
767c87810bee492c6cc5a2611b8f08c2a295926f,3
52b6c45451c7ffe1c8581d5defcb34e7c0e21981,2
df5d08aec0b90aa1a77dfede9174fe254d5ebccf,1
8c61606691a52298236811b6cbacc965d8c1f9dc,2
e70bd3c785418171082b9c46c0c598bc135ed865,3
83cc9832767a1cdd9e079820f535165528840582,2
bbb8275d66b0e5dfab8a37a84abd33a18d576f4e,23
2afc2f268aaa2db98c9666bc47b573abfd6742c1,1
aa44542f766b0a1ff720f2599ea3d043babe39b3,32
248648708f5a87db77ded91da0714844410647f1,2
e2c0150fa82a9d3e730a28236a4b83a3a408e12b,1
4ef53721512776eacc28a0f74c9d158cf8246ad9,11
a9237716115907b26be4172b495364faf580a426,2
74ffa0cc3efd49cce39cb10a290656bd0f1fe4c4,13
f2d585ac7f5dad29aa57112ea327812f91924088,1
80cfdb182c4ddec75c8177ccbd27b8a882a2ce30,2
39463268fb548c111cba682ef029dd26f68a27c0,1
a7b3989bcab75f78e3080c1f6c17569b81b9bea4,2
829212d76afe56c2476a2a1ab4efad112f441848,2
0de4a702030f77c0e763cd579cd0b6f4a24afa6f,2
febfb3218e931402d7d63737f57a75cf1c60fc96,1
4da46c5dd2a8f584d3ddb549934180596a72fac0,2
353ede8208e053a5dc39aa12480d6c2079f08067,1
09de5e76a7da3f4726cec3dbec09c955f1b8e4a1,2
73b6ba8fe3216fca99422b160a180d1224bc996e,3
72b09fe4cbda5b1c3c9b6057f209896231bf868c,2
e5ad13a8e2f12cda45ad2b496d3e6a145069f623,3
b122e46adbb97e4a0b0ee45b081c4a7eef465d77,2
1a5866f5c63d14853bca69a74a6412ec0ac682e5,1
c7e62b33d1441c16f0c667557331e6865b47f574,18
Marlin/src/lcd/language/language_el_gr.h,5
Marlin/src/lcd/language/language_fr_na.h,5
Marlin/src/lcd/language/language_ko_KR.h,3
Marlin/src/lcd/language/language_pt_br.h,7
Marlin/src/lcd/language/language_zh_CN.h,0
Marlin/src/lcd/language/language_zh_TW.h,5
Marlin/src/lcd/menu/menu_probe_level.cpp,7
1916d4e27f064608e032eddacd792256beda1ae0,2
ce55a7bd9bc995f7ae3cde11e381df09ac9b04a4,2
540120f8633f5d26c588add33077cb17b0f91a4f,1
b99a26d6ab1179f5bb8c26f50ab17cccb3a806fd,1
6528109176f455850dd72bb9943cc2c1adae49d3,0
.github/workflows/ci-validate-boards.yml,5
b94a0d036c843b59488a4de77c1de8cf6e9e5863,2
7634ffe8e569bd3e1d315cdbc675f90d6a803623,2
8bae8bbf7a8f805cee6602024ba57ad28a22613b,2
5ce013f414a0d1493e831428e1fa25a9d446d561,2
da4a374b49b01b51794a7d2842b3a678fb5b5d42,7
Marlin/src/pins/stm32f1/pins_MKS_ROBIN.h,12
81b13456b148614a823813f12922170f7050e16d,2
ee35fb07b0c3d3b1fb5f03bf83120eed17628b93,2
99c991755a84a374a14dfe2dedf3e73a11e8a072,2
a96ae85d885d59ed6d0f899154cf50c789c83aa5,2
45b9680c57f36fc7cab1ccfacf3ab5eb63097242,2
83cbed852791805da0417f930cce3f2373b2eca2,2
d36d9cb5068135cca082526fd304f2ce091be405,5
9e6981ea601a70c5ba77d6fe770b2f1d7501f6f3,2
2c6f8a30f3b06a5a9a5343af04ccf0531ddc9698,6
17a5a1f97dd5c43457082843f2408aa9e995879e,3
a0815deb9afdbb954a044b603c4b87a6b84ffd52,2
76a7ab68933c3188710b25ced2977ee1454e46b9,1
7cd56a57f96ad270419e84198deec4058bc0ec99,2
56e2b60e6de86eeda74c1e83b305732a97acfb1e,3
8c15a093fd2db82effa62944072b994be4bd3c0e,1
7901eb97ad06c81579c175b5af871fa9e28af5c3,1
7aaba66d4dcc2ece2a3c7732f62b99aa1a0ba9e6,3
5f0b9d429f6a7859bddbf592ac6eeb524ffcbb1d,8
d34b62eafa67b7a8133123c288bc14a3f077aa81,2
3743980192c7812333fd8e650ac41dbf6444bb0e,2
41d53a15f2cd5ced7fbe256f3c524c8add062353,1
f234fbf87f516ebd08744c466f0e0891d1b689f8,5
5c728d1fb1820bfc3aedef77fca3331eb0a1c884,5
162ea818947b8ffe35f9cf0eabcb65dc931adcde,14
Marlin/src/pins/esp32/pins_MKS_TINYBEE.h,5
97b9fe83eeed3ecc1ec27905632531c686fff63e,2
9953230550dd41c0a0c1717313de4c11e76ebdaa,2
80bd10025bdc414e61cac8c934b582bcc8c2e1c4,21
0876bcd027084818ac94eecf1674eff93be373a2,2
3d7ac162fbb84749cd02e18fb164ccc83684e30d,0
buildroot/share/scripts/gen-tft-image.py,0
68a2459808afb1bf21d3cb820607e7eeb0f8a840,15
21fddc1cc8efec2f74984097fc0e541b4b65b553,0
buildroot/share/scripts/gen-tft-image.py,0
528a1ad3e04f1189651e4de764affbc48c403fe7,1
buildroot/share/uncrustify/file_header.h,0
buildroot/share/uncrustify/func_header.h,1
dabe3749837230ccb247d571c26a1d8b441fab53,2
8ac0f1479648649c40873fecd9deec7396238f82,8
934fc52d064731df1af984561d1dd564b68c4d7f,2
cf46d1880cb4f47906d2e0aa0bbcdede53e4e0df,1
4f159a94cd4cb368fa407c82c4a9114f7ab2f1f8,2
b53e14c7f8709fddecd365c191ceb7f4f2ac4fdd,2
94e9f26544d77d22c67a8973a4b480411ecfe7d6,1
9e87af70b7fabe964f57e126b350e9432f20ef87,2
fe56f5d3a679a68a1c9b4e1aea08ddc232078c88,3
90e5826256018b351e16fbdcc3dbbc0073343ccf,5
bb73c335a52f629ee75697e87efd5a4a70fc57a1,3
4c1f76567c9aff79bd4683df63743cc1a723ed16,2
d193c814d3a00ae53d7036ade200ea94f7c8b474,6
2cb252da4a97d31b4affa8f05099448b650fcbb0,1
9a04c32f7fb9fc7a764f697f8e2a4f2faa67ddad,2
3b8e9fdd25311a12f21dd8a1e1095187e6da0db3,3
e0b045da49de708e4fedfd211e5dfc038e944d5f,3
4220491a235a5167a150614fcd97c14317197f97,2
3abe1fcf20fa529c72ce4bc508a5a921ed05ef2d,8
02ed020f3f8502d374e7bbc9398f6f1e8ef92b44,1
934ac24ad831fd5ab131f17e6413669755835cda,5
e2d8b2fc26b74af150eace5eb5e965223dcc6e2d,1
3e8483d3898ee96a4a891875cf2dab09203dfa98,2
a9c529f00421458dfc4a1b5a1d0360efa1b350a7,12
Marlin/src/feature/mmu3/mmu2_fsensor.cpp,4
Marlin/src/feature/mmu3/mmu2_marlin1.cpp,10
Marlin/src/feature/mmu3/mmu2_reporting.h,3
Marlin/src/feature/mmu3/mmu_hw/buttons.h,37
a664587219649f951dc8d18f41a57558be6d4b8e,1
1619838592e6159924146f537536f64a5924a8da,2
98a33d37c7cf255358baf93f1315db736039798c,4
12a2e5ae1b6494722a7f541845139ac19424a64a,2
9b472a02e9e34bc7c2ac627e2d765c23ae0e418c,3
c84bea7110f5c4fbdff72ea89dcd9846179fe841,1
20f71fafa7eca9e4697e5e20a10a817a811532ee,1
056e5a430e1236b56c1a7ee849b2eacd89bac49f,1
21a604407d6c3e1fceed2e7be3c5b90867ae5c67,2
deb076b9cd5b80f13675c0c5d16c2f8da219fc88,2
b8e2ad9d8f60d3499a5a0b17ce58aabff5a2a8b4,2
0cd964395722a069ffecf04ddfabab73f40d5f7f,19
8c78315f71a7c9fa15f1a3491ff52c487265f364,2
35dad3fdfe37866c0a0f77bef14f2a555d4cbe0f,1
bebf5dc6ab814692a94c68ebac0984b1b172972d,2
2fd1c48e1a6617ab0c747de800c53db97933ecf0,6
301727defce24df94b1564770ffb1d00d9f3e1f8,2
1afd53a933c55a59c79a4e20df2cae78bdbd5417,1
381aeb94c6ee0449be7d4553ca4b58edd172d446,3
4a36520820558be9db71b25db260bfcd4bdeddb9,2
430eedf5c09fe48b1e5ee470f57d7cc5f13b017a,1
793a851d10365832da15bac30243aeea5c8ab6e0,2
2d609487acd16e670f8e077ad8f1b9716b15b874,6
295f50379febad7185597c7f721df8f541569126,8
ecfff5099ad62b9331ecf0c44ebe619973da31a2,8
986344640f186337d92e5e02b55953f19ffbdd1a,16
69f69606e6759b3e53ca05f7aa8ed62eb9a4b34d,2
2aa2e5487a2b65ca46019d2718d587777c28405c,15
23d9020a65ca790d8442e4fd27dd138c8a290041,2
43d9d1ce1bc708f178612da0baa972c2f8fbe712,1
ed7f3b21c06c5343e48d469dda0580610de2deca,2
b062a3b2260e62570b83692298cfb1bb7c80bdaf,7
89b0143b09aeb617d17cc029d3bbb363dd1c857b,14
0790a9d5df30f4a6a5990482d78f0b5c85ec9508,4
e05ac66561cfe750e4e9860bbdc2887eca3c72f8,1
3b33f7ec035734e95e64dcd01e1d9f3176c04946,4
b94c75bcdaa3af25b30e5623fff317c3574fdc3c,3
8dc8906d7851c3c9d04b201de6ff1b5011441947,5
ab684dc4849a88b241a5b30f74dfd772561e3f9c,3
37fb26b557ea086678cf7f759e384a2f6bb4e638,1
7397e5a41dcbd2221d65c6dd0ce1ffca8e4ac286,2
4a9d380117312e707723aba6e49e870c5b18cf3f,4
Marlin/src/pins/ramps/pins_XTLW_MFF_V1.h,0
0ec1a5430908e0d8aaeb0d4b181fb4f9b97d64f2,2
ab6e68c312f21dc8349c8d8e5e961b4e734cc0a9,41
c509603530c5791ae507cd7325f5b2df641816ac,2
e5ce65c32b0c7d4637d75768c13d7d673d1f387b,2
851257c44bb3b7ac22c97f50905dd0c700697856,2
1662e953fcf9e1ee4c5005480c48ddc8b281ab61,2
dde89795c90d50701b5ea886e1f84a1a6194e35c,56
6e69ff93efb7f54c610b83d70ff0190b473bdcf7,2
01b7d6c413e0b1d3d5ac15193f9b8b261e53edf6,7
58398832a1f1dd7820a3929b39043f5f6f341675,1
29469a06157526e58d6ef4e8eacb4c82410255fa,2
b4dd20c0eb3b90bde4eaa25466e00f8be31c2b62,1
eab13752dd870def3aedad2bae8a72cb355587cd,2
ad60cdd03067877bfa453a0b18b2dd044802b55e,1
78e111a4d04b3e64077da769c03178d6185f69f7,6
5558729562d79434c0f4e70e9797744b9203960e,2
2d32f7c377dfe77e82ced96a5cef13e0713220ac,3
bcbdac6f6c40cb3772718d10bb60b27aa04fd7f0,2
acc8bf1c794c3c5964fd77f01feb68c1fca9cbdb,1
4f107e9feedb02e92d2c816567da605f07707253,2
7844f3fa4fafcdef0adf8c5fe2f11859a8e1e3d5,1
2f3af438ee39bce9589b87bb8306a915f66e376a,7
4483aa5b459375712b7114baefb466f6c2e12578,2
20e6b6315e809b4f63223a83821fa60fe12b2406,1
ca4248bdd5656d54174212ff84c974e2b7c74803,2
4a5d8ba87ed8953934d5e6fe7d5e7e1e21e783b5,22
7a5d849857fa6e9b850676e15b7abc87e12f3dcb,1
95c23e55a440bcf852a0248e621eba9e8352894b,2
94ce0d24d6ed84f78e5ff2cf07e6e3be7de8a0ef,3
cdea1b84607f3f9c9ffd1688de88efba7efdc022,2
cc122bec8293f5c49c7a07f5a90a9c0448a48262,2
6afaf0034c708563e83a7037f66458e4a0bdf847,2
7f0d7e760b87bad296fee946b9afd2f6e3925f28,2
69004322f66641cc201811edba2a7f7d1eadc07f,2
7441094a41728a9a2b32f7273e1c4112069da651,2
29a5006df94e9b7f7d329177aef93629d491166b,1
1aca038daf3071dab362f39857698dcef393b575,2
ce92eb46ec8c2f70cebc4bfd3060527bd870fa94,10
c852e9c6a1411498c06442a87d90fa339e04a880,1
2b8db0c2e20d0c077cec39b7c8691a2bdca94003,1
74f297c8716d90fdc31630c8a029b5d74dd5af5a,5
76411392b79966e00a7b247833e26fa699a50b26,2
74c81117c355612f40061cc07fbad8a619fc5677,1
6f04d8dc7777b2d7238f8b7a3481fefcfb3f5598,2
ade05c045ef13f0f8a557ef0588a6ac6a80a1ab1,5
5140726c7076a6ed373bf3fc8c0fbaec1ed1dd8d,1
5334a8f0ed9af2ad3c09ab492d6cd44119981bc5,2
ee99eed3bf9f5d811b596058932b88d8ed5298a1,7
9a5f1d2f516f58d7ea6d2a5ebc381686be76b750,3
170df9040b47c46b0b5c4022c3e0d2cca5aaa69c,2
f0bc4274f817166fcce82949d94330bd1c441c15,13
20a704b1545cec61fde66d76eb7fe4c49f76a185,2
30a70c480c8d3fddb8cedc83a06370edefbd8820,3
Marlin/src/pins/ramps/pins_XTLW_MFF_V1.h,0
Marlin/src/pins/ramps/pins_XTLW_MFF_V2.h,2
1d5e9c7deea49eda7db7488ede131dff454526d0,2
b8ab2d4987acb6de816840939d3fcf22315e8458,1
ce796cec97448c8f965daef7dc739f3e616b64bb,31
ad4de747ad5373e0cfa0e116969bbbcdf7ce7a17,2
95c1b7fb31b1f22d6d330fa8ce7432adf6c80d6d,2
29b742cfc4bd0915e2120016eb470996a4052c3e,0
Marlin/src/pins/ramps/pins_MKS_BASE_14.h,0
57bda2ff3bd18a23579dc03bacb3025f7e36359f,1
228179e09bfbc3b13c4cfd1a6cbf763fa57689e7,5
c961f3ab2b5abcd6efb6fefa9522003c0aaf2809,2
3469cb9d24846494c6ea60c59e10d290bb1e7e8d,3
6c09b83f301fbf6df1018a67dee595d240e3d33e,2
17a1363f4def87469a7f1b5a853b1d744fd9adf8,1
115350317c7726e9c923dae52d9a24ca2cdcff5a,2
44c268216858393243e0773ffc35bb926fb816c5,18
8b81aae8704512d6c77f09e991eb77c800654d2e,1
72a2699b10a69476205289b8d1154bec3b54f9bb,2
b7c07f13293cd0cd1e8ddd67801b168f509d9721,1
2b9a62093ac785d6c68ebbf8fde9a9254b8164bc,1
3385b4c280befa011471484a0592946d724b60db,1
7c1f82cd9624fb61658f9329d492cbb29827777d,2
9ebfdc4a869726742dfa322fd8089378d02298c9,1
586313c2fb57020609605c0981baa21141e333a6,2
571783fc04314b0cac57948d343690fc1ea10a06,3
4af5229cee2a2bb49ae53d76fbc145fc69d802c6,4
e0dcc610da359d180d6b820d0d6ebea52ea522b4,2
4aff10785ee96a35eb4777c08b81722a59cecf68,11
d0e110d6660453bf061c4118212879847eb4294b,2
10ffb9cb68b1e21757c17fd3c1958eb740caa260,4
b303bb1e562a9a625ec960172613b48c4ac8de59,1
e6a61b182fcc5c7b62facf15dd65346ad06c32e5,1
785b1da021a952b5566b2df82d0e0b71fe8c9f61,1
a4d20031ec730fd6285b9877d675f544fee70e1c,1
3c601457929ad1656e9dec49250479e0d1f9d89e,2
f2940adcf1829969f626ccc06af8fd7c948c2127,3
b5b9cc0b79bc4738bdff7502502ca808068d3db6,1
1d1eb97567b997bb2d1b5b502891978f24201420,7
0103cffcd02493ca412363d63d13204262e7ca4c,2
6fed66dd428f46d073a3c28f6ff39b13c86cc65e,2
c81416438d5a4779b1bdb103e9a166252b39ae96,2
c95825a0ff58e8b9f8cced4a93431c4b70f89a86,5
b6284c9f0136c6eec2cee65854745374d5aa0e11,1
f84a97f51c789a6de394ca12a788938caa3c0a76,2
563296fc8be3fc08d646473bbfb6202966414eaa,2
13290e798b415664100e23cdcac76b268a716168,2
96e3dfed4620bfd6d2b1a8e9e63f39cc23634630,1
cb6fd130ba21fa4fbca4172b3082a37550e8b9d9,4
11f90de87364656a851b4d0724f144396dc5b144,1
9240ec89d034632443d02baaeb140acc3134c67f,1
8cf2a41f81c779a1d5a8c0e239aa5fedf6dadbb1,2
1f9fc665ec21f95666801aa4fccc4f4f71932018,21
bf1995140aa7e08e90118c0ce77f1dd9b7b7db64,1
7b21cd5d7253a95e1a65760b4817d7f6475ff280,2
37fc32d972197756672036509d0404f297752bb5,2
9a6d4b5e56e8dd6c2dda4a7c510b4ed34d19835c,7
1e0719dac5ad75dcaca0f86eeb575bd72af8409f,2
f2248f79d3c4a3649bd9a4b9d6abab0f94e4af94,19
60d843b540fdc886767180e62c4a1f0d33a27f3e,2
6d7d28155981c0a1617fe00ea8ccd4049ba55aa5,1
b3d462b890b4a54b710e7b00f284ba7ac5294bb0,2
a7444021c6d31c554cb22e1062f72033e5f21c61,1
a93acbd35c2ff6339a5070cb377618f73c35dc1f,2
d978123289943236b937f126e20ac2c1c17bf02a,2
ee8dada7520e6f00b4281ebe9cfb664c7c37d9a9,3
7bc6261d2abb10142a6aa55208a33201badb9973,1
013c3bcd82a53f0850148c5633c72bdb453dff0c,2
2fc86ad836b20570280f805396d05d4d636e4157,1
082dc248659c7d9deb6209a265908c2ef18f595d,1
d7b6acc03d03796e34ab0d293cc8be88b4657fda,1
a1dc2856def0ef84da387198a5fada88052f81ca,2
959be66cc22611bbaa8eabafaec308dbcbf3b03d,31
buildroot/share/scripts/gen-tft-image.py,9
ae2843940f22fe67e892981c6bdb46afb55dc4b4,2
611ceedc1dcd5e4128a237350cd4b338dbcb63b9,1
38298076d69e74d5e5e720c6b07414f068904bd4,2
1f0b8d6cd8856dda69d11e7e9ea184d01a6f5de6,3
e0d683baed7c915533231cb87dc62fca48bfc5f5,2
f4f75b6b1298147aad79dd7bf01fe2124666129c,1
fb6dc90a85c746b3b195a5e5917e8a71cdfa3c39,2
b99391c81051a7c950eab01b096ae45162510e8c,4
d9fc4f3a9937cdd366793a67444dbf5d15ecfd2d,2
daeffbc944e906554bafb99d39be871830137055,1
87dde46fb03b0919e7aa2fce287120c50f779607,1
d96c6f867d2174d4cfc560efc65a3666d1cf6ece,2
1f2e6d5434383d5f1d9ce22212878321f731f3c8,15
232b989d500dd01066bea342eb603a33b73bf7ce,2
d38261c9084a5036e6598d4ab15da3e17447f3ad,1
3075bc3b7b09a8e9e6132ea2af3aba6bf815ec63,3
842d0b1c9f5eb40d2743dc3de347d476f60d85b8,4
042b238dd8b54d75bad232bac0733251f8adfb11,3
c30904b6318c6b6df2ca46d15335ccf7dd641806,6
Marlin/src/HAL/STM32F1/u8g/LCD_defines.h,1
225a71f4cdfb58bd450171b5cbfea9f9291470af,1
1d29a563440e19b839c90786c008a2169fb1e0f9,3
320e00267d31a3c65291a84005cefa0ed5d06c53,1
9869629b67f3a48b29c225b06bff22fcfbe8f13e,2
3da78e85bf9aa9b7f2ea9de857ac75b832f83786,5
11a43142614dd2a1c93c2632d984f6f833d6f7c8,2
65c19f82b9827604d1286823a655d9ecf106b6b3,8
0169cde8a43dd7abd3fca53619eccd7352fe77a8,2
ab0173b7e6843f1a6328658e2de742b3bc52ce1b,9
95f81d25659fbf05761fb817cc44f4e417b0e562,2
9c922f0eaba29056492273e696bc9746092d0471,1
35a03d66e510fa37a4b0cb0d111056b89bf31521,1
a4a0887fa79f096e38b87f50f01b3995d0874234,1
e7c9cf3e1db42f90ef2b355b86faefe91b809427,2
6710616a090d66d73e4dc6b09f38f86ae63c50f5,1
2064c83c6681afac7dec636ce361e91b8ecba76b,6
2e97ad1f4b46119bde471484058afc596a03b2ad,2
4f85f88ae3a8424b17b42c59f53e09647c046c0c,2
181a57ae9b1899d2c7fe4170827adcff1d569bd4,2
3ee1248cf2183ab8e733fb5a92d1e85728744ecd,1
68c3916d46cbc8b818c673dffd2722f34351cda9,2
e3bbacd8b928a73004494b216aaf8655b2134421,1
f9153712483bf6ad3322de3ab4adf5c55bbe47a9,8
ea848aa891808c27d0fc0039a93bb454cf81daf6,4
5157849c60b4e0410e5cfa70eb6e43bdce178728,3
Marlin/src/lcd/language/language_fr_na.h,6
ca31f9789ef56114763f50391f775cbad53486df,2
78d3cf1de1a3fecb028ea9d6b2ee782e33341142,2
521e7eafce4921a36532e0a89f2cc7417c2c4e21,11
Marlin/src/lcd/extui/dgus/dgus_extui.cpp,5
Marlin/src/lcd/extui/example/example.cpp,14
2d78a80cf66600e75d73ed8fbdaee21835231b19,2
5f32698da535879717d941dee05e6bd42630bee1,3
18450560142a30ca33f1488e6cac45d1267b2ec3,2
0b8ec2aa74a1107625f5645ea602b2ffa3a6c7b2,4
578bdd4b206d33ccd553e8703c6b82020442bf05,4
6b6865d068c2ebbcb6b56c965807571257d50828,11
6c018eb7703d9c859a065631553bf2af3ad1aaca,8
5561bafbe6b0838a8b3e1a7369bf89a37d3788e2,4
75eee04972ad51f48e517f2c2b065343eb42ef13,1
ee1d1faa52ff284d1249932e8fbed4119b3088c1,4
dbd3e1095924ec92a39d10fbaa3e130a9e211363,1
fde330af5a4143affc8bbc74af246e8bb5ac9c46,2
e8d953257e7342a83d997721fe946268e7fd1479,1
cc86e9ecced5de09ae870a36c9cbb2cb80a868ca,1
5a6db519d6878da3d513865a8bcb43daf7f5eeb1,2
98d09e530458c7bfaffa15c9733c0ab2db199a42,2
d87a0ea7f7b8d8f1517cc84632078be5ff6c4936,1
0e2bd069d4e0ae3cfcc5a15ec86c865d4eeef21c,1
feca9a33d5c9a06aa3c0b878acfbb8a552b70c1b,5
eec1aec071df9ef2a78d577d0f6b4ed76cb6c6ff,2
a97d1088f0042c2d9caab8528e1a80ea43274f34,2
a7317de3b43f4332d79c1efa45e6fc361c553acd,1
06762db050399137796bbd192b94ed9da4a77e11,2
4f3ebea3a6e7eb0998cf5afb610dee8e39f61583,1
fa88e0f054e0e4b71b3319161131582678e6d08a,1
2fd7c2b8652a3250e1eb1dbfd96991b4b11f6257,4
ef0bd975cf13ca1f8c27ea720df4bf09f2c8692c,1
bdc14ddbd7860586af25a71abfd134f793b1954f,2
383e6f464650f91b2423874e90a0411687cf8fe6,1
e37415c95b8b0a4efa67ab658d45dfd6786bc0b6,2
a33112a4c028bd7643b87e100a16d35f2327df91,1
7e8007f0241afb1c3982b414817cc40a2f9b6c56,2
f320c2a455aeeb0afa629b2ab295b2043d7d799e,4
6eedeaedaf347beb12a4957adf95ed04e7592144,3
6b5e19cfc4157707980debedbdbf9740d6b78f3d,1
3dc437add4d142b71ea0684848fc1b73e4245a4c,10
5f96dffb9b50baf1e730c21405a573ad45b45e7d,7
6423b8031deba6c7a1e21279d6c468c3c33d28e6,2
bbdad79ce54850c55401775f7e659cd726b2c396,2
a2daee8f7ac15b16fcbe8f4eaf25c1f562ec4491,1
909e3ad11666c35dd24e78bb55235526f8fda1a9,1
556616c4f0c350006328246dd0ec6c810e2e0f88,20
46e426ce9648682b1c59b75b4eabb9e647c18b05,4
Marlin/src/lcd/e3v2/proui/dwin_defines.h,2
Marlin/src/lcd/e3v2/proui/dwin_popup.cpp,4
Marlin/src/lcd/e3v2/proui/endstop_diag.h,0
Marlin/src/lcd/e3v2/proui/lockscreen.cpp,1
Marlin/src/lcd/e3v2/proui/meshviewer.cpp,1
Marlin/src/lcd/e3v2/proui/printstats.cpp,1
f5f6c37c17edd6e710bc48578aa325f317d47d51,11
08fe8a3076c21f881f151bc596e54ff24831bdea,6
dabcea991f51172e1359f4328b1a68a0e872dbeb,2
4a5bd47b6a8d48f6c0045399e667f2c521faa213,4
e5742a98dfb3e2a76416834b692c702a9a9eb84b,2
774cecc3b4acb32e3891ccd601e0345495c94642,1
83b7e32ec4b762f1c637d1f24d9529498f468b71,1
a22155bd96104d9040972e43c720668230820359,2
1da947f54806437fdff84adfdc06f48d2e3d60a3,11
a3960dfa53394f9d105cbd23dc260ed81ff884f4,12
bab1917311877025f2d387bf009fbf75bc8c4f9e,2
49348716f538a16f7232efb0eed5d4e01d5a1494,5
Marlin/src/lcd/e3v2/proui/printstats.cpp,3
eb781afe7b01d510b58abc4f83b767ecc61d6b84,2
39f53c3f8c7e54b7c2220af6f4d24787e4daa5d2,2
b5307aaaada7a469a9e607bf399721a66e8b0efa,2
f5cf667c95e2e34130611e09e74052859f249214,3
737095f85283321b6237a047c2cd94bcedc8f06f,2
f56952c9e6a3db2e8af5f10bc0810160bfc9e9b6,0
Marlin/src/pins/gd32f1/pins_SOVOL_V131.h,16
ca5a7be5e863e051baad187050e70b917e8165ff,1
582c5a36d71e8987a219a0fcbf0da7402bcff39e,2
a8058729cce62a21865543e2035e1af3f7dc215e,1
Marlin/src/pins/hc32f4/pins_AQUILA_101.h,1
a2f024ffe3e9929526404fe0f271df9d16023458,1
e1d65cc5e01c623483c8c8d15bb5ec907a0b05ee,2
75cda8d191aa27991ea98758de2ca0e727ab0273,1
af8dcc6ee8cdc86b879ce7bc0ee9d799d5597270,2
2270bf41d7529873ec997e8842c44045c10ef9e4,1
489ef6e5e1aaf94e1786c50841143c894efe6c2c,2
cecc7458440b17340184f9508d0c9da0747ecc72,2
5366362e47daaa85fd819d081843776c98ae059b,2
a1ecea60fdbf4f930f1aff236900b642883dfc6a,4
882421a03e9799c8389a9cd27613704c000f23db,1
a36f72e886eb9a8867043173d109295c9ddf2a47,0
Marlin/src/pins/lpc1768/pins_MKS_SBASE.h,3
247e989377fe7e4a81e5307c1ffdf7e9930c0855,5
91ae676b9bbfb45941758e8d837818db59d97bcd,2
a955e06259fec45d724ebf6b503c5022bf044130,7
31683ce35b7fd5749da71a6d9b687ad2b7188504,2
d773570cd66997d56c1470bc4724aacbc848f3d8,2
556da2b3fcddd9c5152542a0f5250df0136760e7,1
9e19a6efe101b57ce0419b16318bdb26acbaf27a,2
f433b2c4338294bbe3189b58d6223a31a2bebb96,1
bc0d7d7140abc61c89264f718f0797046dbff022,1
24f8831021ff594fcf2fabd169d46bbc3cde5316,2
9a8fb80eedde28dc4a32634be4ab55c44a059371,2
ca12459b9c014c88d57d0e2178b64f9e3a07b1ff,1
e1ab911c356cb5b0b449fa4e6379dbe0a483c7a0,1
58d4494365df50927442ab78b5147969be697575,1
d502e5beaac79b55553ecfc706653805f74d5599,1
b4a95db7dafaa16901c682f648fcdce4e7763929,1
02ba6f9f3a4be9c38e16c85a56fd33679ed5b772,2
dba0010607b9c27722b2df79c75affa1b51f0e81,3
90667f611410cce5a3771f82962af16bac695622,1
d6961b2626c1ec6fd3d3a1b094ef1d433503ca7d,2
07ebb8171f68919e984f5d4f6772f3c9c35a4601,2
245db739291155a48de777ebbdb4023e8975b61e,2
9342dae8f04cc0e775515ec903dad1357bd7c344,4
Marlin/src/pins/lpc1768/pins_EMOTRONIC.h,1
Marlin/src/pins/lpc1768/pins_MKS_SBASE.h,15
Marlin/src/pins/mega/pins_GT2560_REV_A.h,1
Marlin/src/pins/mega/pins_GT2560_REV_B.h,13
Marlin/src/pins/rambo/pins_EINSY_RAMBO.h,0
Marlin/src/pins/rambo/pins_EINSY_RETRO.h,12
Marlin/src/pins/ramps/pins_MKS_BASE_10.h,0
Marlin/src/pins/ramps/pins_MKS_BASE_16.h,17
Marlin/src/pins/sanguino/pins_MELZI_V2.h,4
Marlin/src/pins/teensy2/pins_BRAINWAVE.h,4
1f84f50fd8a4c80c9ba56f2e61296e5790ff328b,2
3326c749f85ddfab6ba5879526466891f0e598a7,1
02691060664b1d582ed72c207d0062bd7e5813d4,1
95d38a8e543bb6781184a735f1250280670e138b,3
dca6afc26efb860e60e8c47c2390e11f426dbe16,9
19684f23bc9b4bdf1f38ff353f8b3546789b07f7,1
52a561399eb5bf9f60106e0fa6a74a50e7522e5a,1
0683e8a9a3fc79481376c82528d6850c01ec5bd0,2
1bb4a042e26af49602816ef33fcd2f3f4f728329,4
d10861e478d60042a0836e95b8a22e7b68a1d9e5,21
cf7c86d5815e604a7be13f570761514d5897bbd4,1
d99e150097ddfd9cf369c4643888622769e147fb,1
9e88eb6100a30761bde51294814c5a4ddff72278,2
71d9a3e1dfa55edd5ec737a4f4ca82e9f2a11d32,1
6575dcc803d71b38cf0bb922f8d048c867142db7,1
2715e5ba1b2015b4e25d4b5c27505e753d2aa4d4,2
9a570b23a3be455e9bf5f2a5b8355f42c0957ca1,2
1b091ecb874bb873c12c686746084e6ee71b056f,3
a75a5f8b2a5fd163bfc2710ef649a0cf6f65e6a6,2
80dd02fbdb81e149fb2e63d76f3a17c0a6537a91,2
e6755450df46870c961f8d675815da1415d6436f,2
9215bf791b015a8970c3ca54188f8145ab0cc263,1
311bfc99f3f47292f5d4d5e80f29be3de58071a7,2
a3434de2e62c31c40baa52a68dde06885fd18ff5,1
2bf56b00d4752daabb2afe048b2e07448cc25e78,3
c31d9e717b207d1fa59ac942475ebcf15c1a3841,1
d9d7820b0df60553279c6be85f0b0bd8d2d648e4,1
9343247e075fbc11e0ea83670f92543e2b1245f2,2
351a1a1332e293b2c972ee42a026e7033ad2f760,1
7e9868d762152b9321370cb42629e8d1899de03f,2
d1cf817660a0760b1de37f6f42b9619c128c1a0f,1
c91771a51e32dd490b1298fa2eef3af67f033553,3
a337a43bfdba816ae641102f2bd8306b478785fd,1
77f93e0b8c5c983cc7ba3f56bd6fb1954fb1ae18,1
7dc7195696bde1405ba8b78b18233712bf72573b,1
56773bd80eaf726bced653781a8b27d22251f58b,1
1dec9831d3d24b5a2eecb1b1f454456258fd85ad,2
390f1f7c69f6bcb41b7e179dcdd45187da3bfec3,1
d30fcb8fffd04dd7ac6d67719902471a6cd969ae,1
17dfe8edc9239a3c0c213b5ad9d7bdaebe4125f7,2
7b6b6e1c3e294f5d8785f7e14fe05b4fedb6ea08,1
60f2837a9804f71fa731ee2b9e7fe9cb468fc023,2
ef5fb390ec39b91a722f06ac138721991c7cdfbf,2
87e94f456348e944ba4487aed436c762dd718966,43
Marlin/src/lcd/e3v2/proui/dwin_defines.h,7
Marlin/src/lcd/extui/dgus/dgus_extui.cpp,7
Marlin/src/lcd/extui/example/example.cpp,9
Marlin/src/lcd/language/language_fr_na.h,73
017a9032f1b767c5689b680f88bed7e31921c57c,2
466282f322ae4f42a8f3db5e3c9765c38445fdc8,12
Marlin/src/lcd/e3v2/proui/dwin_defines.h,6
Marlin/src/lcd/extui/dgus/dgus_extui.cpp,3
Marlin/src/lcd/extui/example/example.cpp,9
Marlin/src/lcd/language/language_fr_na.h,14
17594298e194b14ee62d32d5574284b6b2c9eb5a,2
0b9f487ab9ce5a91238d3135f84e0ddbca861c6a,1
d3e1a92b847f89d0730d8202ae1629668cc973ce,1
cd357b027881dc1d3a432127f74d54d3d9ee91db,5
d0d229e380d9b5c82dfeef4980f5b7b4745e933d,2
eb897e65a1f43c309c2ddd91e146ed7306e2271e,1
825ebfd5fe9e518969c7436e366840fa0de1356a,2
3ee3964becc6861375b8a0470bfb6401d52b83b8,1
aecfb257e9ceb9d5e584413a885f8417864b4fb0,1
896a6a93afdc74ce6684ec1b8b3e3e7dd84caa3e,2
075f96d2bf44c20d480599ccf7b90909dfa6f217,1
05896551f1fd521865e6cc056a3acc07a6bf2c0b,2
ea6a89103872af8cdfc4a6f6dcebf1df79c8b376,4
983aee57188a588dc500049047476b70bb5f4720,1
c913020dc2d4df663d58bc02f4ccf3185105e939,2
a50490b11f0f79dba3e488ed0d3cfbde6cfedab1,1
4b01c901bc864585ca3d72f13f0e3ca9e9af2a9f,1
c1be36bc66d9202fe533d8364b18aa82a8014fef,0
Marlin/src/pins/esp32/pins_MKS_TINYBEE.h,0
e0222d3e01382daf19509226d9cbac233decda21,1
c0264ae7871ca53de4ea8a24925d5f4f676115ec,1
3a2c50c199a3fb0deabebc60326459a5f8b213b1,2
3b4adac579f42683fbbd9099b89f33801c190145,2
d36b3fbf9d244edca1c974e38a6e9c3b4790eef5,1
bca40e07e312419d9defbf963bf0f7a330528c59,1
9a1c993719b30dabfb2ab62101ba249dffa459c7,2
504219817cc4967acf14d6770fc2336e287cb9c1,8
4f2b7271bddc1d691af34ceeb033d4ba424c99ec,2
ec6f9dd5c8443f9633ae5ea9bce7e5f090d5c72b,10
e6cda9932b8c711259b3ca79923b2aadd4e8421f,2
b9cfbaa8d4441dc095c8530a1fa2924d921b64fb,6
3fd175af8ea56db48ea41d7f3d55e967f0df8cd8,1
a9e72b2a2c6f37449ba8229f3afe16dab837cb75,1
ecde3a315891d141a7573aa78fe817ff12fcfa1c,1
c8d51c27234bcb2b1419d238e8751593d855dadb,6
d609bb4671155398ffc16f4ad42a105f60abac28,2
982b42579243543a8684f571554da0ce3137db96,9
9e879a5b1f801e7572e7948be38a6dad16ad35d8,2
9974327d333c3db443a7627b476f02c91a1ace0e,3
4eba643ae1fe90f8aa2831a359efafbd78933fbe,2
8d7be79108ecb481761527516782830890a28de7,1
76b568830475d218a5229ff9736a155c5a0cb620,3
1e8fbb7bbb8611194c9d7242a860b153412694c5,2
20c6a6233bc3d749335d3f761c61131355a6e534,1
1d295f7983a90be9eddc830bc7be621c6dcb14c7,1
669814d0d408a622f020a55971ba04030e4fa4bf,34
Marlin/src/gcode/feature/runout/M412.cpp,19
4aa48beb378fec6a6e7de0c8c3c7fe47f6551c24,6
371fb5a256d968712d6180bf6faf9090c75246e4,2
0829a511f03d75121f2a8aa557fc0b45f5f2069c,1
a3c78c45101fd13066eae944ba4dcdfcec3e57f4,1
a3211253a05f6f0380fa3bee8eb32b2f02c7bd3a,1
2c8e7bd5a58c338bad5111891497e8cb35f2fed6,2
005d6879d998ccd900d1a311185f7069541dc623,2
3dd22349a9c9daa7039e86c9a617efe063283beb,2
e61a84a717cc80d4583278fdbdeff72becf3d9b5,1
d8e73d30362e17523bd50133344f7782fdf1be5e,2
b12340b1d57288945633ad926136ab2c27d25c12,3
ec46a5953956a5e7f3d213439a1fd2bea793860e,1
5003681414eac2f2953ff4430148d23d80036d62,2
d9396929aab56121698d4acde1b04add1574f43d,2
1dee4d92c61b14458cd394d1f609f0dc80282092,21
9364cbb4b53a5ef77cf2b843ba228afffb4c1725,9
755b661c2d9e3beb2ba6b7602715d43891ecff3a,2
7f4792e47c909cef2b46a11a0a8a80cf6858b80d,2
e6837b2b8dd70e5a282fff1508e01215ff85c14d,1
9e21330d7ae8b4979fee10099294e9e61c939613,2
c476e62a6f32bc4d197dc31a8587d53376505f4a,1
4c5d7831c11c859e5e378d1ff588cb8fe20eb58a,2
9a5cfb3f26315822c7ae8ea043525c0e30ac08ac,1
5a87bea7622207b78503cc171a0544ee6bd9d6a2,1
d62f45bdc17f36ceb6105345df9ce2946369da10,2
f9d5ee04b4930fa7b876c278e80072060463f55c,4
ef04680cc556fb5aa8637fb767f7ce11be30ca2a,2
1c6cfc3ffeac8fdf2cd6d61529ad864578a4803f,1
0266e7fe535cbdd2a10850fd0fd71f1ae2617db2,1
610ea0a9d30f1bc566eacda7ceab7976e228957d,1
70d942a18483e28d7306c0edd4280ff354cf4350,2
5639237e2b174715413f9ffc6f6421db9150d9d6,55
Marlin/src/HAL/shared/backtrace/unwarm.h,75
541bd26cd7d0d31d1f81298fb5ddc2d43f9c4c03,2
7a4d601f4d8b88acffe62b31d614773ad0f20a57,2
bf8675b44a43c82a1ee8595fa3f7a1f1e5dca61e,2
ebea672240ba49067194e9a6959ba2604da2d4c2,2
ce8535f01ca4b85ca1f7cae3908d3174ac11fff6,3
0ba4cd2b3bcf404fcd533e4a87992e86f3366c7f,2
afc2dd6cab2c50ddca1506350a8845b82a4ffce7,3
5768b42c398c232a3f891093e87d18de0331f2f1,16
ee8630c28270bf3281f798660d43c6e88d2b8eb4,2
01094ea6aa7b843f830ec350e5886fcab6b652ff,9
Marlin/src/HAL/LPC1768/eeprom_sdcard.cpp,13
Marlin/src/HAL/STM32F1/eeprom_sdcard.cpp,7
6c1fd1f69c349b24ded49d7c5a1118fe7a5e37dd,1
4f65466161c39bee82a8fa98263989a01b706927,1
9b3119393f0c7fe3eb08734e097df09c7466acc3,1
8594e9462ca429cbaccd2b3d0e2eb15684bd27ae,1
16acb57b22747b495953ecef065ba625f4dc3df8,4
04c8a3138e3ce1edcd59c8e6c1ba4abeba28e30d,2
Marlin/src/pins/linux/pins_RAMPS_LINUX.h,1
Marlin/src/pins/lpc1768/pins_EMOTRONIC.h,0
Marlin/src/pins/lpc1768/pins_MKS_SBASE.h,9
Marlin/src/pins/rambo/pins_EINSY_RAMBO.h,0
Marlin/src/pins/rambo/pins_EINSY_RETRO.h,54
Marlin/src/pins/stm32f4/pins_FLYF407ZG.h,0
Marlin/src/pins/stm32f4/pins_FYSETC_S6.h,20
38560378fcb99bcdb4b889f3b8e08c7dc5abe366,2
ffbf4a6a9002827daf09a5f36bd28fdf3d61a0e8,1
a215bc2ca3b27afb5de7fbf69d9b19da5ac7466e,2
cbc674ff997b3bffc92cbb2f61a9a5c8952c3446,1
97546bf55b20f10fa8952efbd232481e11e9f916,2
ed1391ee5d5c272240b8fe18716c340d7688cb8e,3
7fbd9ec5f4c450e062663dbe1964dc95e705733b,1
63989023b8f179ee67dea44b008ea03e314482e6,1
e668d5afd75039fbbbc9a3a8c8357c74c399ccb7,5
a2228276bbc3908faa8ad3fe021b8961d0c11ec6,2
3ef192e7c7b18804ec7e3964a1366bd08355dc93,3
5fea79fd07e5d874fbd217d8d9e8afceec60ef9e,4
18e65f5eb4a1dc4b08d4bece67f2c182e8359ff6,1
5ed6bf65ba32e97b8cad133730a602fc67cda4f9,1
d79bcef802de4c0b55e6ea74bab5faee663a752a,1
f1a53407e7c99559f9073f11ab91e7b305ec7770,2
4309e6ab76528a8e64343148d81caa2d231c8c13,3
0c3d1cf566c43d28bd99487c1352a7c019eecf32,2
aa7d5714867df05348ca63ad113ea9cf7ccc3271,13
Marlin/src/pins/esp32/pins_MKS_TINYBEE.h,1
Marlin/src/pins/linux/pins_RAMPS_LINUX.h,3
Marlin/src/pins/lpc1768/pins_MKS_SBASE.h,10
Marlin/src/pins/rambo/pins_EINSY_RETRO.h,14
Marlin/src/pins/sanguino/pins_MELZI_V2.h,19
Marlin/src/pins/stm32f4/pins_FYSETC_S6.h,18
604d3e8fadc1fd3603409f0d22d8a49de6f46cc2,1
22fc07d72ba08df8db9545da4286ccd2558ecf30,3
Marlin/src/lcd/extui/dgus/dgus_extui.cpp,9
Marlin/src/lcd/extui/example/example.cpp,5
dd3b5a10a09e2a83918af1cf6f8782fd0c473f98,15
Marlin/src/lcd/e3v2/proui/dwin_defines.h,17
416f94f03a40e907c2c0bbe3e187c79d4d8754b3,2
204de723f1c08f83e281f0629b60822b334097ed,4
Marlin/src/pins/esp32/pins_MKS_TINYBEE.h,2
Marlin/src/pins/lpc1768/pins_MKS_SBASE.h,11
Marlin/src/pins/stm32f1/pins_MKS_ROBIN.h,23
80cd89d8f7f656be4e190c2c97064966905ce8a9,1
624226c91d23941ac8fe2bd8c3a20bb364e6393a,9
3adf73a2cd45556859a6499bf2ed27509e49f0ff,3
eb7b207e4c63e17c2e63e89c30a1e1ea7c04cfa3,2
d7e45367afaf6a6007b6a89ff7eeefe5fa0c59ff,1
388c7018c44036ee75af9dac39f2f0b386bf7089,2
da96607b65ecc910178413d6979c128add9d098e,5
fb49645b3233caa2701ebdab1e5322d73d3545a0,1
7d751a20b1fc6ef920cbc56a68450302ac1eb973,5
9f7d5bbc86032a646f14eb6ca246723118ae9fb0,2
0df25b100854008907a68393eaa6027941917a48,1
cef623b7d2a5e1c49911ce539b3e031d5e307ad6,1
12434e78e4478b8d098793a382db109e54cee0e8,1
220060798930227fea158a81b5f83e241b7630ff,2
c31381183b0daeb4361249bb20b74b7b2e0940f1,1
76dce41580e5fbe527e2b8939f358a624b3c0e04,2
1f1ca34ea6c37d8d22808f3fb25992776abfe4f2,1
8d4ab15748eb9c6bcbc1dd30c1b8f51d2cc94dc5,1
745577693d1dd27d209aa547ca1745d6ca6ecc1b,2
3019af1c9398da0172b5d5f5bb0d3a5506e56e4d,3
8916e6f826aa86b4b0a2b08c72d0128fce8c28c4,2
b2fd631d82b9b3e64226ceac6a132ec917aaee21,13
cadef644180ecb049826159612853411e111c4f0,2
ab3497161a37ae309e030a23e0f8e3f3eb61daea,5
46f370ae3cc1501bd831c495b46ab0e571e99f10,2
0f43ac79f610df25d865667e41baef707aaf40da,1
ef92b6c369fdf6ea99d7c79a663c7f6b308e31ec,2
f44f9eb9f831e007156e310de09ab3ba03100cf0,2
854f3315af645775e7b0aa39bd05db66187bcc38,38
1d46e67de202ae436958c344506f14d2da975076,9
85ded0b9bd9550a4b2a7e0326de7e098dd465a70,1
cb291e8d00a6c1ee0a778625e0170b6b7430a004,14
25caae1e8c238422cb8ee00637d463ae837c5273,2
12d7995a18d3ce59c871e11c4940bbaeb9c352fc,7
320b7a9ac33e908860191b27626753e76f103f21,2
a533e9e637cb3c7e1c86513bdce9a7802f921d44,1
f6ecdae972c1e54f52daec5c63252281962da5b9,10
477b70eccf3210dc2fff2e84555830320bea9655,2
b2dd2dc217af35011bcded3f8603c954f5fed95a,1
b106f59eb495718d7158e27347eca5deb11fbe86,10
Marlin/src/pins/esp32/pins_MKS_TINYBEE.h,4
38f483c4a6a0b6c814e5ee88747f58eed17fa61e,1
f4eafed188189d2a77c53a2a68bd931ee838b584,5
5987a5464bc8622d77ab52990b88d5ae035074e1,3
3a888e956b081a9cde1f496b6c24fa39b5061f39,2
4cddc61eda70d9e78ef7767fc052995855e34a79,5
2a8c00bdeb5268b11a3bbddfc8797a3f09a92947,2
4ae2a76492b176c831647e29cc6150e7d8c0605a,3
a5d097abe6e8cbad3dead9086439b3c0f44c7cb2,1
5e0a8d21245d21eafdc55e77645cb20eef750017,2
994aa9f6923e2307d13badd26a15e6d57525955f,10
6e67ad51b70ce4f02be967bb14e5557a021e48eb,7
52693f72afca243ace00a7a57365301f5f8c42c0,17
Marlin/src/lcd/menu/menu_temperature.cpp,2
991f433ac1375cca0b8fcd76fcbacbe43b307ac3,3
54b7da18cbbbed49fee93f0f39b7093c527c25ea,1
f8771e9ad5d572f22ec89c199e81cd53106ffc5c,2
be1dee7caf8197f10811574265714e78ca08ec83,1
68b7802fc17cd4160fa3923897ab69dbea09f4ed,2
6d407767e7692d66bc93a0012d71268770e4835c,14
4a9e102c2ef96b75378195ad3b89cb1646ac4df4,4
Marlin/src/pins/esp32/pins_MKS_TINYBEE.h,2
1ac6428c82aa72cc41c0c9f758659b71e7fce1cf,9
7c159a20e538e42af5185c80c660c90c0377b909,2
5b74e25108a47acad41d9a50560cd1fbae38040a,7
f02fa6339f003a8a5074131b50e0905f102ee8e4,2
3b6f1bff8b3fc31b1d82ea420b3b74a50f599692,2
1d615717e80e4c39bfa49f34d9b8f3955d7f8d47,1
99c570212ddfd39a749b07419a3d3fb9213d7acd,2
13e82fa44a842e2d2f3569fb62131b206442ec4a,1
95878df30d737fd08f337491f7e19332fe7ac5ac,1
5d1ede08aa8a045463d4d33333fd90abead2871e,7
2203505182e95544cebfc0f1e5b87b6f19f0610a,2
06dc7f4f526833aaab37725e2e95e68030acb94e,2
e6f1b074df409cab5c231954ad542e0ffcf20f31,1
f605c045e3198c1c21dda75e5913ef192fc58580,2
2d97f082e5e8de2973857cc9f88bafcb4a20e1ea,7
ba91fa09b7f16f788f441d6385d813cb64b5f508,3
1aeee2cd1f77c91b73daf1567f6ef94ab05fca3b,1
4e23e52a895ded5ce0e96f054c16714cb758a982,2
88cf3cb1e0878ac09e988d2a873eb97f079e766a,1
59d26e463a19f657c425e8e52ccf2552d978df7f,1
cc641d796de55b61ea6ad531203cd4f63aaf7553,2
9d324f7b1f58872cdac9068f0c53bff72f4012b3,2
654e7a84ff79e49bcf43c940b08d094482b7b2ba,1
d903a5ef4363a1fb05d8e23381c9a62b9c0d6b42,3
Marlin/src/pins/hc32f4/pins_AQUILA_101.h,0
15f26b402123d087f62728e1f1763a2b96f8d21d,0
Marlin/src/HAL/LPC1768/eeprom_sdcard.cpp,32
10d80eb89438b403a37b907b2c4d5995ee3bd023,1
858954baad45b0edb31429a2b50a5fff9c4067fe,4
38406634107fe90c4be452858d17eed541129b09,2
bd36644d85bef0ff02f701203365ce16c5db3dc0,13
Marlin/src/HAL/LPC1768/u8g/LCD_defines.h,10
Marlin/src/HAL/STM32F1/u8g/LCD_defines.h,5
c485f513d70acc838b7a1554c955fdaf5ef3df7f,10
06b9e400423c0e03ff1abac0c294661e44f5b93f,2
76030239283577ba1baca705e07182bb34345b64,1
dbf81f40de4b47b2374c6f7f229e01b504e4eb7f,2
bb557e5195a6177bc7386fce0176274aede60b64,5
89fdfcfaf9df44b0782d3ef900aa28531d777058,1
d9a388bab86381843691af939dd023c6d534cf50,3
b44e68e2ab5be3804d67eb646ebd567c2ffaee84,2
0f0955492994f4a7f4649c22e0f3aa5cc71541d7,122
18b0dbb5018dafbb298d043e15b0623c3f0f72b3,10
fa8d2bd108725eb9b23468e3823e5936e03a4209,2
d1ebaba71d4256485f0e306b548f52d921718679,1
71e0275a4c1c54b5083ac49b9a12e19e149f055e,4
205b0a679e3ca7cbf7ca590279d1cd4ed0c284c1,3
3029a6b1aa4c436cdda352e2add5cd421beaf104,1
342048b1dfbf41e64bc39cf5c448cbb0bb238651,2
ec060f979f0c836610b7fc1b02eb166df2143f28,11
56ac5d03ed0901b721d816a41126854a96b1d67f,3
Marlin/src/lcd/e3v2/proui/dwin_defines.h,4
ec7ab5a277a0210e1349f9e8608c372e40fdb6e6,3
2c5468ce333cd4a8c6ddfde8d4ad66d8417f32bd,1
dbdb2ecdf756e657322977911460f43e76a9962b,2
c18294d83cc891c47d5abe56a4842adbe6fbb1aa,2
401ba6613b1f9079ebd392adc8b0692c1525ab4f,2
19617b79dbf5aedc62d5124c28e687c92d8a7e09,2
eeacf76cfd1e936c44f53e05efb05fbac946996a,2
738584d342768311845bebf8bc45494db2418eb6,2
f69effd2eb595fce676a2af625b8626686b814fd,1
67d7562609986fae14d80036ad1e7a7f3aaa49d0,16
0ede16cd5ab75278e6b4a599ee451ba4bb5ac739,2
4a89ef6273c6b0fafd3132900863e5a1f332b579,4
145ab7b1ec99f24d8e6a5e9857e1e4a08e459b7d,2
3f9c2f89fc61819331ec332eff1df939f47d82b5,1
00298e6681bfdc6231eeb5624dda1eebbd7fe075,1
68ab7f6bb7d93ed24054b033334c5821ea4e4cbf,2
7ab63cde62e35aa80f1c6fd65f35cb0bdc200b1d,14
b90133813a96ce839e17da039b2679601ee59afc,4
75da3555ee0910f3d572f4b8176afecdc941524b,21
8bce9dec906d59c3091e870d614f834c73aaeb89,2
fef74398e41a1b492792837941af55057eb694f5,4
775c6bb20ef1bc09632baaf4359efeea6e441451,2
06710e54de8c83af77a4f57d458f6463fbfcad93,21
81cfa2388236820f4ed498ede01fde502a0fdca0,2
f3fd9e28f5d6fae59c55742a2e70e2d6a3330aeb,3
b94a3354932dbcf6680e8d378219e9f41f29873e,12
01aa87c3077c9bac8e075818a87e52098dbde999,2
473817f2f4758924c56351a3672354a141834929,7
a1c3a2b03a531606b3f6d850b324707efb89c1a0,2
bdfe4a108c347544d4aa50936ac15e71550cb545,1
10fe229aadc05a32575d8a6c609c2dc7c730cde4,2
dfec58e5dced9fd794cc4a8e7a88a4d34f0cacda,14
6c04cf40f441fb884e049d25c439969a6f618ed6,2
fe7203ee5533ecb0436a301aea46bedeff311624,4
483b8dcc05c2f0ef4c83d8ec7f4f0065ec9d240f,2
a41e16ffee0ae828ecb73eeea3caab2f4aed82a8,15
Marlin/src/pins/hc32f4/pins_AQUILA_101.h,3
425af4240b222448ab2ebe5c5d152adeed2079a4,1
4a4c1db606ece3a235244c90fc397946d0c863a6,2
2b1375c8eaf72c5145fdf5e85de934c494cb5e9d,2
065440891be1be8caeb03a065ccc4a3cd68ba23f,2
d58168a03f32ba5f12d2dc280849e759d64b6c40,1
8cf936ccb144fa8a23712d181ad7c743709eb683,1
d5d45e85e4b88e531e4c519f8c40281ea2826364,3
0d4f41fb6dfd1a4f5efde4bb2d5a66b3543462de,2
1c1c4739105790c31424810aedfca8c526bcce12,1
dde878db049357199bd14be1b36564b80244ca8b,1
1a42c38e0eefdf62976bf7a5a35224d3c675f9ff,2
e695c473afb0a1546951d5759e50d03a595b99a1,2
bd6eb832500478c9e3be55f1126d0139aa013bb0,15
c484228c56f031b2bf44ea2194b0a84b47e2ae98,3
f265fb59436e91369461efd8b5a6bf92aa0b3a96,2
b17d3d3e9c68032d4b7e4ad03a7f65fb9f0fd5d0,4
c53844ff91b65576f60f8060a296d68d1d25c92a,1
e393c7fa0e00264308b66c6a332b60f6fca6cb80,1
b55678a7d08f75a44993381e056fa5c537c9a4dd,2
fe8266b59105c24a6dced92bfd604374e5e9ef8d,1
3d8e3c3c9a2e955b7075783b8a95c3526b2936a5,11
61349dc6d30f0df8175ac176852ae81065ef2da4,2
95821b07b11fc94c00269cbab075bec8b1b6c05a,2
d62ee95d283105b4260a1e6542fb35123bd9eea4,4
b9620140874d01da533f0bb604fc61c654e52859,2
921198e81ce246d38d2675db14b7884ef37093f3,1
3457952854eb612c88a790dfcccb68fcde26e8f0,2
f4228cc4c1e1ed499a07f9357afa6a978c1fd7a5,3
dabcd6590350a3096309647cc51bd289fbc4554a,1
8fa4f5a40faed43e20389432fd7be89303216b28,2
b95aa36b01801a7d8ad6cba4172058f708f635a6,2
7a96a082b70deeed8648f7c1bebe21a3a0aaab56,6
b78f0012e99739de337254f7b8681ea7a6aa5f3d,3
e958b6da9eaff0a4a2c1a0ff9ebf7480a5ecfce7,2
86338ca835540d522145a3f05e498518ecf90756,16
Marlin/src/HAL/HC32/endstop_interrupts.h,19
Marlin/src/pins/hc32f4/pins_AQUILA_101.h,6
8a110b80bf859a0e038a3a8f4e4febff48cb80e2,1
9a12f06f199e86ca18ff2d40119805330c4ff6c6,76
7d334775d0d7f038c03afe5f93d8befd34d12dcb,1
0a86a5f39c560f324e65b539b5be8da1ed91c60a,8
e7cf0e12ea2f122b80e5567e878e8f545eb37bee,2
e41df97c42e1be0b0c2b7bfbef2664a32cdf577b,2
20a26d5053b15e44d2be86c24ec074b43f159074,1
924d7769ec3dd65f89b53b45b94998c5d5cb1748,1
8ff937c7d861d72da46fb10ce29e28b44b49cc2c,1
ae695e83093d234aecf6849c5107b0bc29bd687b,2
e98e307d17cccddc35b7af364c1198e448891518,2
bd872a7a98528da6e1fab95382488ce703fe24c1,9
fd3de02a37cec8fc5395a2d486fd229a2b71e8a9,2
1bee537a09376da015dfa63ed0a74b948cef3e24,1
ded942a4e4d116b36177993371b0ddaa4b14bf4c,2
bf61e5239083fad148c84b7a3bce355c9e32ec6a,2
2d9262cc5a9b24d5900126f3498da7f3a8f31e66,2
993cc9463ebb7e9c46696e50469bbd69a72eabb0,2
c2376d62e232b952923cdda55bdb0bbc3c59063c,2
f3473495d0ecc61e4d768e88759e9a7f9a263770,7
c5b267162cf00feb965154b9d96e21bef61a9336,1
8322848c35364afa23caa283e5bbe513f4aba0e8,1
61cb98dc0fc7b97915c839eafcafeeff6838eee5,2
2b1666fcb0834dbdae4030f464778e0a7c391d57,2
6ae2cde6637282b431b90c92cad7e3de6587affc,2
cc8f7c83dabdff51a0980d8fa066833aeaa3d97d,7
Marlin/src/lcd/e3v2/proui/dwin_defines.h,0
Marlin/src/lcd/e3v2/proui/dwin_popup.cpp,3
Marlin/src/lcd/e3v2/proui/lockscreen.cpp,1
20445b8e832b11139b17ff87b771beb6d3ddd95b,7
Marlin/src/pins/mega/pins_GT2560_REV_A.h,34
12881d55761da2ffcb056e19cbccc37b37907d83,2
b88cb86069462a28f02671cd468d67556f5b3883,6
3d3be15665d8140574a1dbd665fd0807e7b234c0,1
014278383645bdfe50313ffd15a2287f377ac8f0,5
006768ab58ff426fa7cfdaa72dba135b10a47ed7,3
Marlin/src/lcd/language/language_el_gr.h,4
Marlin/src/lcd/language/language_fr_na.h,4
Marlin/src/lcd/language/language_pt_br.h,7
Marlin/src/lcd/language/language_zh_CN.h,0
Marlin/src/lcd/language/language_zh_TW.h,2
376673df284333ed499dd6a1e8ab52c317d2af73,20
f8307563561b066f4f58210a7c9404b1a10dcbf3,2
1fceb7c580398c510474f5ac0dbb5b9831bfc0d6,1
5287cfbb5974fe324c82f135a17a79c2b5cd5da9,2
f345f60f7386e8d04232e1a7b128a70f78b41b13,1
e2c801519969eed8cf304e996f37f331b23b86e9,2
aed577271ff94c822e861d8f652f2bdf46b2aeb9,13
Marlin/src/lcd/language/language_fr_na.h,8
Marlin/src/lcd/language/language_pt_br.h,7
Marlin/src/lcd/language/language_zh_TW.h,2
f50ca52c57e53a5f93e1c99994f1a977f28bf9f8,2
36e66bdd9ff22ddfdcaa36ac8a9b9448c78ca44c,12
Marlin/src/lcd/language/language_el_gr.h,5
Marlin/src/lcd/language/language_fr_na.h,8
Marlin/src/lcd/language/language_pt_br.h,7
Marlin/src/lcd/language/language_zh_CN.h,0
Marlin/src/lcd/language/language_zh_TW.h,4
19869d3a7db80b875e8d3706d3bbf1c62d3d1cb1,3
c8118c3a58244d844e616c4b90f292dbe801edbe,2
7fe07dc4ce0f34a1f04ff1c050c6b94fd4c3976a,1
3e8a5b6151d2843396945aa8ee8cfbd2c8893486,2
28bc19720a1118681d39e91fd11c4905de5497ff,1
a8cb89b3da1cf8742a43bb14fdf980535d919ced,1
df2251e23efdfdc74ddc90ce0531eb0b9b510818,3
31154278b3841f382a0faf3444cfbb24c1a09be7,1
613b4105a2f07075bfb66cb33685dbdb67b17c5f,3
10e06e197039acf50f6ffb65b7ea01f0018c06a1,1
c751dcfcf915a67b87306ac0e6a8e93e683a3668,11
178938d9574a37638cf752b9d09791027ea8a97e,3
a8313c3b7ef4e76fece13bbc2037b76600e8ce33,2
dc265312079f1dfad5c34a8c2896d66c94793ddd,3
c74e6ad868435b5719b5a3df8cacfd16d4a5b6c9,1
a62eec4ae3fc4b7bf0e062d8c7f892b8b970dbed,2
235ad4dd9d6069924c8447e3fcacefac52b8c3b9,1
d06923d0e7136fc449b5c31b1fadc146357d21d3,2
7f59b65fc872e79675d2addab1af656f0d58bfff,6
884a3249fef951c111c8969eec659cbe36a6292b,3
d159ec5c903413e1909b4ce260f9add2ade28e6a,7
7c43f4e696394dda76ff6f3423d1223621459dc5,3
7c8ea8e0e06451804cfadb349d732ab4a2949396,2
573eae8d9538239d594f94a3cfdf646bb7851c0c,2
bf0acc96119be7fb57c206f87ba658fa53cc3f59,2
ddc310fc4b02ad8763042f7a7203f922c228b826,2
10782c770d683233bbe0d8399b080adc6f8e2ede,1
b2758208c7e63567baa0165a3d552b706c85cf85,2
bf5612c0ed3818d5a61e053a5cfb53f9914ef45f,1
9a6c2635eec0ea78ef3be58e5f1afffa0abdd7d7,2
3341683db23c1aef9aaa538439df7a079f200166,1
0bdbf52bc61f054b418b623bb18256edb4a2dd13,2
e4e85e39b39dbe7b5cb80f8daf8abcdb532a9727,1
06215944423aa8d304108521bd3b73aa046bfc82,1
dba613fadde7671858cc11a80b500601d648b177,1
5ac4ebad78044feec0a88c386fb7c2d25f53c692,2
cb044d989c397fcbf6f106502df69a7e5c41d34b,17
0d42196d11670d52e7b84bbdf5d577c5ba59cb38,2
cac742009c1b44f3789e6bd8c400d9ee5763521b,3
76f938309efc62d6ed4983c350f2379ff77ea02e,1
24cf29b6a8e9f5e3cd37c4160a20b0a75ff04ad5,2
41a6f2bc8da53e3277c6b183bdc167399245c858,2
e0767f867517e49ce680b4be97fbaf3c5cb2d653,1
5523c12cfd01c859a01f26575a1dfff4c43eac8e,2
a6c8afc5a9487ced6249a5d0abbc53ae077db786,2
cb8df74a9c9a1311940c113732503766295fdcb8,1
050439ccba39ba2d614b2069e4d606521fe13e22,1
6907df0bd6af90fcb9753b54c84b3d3bd8910b2b,2
5a259a726670b0dbc21a58651847259d83f54c7b,1
b082f1a2b882a827cb614f4c020787f6ffce2449,1
c666b492c4e188987e9382e6ec2e79453b5136bc,5
aa0671fb32eb93d1f028764422c5fb8acc9b8fa1,1
f82d0109e491756b0f004b31fe8fe0da25615aa8,2
2a88e7600298fef27e8cbbe01b708959515677fb,13
b25f523acabde814397b9c2eddc2e77792fb86a9,2
046439a5a1bcbc9baac156f9fbb7686edbf7bbeb,1
bcd07c2c91a1148b34c5929f29e746ca1158cce7,2
e9b04ada1d2f14f124a0d449205deda8c372340b,1
ff5eb5de29e889c972bfda73cce01796205d47f0,1
fd62c42faa15998d6771a18a5f704e24f7bfa1f8,1
089d075c8fd8f9c76df5eb03df9451aca3af5160,2
45a6e9614e671ed97a1de33a966e25cd28329a14,2
9e6d0ea6109157941179c67eed063b8ab68ef99b,5
c345087b415e73e2a405c0088bd1f1e02ea6dd6a,2
8de007021ac357f44b06aec7df6d8d9522c3663b,1
f72588595b4a4d3a0c40e26e1bad248ee0a062c9,1
797ea5efa741ef96827870bb44b48fac7a41f1a0,6
156e7c1c5453e9b9fcd103fb1874eb5803ebea54,3
b8b1aa345cfeaa59e9d377edc3c143fc67cf16cc,2
b0ece8f8df130709f97da6c1474cd20cbd9119ed,9
4b0b00c8da5eb193bb157d42e788da9586ed5ba7,3
6d3122d4e8525dea64cf83a98354a95f2a1d9a29,5
0f27e38eb92396b49a60f9d51cf0afa9527f3518,2
6156050024d1edfa59c1d6e1955c50706396b589,2
cacbe005b53dd833a5300c1e6636d917583d7fd3,1
caca5636cec69ba3afe28353abecc218dd8c05fa,2
6a35ab6557f8450845379c90724dc14b55be4b0c,3
87de4c134b7e9eb8a845987e666fbf4589a2a92a,2
7944628400273d1b78eab3ffc71aa7c07ffaaaac,1
251a84b741c7232a84a744d8fdcb0e1f8d6951c6,2
d695e5f7bc409bc3d8ede798db5205c2c6a162f1,4
4744997c164931f8c1f8753ba4112e466b7c83a7,11
5bd39ba73f5a704ccaf370bc98201c10b380d20d,1
7f887f2342d2da112ba2058177c53492d3c2903f,36
e7e77d9612253cf7106cfc9e69f69e52f4083294,12
a7a3abb9bf04c0dd6edfadb4f1c3c80ed7dd627c,1
6f68da5be4dcc56cc6577f3727f0e240e4086785,2
e9b9d634c4ef5d48791de84545ef86d46909fec0,12
6d301a282ebb38cee2a7d526adad27467b2bd55f,2
61591fd23369a03063a42f57a174c51f995c7efb,1
e97d82f77beadf7001e569dc7e683ba287afa56e,5
b58d5dabf8939658334db3e0d98c03b1b934df7c,4
Marlin/src/pins/esp32/pins_MKS_TINYBEE.h,4
047bce0cdd8599d3ea9b85d173f8d79a0802adf1,5
c81e217334222aa18c23d02d34f1a78ac7ed23fa,2
9cd341c2c3b2ea4e38852325bec98c349addf7f8,3
f0ad1e9b70210f7f3713cc09e471367875a44c49,2
414b1f83271e5dbc85568c3ac8f9d2beabdbc1c4,1
e68320ee2b10ae5c7bf3bf816e80c3621a20fcd2,1
7fa643a11eb97907eb23fb72ffd86100c7630e39,1
375e724deebac8a71a3c37c84b6f1170922e302a,2
6c0f4bbafd4b95d770c4aacf7d9d9df4be50b892,2
4cab75115fe559e702ebe7a8dc040ebe0d6d4d0b,1
014609ad87d3556b44a00fef4c4983894f9d4354,1
f7a3172c20cfed3178ab9ab099ff386f61560ad9,2
b799f7d1f3447b5431c29c1a92323febcfa57eda,1
f3851408fe599a97a3f1a2337b3eda92c1aeeccf,1
03cf2b577be63a8f630c2ad9547d0e2ab3b73e00,3
b3b6f23320d9ad8b8891a71d1ff289ccaf329edf,1
821ba43131a5d3c1c291f6a6086f66e83d44384d,1
31bf73b89bc92a385c8c51bdd804471b84c251f5,2
229ea71421debe36fe77a371bab3c4b40ce38fe8,2
f085e2ca9352840bb62ce1dc5a6228406ee61996,1
db98f0611004efd6e042c4cf53c881d7b1f3c10c,4
bbb5aacc48db7bc875f3099018455cb07ae74f61,1
91ab18d1d2825b85cbd17e8ef1eb0675754a4043,2
273cbc6871491a3c1c5eff017c3ccc5ce56bb123,2
596d1ff104aa809165862bdf272caa6cc1f8ddb1,1
896492442c3e1ae8335f7011fb44b368667a3067,2
b9e58cd3eae21b0df94e8db16cd503730c7510a8,4
d961dbae8d5c037b76725ee999016773bb2f3f68,1
be031e18509884c42051fba6849af06e089e383f,4
15dfbabc9cbfde0551571b550e56f5d2d5271dd4,1
102de7dac3cbfa088180375ee0a550a35828ffba,1
7338a2fec82caf7ccc469274c8ecef1d75c3abbd,1
d56136f06cca075e801aabcff76bd207d4da349f,2
34a0c9d143ff5c5018c4713a1ed5dad32c8c3a5d,1
11f98adcce51f06a85ef0dd64e6e6b16139a34bd,2
209fadd2e6039e050e33eaed9c59465ffa5c30f0,6
8fa6a4da2eebc1dbe120dcac87b159e389e17dc3,11
Marlin/src/lcd/e3v2/proui/meshviewer.cpp,4
4613f85bb754991b1ea4fa5218ae94e758be0e8a,3
e1121a4cd009ee447eaef2ab49a2de896e5a5eef,2
20fec98f70208546b90ccc0b8f6766de6f2f8230,4
adfc787a45432e918f024241d5ba4387724cd6e9,2
86be9a85d0f819fc0f3f6cfe743906ac3309f366,4
f6de698fc8bf284c76a2ae09b1c7b5041c74d495,2
edc737954653cd174c51cced37917ff4df2867e1,2
ab8af7fa9cb7007ac710f62137e91f73446f8b60,3
fb74caebb5d9e17c5b6c369cbc8965130e1ec93f,1
88cdf487b433bf2187f2dad31587882ebf02cc59,9
Marlin/src/lcd/language/language_el_gr.h,4
Marlin/src/lcd/language/language_fr_na.h,8
Marlin/src/lcd/language/language_pt_br.h,7
Marlin/src/lcd/language/language_zh_CN.h,0
Marlin/src/lcd/language/language_zh_TW.h,1
be91eaed2c707924cbaa8a4d79a0495b43495870,1
b5a08c251853e0b7122bc33d1c6fcd3de967e478,2
b02ea02dbb89892916045079423ca91532adc61c,1
d69ce775032bc254bf3da67088ebdfcaad0612b5,1
d1803ec04434a9b5a9e18c12cc392cee15d8f5c6,2
f2665e597f944d7a054a72302349a6edf9c4c082,1
db5ead4230eda3e05d8beb919c8e7d5bdef960a9,2
f7d5188b2f0a59b752fbabf6b96ff1ed4aed8112,3
Marlin/src/lcd/e3v2/proui/dwin_defines.h,5
1d17c34e123f74d820f42fcd179104c884719007,2
49ead19d008dd54403b37818b21e79b8ccfa4b89,8
buildroot/tests/STM32F103VE_longer_maple,0
7e7dcb869257bb82adffbb349699560dc34a1f09,2
cf50240e82e9bf187b9d6733d9dd0aed1fe57806,1
79f6d9bdaca7764271809b8a92df5e7e38318528,2
6af6060aa0240ccc03020edba661fe42125d3713,3
2bac7835e801c413c3d9e75a1dbe3e94dc689f3d,2
fd41757aef29c167fb8284ff8a8fc94ef566018a,1
f338f65bdfc7e6b629e939db49dbe6f6731986de,1
867f5e90697451429ae2fa7760089d165f9319eb,1
88f5e2c6394cde42969fd4a21ba579cf2cd2db77,1
ca0209b868be80d1438e1d695e2f103ab1025f92,5
4f691e622f3dc1de5a64bcaf42d3de56c9808322,1
fecadaca82e49c2558b42684382ede121274bfea,5
709def5e7baa57911d604ffec701c3ba7ef61ffa,1
a5e4b4bd7d18f84c29a13430c636ecae289c352a,5
a8177944443a7a1186a77cefbe1ae7be19722ddd,2
ffef8f1b297e83aa37eeb5ffcc5369e5c9c42a09,5
205a679959432dff54352b390354a4324f29a97a,5
b956001d8175b3f01ef0be2ef6b07825a8509317,4
1dd3c9e73f59ddac098173c4cc3642e798f18623,2
8d74a63e4bc210ce96ef7cf148f3598afc9fe1ad,1
27fd97a8bbb63f676c32c307afd491dd865a271f,2
4d89db52095cb4f182bc11d4cfd72ceef8e2273f,4
f66323ecfbe067667234df286e14d43d409bfaea,4
863198a73f8a07663a6a5f7c088631aa72b5fb45,3
ad112b4d3d47ff841334b16dcf497917fb8c1ec6,1
c088081c0009d3eb2f218d39266cc08e902d03cf,2
06d46a0ef96a766b114db5902beccb86829ba57c,3
27e68a61fa0b1ec46084603880679810c53b3da3,2
4e31fa66e2f402ac574ec4afa52447824444d90d,3
87231b625f3cf36b57352d3d89cfb05cfde0e777,2
3baa318ec737a67cec6087194ab04fb2242279e0,6
820d2b58b3cfe16affd421f4925ae924cb60826f,3
fe4819a9c16325fcac6aa58071a4f42b6e2d2c56,2
8ae19e45d6e069afa169548fa781fce928ea110d,1
aaa590855a26032d049ae797e092a4571d04e2d7,1
a629471ed74b78f909224075832db64b5b3bc6ac,2
bed26734a28175f7ef9669d5190bf7ebc6227223,32
5da7143fe5a73f7aa636c833e95cf695d070faf1,2
2c9bc872e788a2281ca9b64a135ca1a53004f9b5,1
abd1896ce2cd37a184fc1a237482b2b0a3c16ae2,3
347a7dc71e185f7ad7144d69e66cda10eb4cdc9e,2
ae9f2710f0a0a1c47bd384a803e3345117b6dd49,1
2a82ca87b03ab3b819f69b571ca44dd0a0e1afdf,1
6f8178598f417a7963b26ebe091c0b3ee69f46dd,2
6cc4dd10bc5504c38263b57ecf7e8b1e3d06e44e,1
d036097bca52b128b421342afcdb908cb1d8d5ab,5
6ba50aa6ea519ab5e80ec0152b100a0425c181a2,2
fdad658e5feb93943b1ab0ea9bc2420258e4f2e4,2
79be07f9a4aff5c010a0f454c24fb147725bcf2a,2
5bcaae62f2c7965ee7f99eb44a44022f1cbad959,42
Marlin/src/lcd/tft/images/sd_64x64x4.cpp,4
Marlin/src/lcd/tft/images/up_32x32x4.cpp,9
Marlin/src/pins/linux/pins_RAMPS_LINUX.h,8
Marlin/src/pins/stm32f1/pins_MKS_ROBIN.h,15
e451dec674d9093c8c10f953c5f6bcc7f9ed42b0,2
6379d4dbca389b264cf5b404bd6fd9f5c3221be8,1
91c6a7180d8aa3f2ab8b9bbb486d68dc9657dbff,2
9135e3f7d3fd0d634656f1c54c70a0ba1f878bfd,21
a0e3dea8b879aba8e0d2d7e4dc6a6447b3fe76ad,17
6bc42300a1ce3fcbf2b396a6e1fbf11453f77544,2
45193b4a1d82023f1b763c0340e40ec5b6fcc51c,8
885e9cc0576af2c6a79d8bfa9a4f1560c6748b27,2
244de2458ac6fd48f3031d0179ca1bcad6808583,150
Marlin/src/lcd/tft/images/sd_64x64x4.cpp,4
Marlin/src/lcd/tft/images/up_32x32x4.cpp,9
Marlin/src/lcd/tft/themes/theme_CUSTOM.h,23
4d6e5c12b3d40747ff62cb140fdc3c293c9dbab5,2
a5d47f84ae9eeb5c29280b279bfc844bac559c0d,1
5fd0247239445976dc38c1d238ebc718e2bfe9ce,1
821d77fe4c2ea0260d63e02ae65ab575da840801,15
fef772ef29e502c8fd2f53e10de383dbcb3529fe,0
Marlin/src/pins/linux/pins_RAMPS_LINUX.h,5
381515721481d09c4f30ca8a526e90fc39602fd9,1
810c1693aca079c6ecdb1584292c65b384ca1f5f,2
fc2272c4b473a45f2033d4dd82aef4b259b99759,4
Marlin/src/lcd/e3v2/proui/dwin_defines.h,0
45f7ebb92b11ced03998d590ae1431609c9da68f,1
28f69a052c197b07ef7d404e738f2fa9ba641d0d,2
ef3054d1a8d368f5789a07ad5f0b14224ec1ce19,12
bcf61cc91c00b2c0d82aa0e88d0f88e5a18bbe8b,2
57d26f7e4f614ee4e05e7e97fdc7109d8cfdc702,7
67a9a7e66f1706b56ab76fa9866470fe85e7612a,2
16f19b2c1fa6b64abd4de2558c13c9fdc162d600,2
ed4e22b548a3ffb348e9d20f995f67a9aa7d2dd6,6
929497d52762f87243d1b521d9703f75b7501aa4,5
f479f8377d4a6b21ef3b429ed6a6d627c16ffd88,2
1feb70c91beced527e2abd29d9465e5d998a694b,2
179260878feb6fd575f8d341454e7c4a5add6c2e,5
Marlin/src/pins/ramps/pins_MKS_BASE_16.h,2
7b8a2180ff0a0924a0558a6fbf4c75903f250511,2
3ea87ad54c1e445a1c8cfef1489809edae5decb3,11
c483fe76c7c750d1ee08a6d5fdfe363f1beb4e03,1
b50add4694e66209acd3c5d6fe62f062817fd79e,1
275642b2977af95024e2c8b55538a5dbc0fa09c5,2
38e92b522b8abc2a5b2c4050dd8d8231127d1aeb,0
Marlin/src/gcode/feature/camera/M240.cpp,1
7f5b0b4008c4e4853903f4f790392451f82362c2,1
60f74f3cb3c95e9d1c6408b80a489d422cf945e6,1
1a241e6e86512b570267d672e2f00a80df41b2e9,3
4985acafada69dcb17b813d76b359bcfb5b57b43,2
f9c8703e778a10f0a2a46c199712a7555f2aca33,1
b77e2a5020714ad17fc12052093231ad4520ce14,42
f766a90f5ff300d02eb6ac7917f2355b71f1f237,2
0878b99b2cb38ffd40faa12d9e3de3bd659af205,11
Marlin/src/lcd/language/language_el_gr.h,5
Marlin/src/lcd/language/language_fr_na.h,5
Marlin/src/lcd/language/language_ko_KR.h,3
Marlin/src/lcd/language/language_pt_br.h,7
Marlin/src/lcd/language/language_zh_CN.h,0
Marlin/src/lcd/language/language_zh_TW.h,5
1bc155e8101001c75b867017fc5fcd31cc5d2f31,1
f14f1be168ebf252dd458c935271aed1a57cfa0b,26
Marlin/src/lcd/e3v2/proui/dwin_defines.h,2
Marlin/src/lcd/e3v2/proui/dwin_popup.cpp,4
Marlin/src/lcd/e3v2/proui/endstop_diag.h,1
Marlin/src/lcd/e3v2/proui/lockscreen.cpp,3
Marlin/src/lcd/e3v2/proui/meshviewer.cpp,3
Marlin/src/lcd/e3v2/proui/printstats.cpp,7
7247acdece4bb20bfd49960c44a7bebe1ea0f74c,2
7b23fd3548f5aabc269ba24ec947d6fdfd225072,4
d9349caeee7307d660ec729052210dfba7036432,2
97e15812fa15cf3ee9f260089282eb5e69915c4e,7
cb12114a7eeaefc227aa7aa94a8e382bfd3aa95a,1
aee8e15fd2b1b701a5f16e92a0c557c6dccb13de,2
6474773555274527ac4a24162dfdd9ea4b2b59da,21
be18edd604d10aba6fb7a3210e90bf711cc436dc,2
bbfaf7474c50f81d606c2dde91035bc40835e830,5
46b5753f5653401bc2d1d3120041a897384db48d,1
a5ac50fcbf541dcd33fe35979b767bbcf0568884,2
574dd34c49fde76e1e736b8a7e1ea579d724ff22,25
Marlin/src/lcd/e3v2/proui/printstats.cpp,10
4a734e4de436d9f497ef432744902c12bab9a257,2
402c4ef5d3de2b22efd73111222ee7d1f1f6b25f,13
0138aff890c458f78b68aa21753bcf5d6e5bf488,2
f281fb473d499d8805fb29d7dd13ec9ef6b10c41,5
a256e47b9c282bd69cd9d1d69970d41e9676e3dc,2
9bf95418a7fbc0da0a6dc8bfb5024b624b94a51a,16
60f591f3b6e06fdef903e10f81ac96f65e30d78e,2
858916d628526b5d56c34c5c9663e3535bfc7788,16
Marlin/src/lcd/e3v2/proui/endstop_diag.h,4
Marlin/src/lcd/e3v2/proui/meshviewer.cpp,3
Marlin/src/lcd/e3v2/proui/printstats.cpp,9
2218bab542c839f4d1d09640f7c7a1444e38a23b,14
a58e530f921e6197089a678d4a667cf3a10de3bc,1
1fbeac7b5255634bb5aca209a3d3dcb6b5e43193,8
18ccc404432f4b9a71cd8bd855ccc243414abcab,2
8c9172cf5d21fd57aed16edbe825a872ae064ad0,11
2dc76689ea186a6c6334a728253ede95c6c6203e,2
91401d7e5f36f1b2d27bfbeef96ae54953c3d3ae,2
733209f9a2cfa347e072738c76860c08a4e74500,1
d79b42c710cadcc7dede4e806e94f16c6451d3d7,2
441416728cd7f0e9b6ebf94f895d1d27fe59d25a,12
dd1792bdfce1ff5ff679f20dbf9bf66789e743b0,2
927b3cc41a0a53f95e1fca78430b116e0fc8806a,2
c180a99c793493e10102b04b58239e32e793ea93,1
a3df3d40eec8e3d4b82feed5b92d50ba15b47acf,1
1e5c279da37270ec8d084cd9c46e6abec2f70a42,1
5b8b8e005b87fad983314bb78bb62604bd8aa8af,1
238951a966204ce9bc109e06fdb4027125b28feb,4
Marlin/src/lcd/e3v2/proui/dwin_popup.cpp,5
Marlin/src/lcd/e3v2/proui/lockscreen.cpp,1
Marlin/src/lcd/e3v2/proui/meshviewer.cpp,1
Marlin/src/lcd/e3v2/proui/printstats.cpp,1
78b342661a07fae8d7152f369c3c9fe16ed9b9cb,2
41a5fbb16ad985220f1cee1b823950c3bb771186,9
eca80db9b6846a05313df81c583828809684478f,2
8261af3010efce783dc2063d7fa75e17be89e88a,3
9728d79ade1c3d72bba368f5c072a8fe402c2048,1
067091458a684a5f5529ef31860a89892750f5bc,1
166ed289953fe25ff4dabd2541934e7364684168,1
5cfe3af0ef1b64d8cbb87335a7e996bf3e1f41a4,2
d26955bde6d64430ed46422f3ec575317c648837,3
c3694f1c038fa20ad749118b0a1c7aa88e3dd5f2,33
Marlin/src/lcd/e3v2/jyersui/dwin_lcd.cpp,48
1726ba5bda1deb9b71e2d9644c789e806b7d1127,2
aa2f4051bb335a24d062b56ec65162633af9dc6d,3
2ef71c6ebaa1f1b496eb369879fe22c69cf9adb4,0
Marlin/src/HAL/LPC1768/eeprom_sdcard.cpp,10
Marlin/src/feature/bedlevel/bedlevel.cpp,64
d9d2dae88391b0bbfa131f56fa49d3f472683023,2
bea1a914bee6caf6ff63a4c0ab65a2b7ddea9de8,3
85067e14b5cd9a1d4d8ac8f38a763e9745d4fe61,2
00ab015de7b728082196c203626dd215dc8427d3,3
b5d3d0141f5169ba79a99876af7b0c274cb382be,2
3706c16729ba095a9845128022408a0c07cde221,2
0ed46406d1d4b4280f8458d56b45b7bdab33e113,5
82ddd55a1a4800e478b937da49d396cb2fb351f1,1
34e23bcf950fa89737289c76953af7b24d5c22c4,1
f3cda01b959274e7930c2050f5e34aa1460791bc,2
2a79aad2dda922e35260750db90e7e243e24fc43,1
bbbd6045cb6e76cca44c973e1922ce5220ab29c4,12
683916e17a6fe35c9726ad7e57e73c519fc96222,2
9360e13cdd1e21799eb3aedcd23015469da6798d,5
9d830d72077fd42927e0a1396fa752b8a6c449cd,13
54a82b4337a5e65e53ef8b28749546c18d05ba79,1
d1e995670d2ce345b42ac8d8f9b0cebda7d87632,1
10947a463ba50ec31434e775e006d192906f7a83,2
e8f5f9d7321bb681ecbb1f787a381bf3885ec302,3
984f9fe7d6a0c86f045010d294c316fe05835587,1
322d5dc29c136b5e2f1a8e4712fc10a781b9d4c3,2
8f1d80b0ba425b6d927d99aad8340e22a71da7ff,1
35016633d843ba393eb17cf5fd1dba03764821dd,2
4b8e4ef38e1f395d394314f54bacff8def9527c8,2
17cc5fa8723eed59106e925472baf37383a5ac5b,1
a6b32a5a915e17eaa73dede2f9a98fc042b4904d,1
e116a99eda1bbfd97e4af1136618d80dcceb169e,1
bfd6be3799627f87da29f7281b14f9e9be515a69,2
6a29d5d5af1b6ef0bee4125a9fc00aaf2c1b6695,1
fbc5bd0d0424d365eaaddad47c58b733557ef42d,1
7680fe2b59c9861c0e6acb13cf085ca55d7deddc,1
70288c6c4fae6a6334d7c48b9ef17da7ecf3c173,19
3b681f7b7450582e0fca2425aabf47b37624cbda,1
6e8035e5aa59454600cd359665a34954dac80a70,2
f8423f9da09a8d67074b4243917953a6b2b8d279,1
1a2816284c0e92f39840e8688d617faa1e32cd2f,2
f8c51523694e5ccc6473bc9791f3fa0135ad395f,2
6136e48df5c8e2aee3447b99beb8464231895b69,3
b8655ca0ed05e077ac89ff377bff3e4db7ff5b3a,1
ba08dcfb76804a912380603b3f69831ea0d1d6eb,7
ac954b57f764cf958000314efc20b725c2b8e054,1
739f1027f8e12da28d15e1de78a5b7ecc49c3b12,15
a6b56d171d855429d1f0249fcc1ffe64881994f4,1
ad0d700a3e783943a722fec00ee3ac24020691ba,2
86c811660ebf0b3fcbae2f34273d4c9d0c22abc4,24
Marlin/src/feature/bedlevel/bedlevel.cpp,36
Marlin/src/gcode/feature/camera/M240.cpp,20
Marlin/src/lcd/e3v2/proui/meshviewer.cpp,19
Marlin/src/lcd/menu/menu_temperature.cpp,19
2691167afe02fbbe74b0fdca2c28a49fac635741,43
Marlin/src/feature/bedlevel/bedlevel.cpp,57
Marlin/src/lcd/e3v2/proui/dwin_defines.h,2
Marlin/src/lcd/e3v2/proui/lockscreen.cpp,0
Marlin/src/lcd/e3v2/proui/meshviewer.cpp,1
Marlin/src/lcd/e3v2/proui/printstats.cpp,3
Marlin/src/lcd/extui/example/example.cpp,54
Marlin/src/lcd/menu/menu_temperature.cpp,25
Marlin/src/pins/esp32/pins_MKS_TINYBEE.h,0
Marlin/src/pins/linux/pins_RAMPS_LINUX.h,5
Marlin/src/pins/lpc1768/pins_MKS_SBASE.h,83
Marlin/src/pins/stm32f4/pins_FYSETC_S6.h,21
32be4065efeafe781e007ca6ff47bd5a3fc22184,1
bc385122e94d7eda79bdf1573a7c2071c4589da2,8
Marlin/src/lcd/extui/dgus/dgus_extui.cpp,38
e45eddfd6c4008d82b3aefe4764793b0669dc60a,2
500415955051a3295756668b3aae3c383bc1b4bf,1
d9659d3177ff3ffd3530fac2db850a5384b67af9,1
2de2185d970ce63dab078bfdd7eb9e49a64a39c2,2
49134a9467f79037cc6ea643b8ac9634e5f7eb36,1
6044cb99559e0bb29a697f346fd1507c59ffbba5,6
ded810cebfbde80ebbb64afe1f4fd277c94e12f1,1
9e0dcd4a2b6d0262ee2b09170aff0c1f21d9175e,3
Marlin/src/lcd/extui/dgus/dgus_extui.cpp,3
Marlin/src/lcd/extui/example/example.cpp,9
ad23b8c559d55bfbc81d077a129c256c9ef9a585,1
3999d67e514c1e752128df2a6dc80ec0579ee504,7
67f0d6ae5ea89fe1cdfc7ac4b25ea2947df1772b,2
47616c7dfa7f3f7fddd8fa8d207929d65d2291a6,2
d926d4dea413f70303ae38a74bc627aaaf21d97e,0
Marlin/src/pins/mega/pins_GT2560_REV_A.h,2
b4ba3dd7f37a6214ed8a3e62f45f9d2aac3917c9,2
0b4500155e8c61aecf41090b41f34a3452593b78,2
ef93b401c38eb1748721be74c9fdbae77f375792,2
154e48ba22ceedb01e9058a7f8da9457a445ee19,8
Marlin/src/lcd/language/language_fr_na.h,5
Marlin/src/lcd/language/language_ko_KR.h,2
Marlin/src/lcd/language/language_pt_br.h,5
Marlin/src/lcd/language/language_zh_CN.h,0
Marlin/src/lcd/language/language_zh_TW.h,1
f73fe76b6c5f9088222265e47494611e9d8bc379,1
Marlin/src/lcd/language/language_el_gr.h,2
d20ce5ff0a4d45e2ac7091832c86d4441f0356a9,2
a3eace117ced5ad72227046465a6d878f66261d9,1
772e19aab988b5d6466bdf2e8948c8c7eee3cafd,16
1a4e208c6901cf3727940e98f12748aa14a52f5d,4
e2a724990762dab554ce5bab092327eb604d3d83,2
eb439b93a57ca6676c02635f6395fd9e733d0afe,1
317450af3226cc4a1647404cbe31a6ab82cc318e,3
37d0f49a82cd2e4d91dce4e62671b266924eb2a7,42
9036cec562a4ae1b8d54a31c9cf296fdbb5a5cba,2
e7a5d4d4169dfd55bc1f0c6e34a527c3f4c17e7a,2
e82ec734d9a102ca21cfd0f8ad47a7e988579aed,2
9ceecefae222e624039eea67dcb478130cb0273c,2
8cd2b0976a0c021a87af07876cedde9101682f0e,2
ae3b00db74c63e51e6e73e4a452468dda9abab1f,12
d22ce55cd5b88d50dd67818c5e44db91575e4d60,0
Marlin/src/lcd/e3v2/proui/meshviewer.cpp,2
ea63ac8f4d2a5fc9d0501ebf979d115adcd42910,4
Marlin/src/pins/linux/pins_RAMPS_LINUX.h,7
Marlin/src/pins/stm32f1/pins_MKS_ROBIN.h,14
06b1f85514d9e738fa19d406f7cbc2a6c7240429,2
5ed307ceb807e745441da4c23888a6c7f53f934b,0
Marlin/src/pins/esp32/pins_MKS_TINYBEE.h,0
5bc84bf08cb47741537fe705dbfe19eee5396d4e,13
Marlin/src/lcd/language/language_zh_CN.h,0
Marlin/src/lcd/language/language_zh_TW.h,4
26dfbd0660c10328847698b021e8ac9101810056,2
7d5bd4dfbc029c1be10a3de42c0eb6508965a22d,2
Marlin/src/pins/linux/pins_RAMPS_LINUX.h,7
Marlin/src/pins/rambo/pins_EINSY_RAMBO.h,0
Marlin/src/pins/rambo/pins_EINSY_RETRO.h,22
48c14f110998e066e0db3b82956fcc0b3af1f1f7,2
7249c3c46ffb3d6ae00236691b3c7ff4123424d4,1
a886906f01d44e56d249de1f37a11342697b465c,13
74a6f5961bc82ef5887ddb7407a8798dc282b2c5,1
51fbe03016ffab690c336f814ff39ad0cb3b2164,2
b2f372b20f375852e3e009d490260307e399792c,7
3b2341fb6127f51dd6b150ea49297b60c364d865,2
3136435c19d2e06253f01010c2d5ca740a78a79e,1
060ddf5e950b104b00f5d20adf858a9ad00ab72e,13
df078cac92b3abe774a11f12b609fa8d952f8f9e,1
ed66f498eb713f59f14d000f8bfa550b34ce8528,14
fadd60441e020e9dcdd53cb592a089e1a06d3189,2
25ddde0394361c23194c0f4a8f9777d389040af3,11
48496dfec14588e646788f5a7099b55093d90ad1,1
6e5f41fe6b996e074b042c6ac521475b8e8aab91,6
Marlin/src/lcd/e3v2/proui/dwin_defines.h,2
dd184cf3c28748b607ba06a6117c4e8425a74e46,2
99e38c40be66e6e36d05580d80d1bcaf43f71ee6,3
46e8b9cad918aa24595983d49df8498d5f7b794c,1
2e24637bd66d725dc07a560cda81b40f67fd1d4a,11
d17d86d6a5a29e29e4d8e811d9bd6e6a030b7597,2
b364e44716d8ba0d08d01c2d61067dd8602271d2,2
1c5426d4af5f5a51f814459f54185c64643a2067,2
e66cd41654a3ca299acd2111daefe50c255f67ac,3
5201869a55ae838a24afe7b05cc028e1b4fdd532,4
18e63ad880cefc210e4a92657bef389ebef67d49,2
4a2db0f7060bc95151eb8512266adaa013c57782,2
f97a813a2ac315cd925c3651bd7c32d609e6d70f,1
4e1bfc4e0de1cbb09cdca0c2d72d92381688e108,14
5859ff0280b51b3130e1d13740bfae79eff4d23e,5
Marlin/src/lcd/menu/menu_temperature.cpp,3
40aa39828598108d519a536d6735354a500a31c6,2
e89e67fde0d3d745d7d468e5972456f7484f9027,1
de78b60252d83bcf96435c53f1bb2a6c0593c9fd,1
30c3daf03165c2df9966b69ce70ed5e5a75b1fdc,1
d5fdbb89ea55a19815c6997d47f1268a96d2cac9,4
06aed792c08ee2e105b034601a4ea773d0869dfd,1
18005cb91e6d731b332b0baa29902bdd46a14313,1
e41dc273c9d9ee05947ecd66c44c7c7a91868545,2
e7de3b92c9952e160c0b46479437cf5de0e993e8,2
79b0f3158556933699cab4c5ed4e8e798b4ef4d8,2
5f89ef99e962a0c8bed7115c87ae4e545ca143ad,2
01f5bd333055e919677d95e05bec1f5f067374a4,5
8fb9b5804e1ff91c4f5d94493db8924a063b0659,6
a07b7161e9acac0bb334e31f06b91725ac1106c1,2
7707cbf338436d7e0331fc95bc82ead06ca50f90,1
03bb28c277ce1c8e98c7b418ce607ecd58c58c4f,5
9cf1a8891f79f50627efa67aae85b7e19918eef2,3
53b79f5f70b04b6e7bcc73dea3f37881acbe5f64,1
21e3e535a6868a84c9e591f6c35e952cc7f9d80f,2
a6404aca45ff1e3f09ad7a0702ae95689fd81338,2
d52d26b4ef55ebb7ebc56ce5c712e4914f3aeb2a,9
3a8809c1a75c9a8986c983c0921b7f7e62e0037e,5
1f9bfc5c7491d802d242623f8253b1f52c0917a3,14
Marlin/src/gcode/control/M17_M18_M84.cpp,39
3e9848f49c6565ea1c630c272e32e27b0858d85a,2
70efb515b16a9c8b5ebd0dae7348a0194841c4e3,3
08207fd0869b048a62811aa2b889be0620b7e405,1
c6ea99f4be9c52d28c535e823da4171a7a89fa31,4
f80e706fad85d6c371bdc7cafafeeed787a790d0,11
2ee7ed084bd4d68681614b08e60bcd1fe6838003,2
1f5b886d121f762603ccaec848014859690a98b8,1
f2071770984e393ed524d924ff501fc2cd42849d,1
d3ee4eecdf11810ab3da2ff448bfd298e03a740e,2
d36f43d80bac5ca8086bc3ca70eb0c5330f317f2,2
99a9e265b0b7356b4d3bc5fdef88e2afe1ab0623,3
12d8108fc6b77bd6c277c49deb4ac99879d551ef,1
d93aa0c38449bcbc38aeca7eac506297270546c8,1
4528fde7f9255eb90fc9b9a44e35a04efb764742,1
97d8a6894903380de76d601be949599b0457f0bb,1
53d06be226a175a5a7950356746941a5319b06c5,2
af4ba2b1ced98066b89dde7636b052b075f96621,4
40895cbcbb284b9d5e7440dc8ad40fdcfd1579bd,1
Marlin/src/pins/gd32f1/pins_SOVOL_V131.h,3
Marlin/src/pins/lpc1768/pins_MKS_SBASE.h,45
85325f585ac4a9bb667423561540b5d58bdc3b6e,5
Marlin/src/HAL/LPC1768/inc/SanityCheck.h,27
9b883704bc6a9269ec7bfbc1377050d579abcace,2
2e06e05d7c2e823ca15bf987331619563577c514,2
9cc16f87e225d4f9f4ca002b2c33a6fda3da5c25,3
f8570257f9595cd2c444a66325aefd8396c178f6,1
664b35b77c0ddf9562de6e74dd253f5bb33ce6b0,9
2538a7c4d6148d8249f5418a76c58ec483343d2b,6
1234e6af528710c7be4f0c9878a023d69fb7f3fe,3
573bc7344bcd66c08bf8cccbc90a29faa4d55030,3
5abb594f01c5bb6c424eb1d50e1f13a90cc9c8f4,1
673e6d5380017f6cb30e75a3cc0c9d7385bf2654,3
4e2b5b2523cc22700b0b71e6dc8c83fbd8a0b52b,1
Marlin/src/gcode/control/M17_M18_M84.cpp,1
e5dfb44fe013c4b242efbc0d536b0bb679effdcc,2
001d1fd7cb86306cf6e25c11a91d0b2e478007bd,6
6bf789d93f18c9ac6f4ebdbedb629d95bb5f6786,2
cfbd8a2e3665585cecb749de6428c749f833273f,2
7642bfbf8b997308e691034aa294a061c5fc5426,16
Marlin/src/pins/linux/pins_RAMPS_LINUX.h,0
dbed3f1c418e1f6edc4d74f5e29659245f6841b0,2
e1f6435d4410478930ef5fb7d99a311332f3cee8,22
21ea9bf50fbde8b5494d92ac28bc6cfb197a7718,1
137ea434227094f675467a9b34c4220e86aa807c,3
9aa69cbc85c9559e2671127d6d6e4298001a6bd5,4
61f0dd227177419ade6b2454afaec422f41fcc03,1
207535af9d4c4fd5e3cf61bc8f38c082892d1bf1,3
4812ed5053983212c9ec8a6229a150a1af7822f1,13
f89fa4cec79c3f034b8bfc868523a1df19520970,2
b042567f76b92d177e355dd2fc55b1b043fdff36,1
4bed8a89dbf0726700cfef44a38961d2bb6c6716,1
006a9e514b68bc10ae069f0715bf5d7a44e5b6a7,1
55cbe15b811975156a4d2b2a1a9ecffd872ee951,1
35dd6a3f77f17f7a0216c242916d4fc08521e2b3,2
9773160639e1670b81ff64325d3c17d591b32575,2
f246e0d0e417f8178a22bcad545bc2938c95b394,1
4937a64bccdb449569c30ebc234f2f0cc102be9e,1
b88ab391bb7199e5774610efd41f1f82a14ba8d2,1
3b50b6aeb1dec836d6bf26f0c8af2b5bb1b7de48,1
ec6bc15d1b52f480e88ad4a21c87f175d1388226,1
5aef2c0afa7807dce16eb4cc49eaaa6bd3a9e714,2
4c033c3e47b80a9d2497b47a7d3f1ef5034ff4d0,1
f9db5ab965f39c594029301d20358cc7150f233a,2
c5a2e41647a12ef16b280975ab713e080e831e46,15
7d95928cbb3de6c677bf76110097c0aa21965740,1
a872232b15d63c73c5c5ce281e3d1dcadb47b608,1
6323de309fc6b54f67121c147240c060ecc6c143,1
0e2c5b45ece8ebe591e27cebe9570f9049a55f83,2
959f7308e760d85cdbfe90ea3581f42811823389,2
9a7d9e6995f4f66c4b48147ec7876d49d4b3ae77,45
774861b15ddd850b34404e3daf931bf12f990919,1
04a25ab49686a71f448e3605a192917d03f86a95,2
467ab74523087a852ab50939d86a0ca0b78f17ad,40
358a54ecdc4e13d46d3859485255ef0856e3f2ba,2
buildroot/tests/STM32F103RC_fysetc_maple,1
79b455575b79fb329afd2ddb9d5c2634de954e15,2
d364babbc0cdb73337d86e2c4fd9170b46b7361a,15
1771d7ab64e2cb5bb339370a373ea0e6dbed82e1,3
68f74784a3a41c643984ee62a507b25903430591,9
08edb6282f7c85f785bd838be9ef59ef247e61a2,2
a4cc9b60fd27c3b4ac81c322107fa4a041cb51b5,2
f5a905a64121e4ff43894d295ce6990e55aa1149,16
Marlin/src/pins/rambo/pins_EINSY_RAMBO.h,5
d1738e946abda285f9841ca4329d43b86f7e297f,4
650e6fc42691a634c0a2f303734a6023e80eeecc,2
c034819cf8b81626cc0af719cdcc776ffdb6269f,2
077a620e21fcb1cd355129a56f12125d067f2e0f,1
2954bf26979e43c6b36ca2739af4e887b651f3f8,6
Marlin/src/lcd/language/language_fr_na.h,4
Marlin/src/lcd/language/language_pt_br.h,6
Marlin/src/lcd/language/language_zh_CN.h,0
Marlin/src/lcd/language/language_zh_TW.h,3
743903b96fd64ef8cbe23d84eed7de1e29b1abed,4
02a14d31b2bbe6f723dc8da75f1f124a99deedba,2
df4f80622eb262fe39cc898e0237257b2870aa7f,5
9902097d916e42977e7a4992e2e5773d5e5e9731,7
Marlin/src/pins/gd32f1/pins_SOVOL_V131.h,23
10ed5ab01c43a09429e1eb885196308fca71f492,9
166935641a335664213cf21ff7ffe08c10eaf5be,1
aaf55a21ad9fa0f72e166b4b3f74fda427ccf91f,1
69f8da468247986225b33e9a373856650746b5d7,5
f0f7ec88823318c7d778e42b4dc7604120943032,6
921591d2b899000e3181a098a069392ac0ac4b42,16
Marlin/src/pins/stm32f1/pins_MKS_ROBIN.h,12
Marlin/src/pins/stm32f4/pins_FLYF407ZG.h,5
5664c02d077e028f84a24efd96c2eebe97ce8763,13
Marlin/src/HAL/LPC1768/inc/SanityCheck.h,8
Marlin/src/HAL/STM32F1/inc/SanityCheck.h,44
Marlin/src/lcd/extui/dgus/dgus_extui.cpp,56
Marlin/src/pins/esp32/pins_MKS_TINYBEE.h,1
Marlin/src/pins/linux/pins_RAMPS_LINUX.h,37
ce85b98db471685404d6e4975dcff645b09d771b,3
95cfc98fe406bda0d0dc8d08d31e0f4416fb109a,2
5d8d38a911f96dadd56471f6dacaa6bda64b66fb,3
31173394b871a9a3e26ab58eae51c62c7d780ba2,2
c8ed7950f40f9f454fc769b02d53f1086b17576c,7
89ccede139963091768985eeb4ca5a6e3111647c,4
fba1f838551d13339df3a0f6f82c46b92631c730,2
726de7e82136c1a718b0c62425231eb0662592b6,1
4233e4864f0c621612ce35a9b6ca882312e3aa4d,22
98277f2c1cb1f8ec66938689f6728ea9f52143c8,2
ded9ffa1e7cc154518fe94b5c7da4f4332eb8a27,1
335ba32a0e71991402d3686162afc429130db4ec,2
91cce2a7b39f1b64e37224fe6bef4ce00463fecf,10
de7726ca019461d029f9fe2a14a85b8ecf8723fe,2
c087ad04d3fb95fff1ae032d4f395e4fa33e31ed,2
4ac9cfba4f44235047e95d3dd64579577262d4fa,1
fad1dcefbcd300128b474783f1183ea8a6d18496,2
19b4ae862b4db32f94f3ff004b5e5e3116502e3f,1
5e2e00306e034c9bb0ad5180e1c7b138f6616f5e,2
158c4de4f6d5a91379226f00e6e9e0e7c153d22f,6
0c2ed8688dd387b56b318f6207ee1cc70811b5a5,1
c8c5ab22ce242b93632a7e2b9f855bbaf38b557f,11
364d8566b01ff7555c6075c857c1a727642e88ad,2
e6308f5d027d2e8ff633aaf035787a1be9da0d58,1
4d8ab1c401170e345b11e971773a87d87272a82a,1
ff44663f5fe4e9ddc1cb2ddd8c2a6c5994e3d143,1
b39b5bbbc92d3a15c53ec5027d8b2e05b34ea6eb,2
ace9855d6fe4fc956c1c3ad584ca07e25216376b,1
09ddf9c6ef9708baf42c3145332b2921e75f8d73,1
802fe519a310e94c7658d7c60deffd240770565b,1
b6a1a6273fcff835002c5645ebdd157b5f180bab,2
e49cf0665a112e7de0601e5a86c977435b2142c3,1
2fcc140c0d4353149c24fa8a3845b417738d7620,1
6e3b58d76a00e861a9945f3073719f82473a0faf,14
883bde07c650068f10995b7c58cd72a432d4b78e,2
cc35cb3876ed95163b4715bc29da96813906663a,2
78bdf34b7bc56a0a8aa193cfd824ad2841ed25dc,8
9a1c02591ba4c3d5b41f4c64edd819ea1860b75b,9
48b712fdc013cfbda94bc1e2452e4538999916a4,2
6d819eb8d419bad0bea5c9ce33a673eef5ef03eb,5
92721d1bf7d3516ffa591bf7fa9b0b03099f5156,9
Marlin/src/lcd/language/language_el_gr.h,5
Marlin/src/lcd/language/language_fr_na.h,5
Marlin/src/lcd/language/language_ko_KR.h,3
Marlin/src/lcd/language/language_pt_br.h,8
Marlin/src/lcd/language/language_zh_CN.h,0
Marlin/src/lcd/language/language_zh_TW.h,16
Marlin/src/lcd/menu/menu_temperature.cpp,1
42c62ff84e9e5322daa61ac2e582414d0304acc8,4
cc3a355ffbc85a9908c8e7986e3453de951c2316,2
d77e921a1512c22670b5ccf421a186d7ce3bd815,2
756fd1b9acc6238ff677513cfaa3da2da7aa6fa4,2
b44d21c595c5266e2590fc99712b107f7cb19067,2
efc725863ab76cfd32fc8bb136aec7b6d884cef0,3
161b99cb54f5d6d183877902581d3d77e8a1fa78,14
c3921bbf3f9eae586ddac773a6992e1b638cbfb2,2
c8cb618faca2ec88681dfdd1b36ab6d160036b33,1
b3198ed92942c848bea66a6e41b02ec1d11471ff,1
c3f34e4eb2fb64c9e38beef6f0bdbc921e688ad4,1
cbe796e2d61af12b964545abacc35c381f1774a3,2
0f341635582a205e56ee8007ba0c4bb4545f59cf,2
f5c7b190f6169f0a213ef4b088e9c4b5ef33b2b8,9
7369a6a37b39d89ce92bcfebec74d60ecd74ff22,2
b1537135e4abaf6c0dd85aa00160f63306d8a83f,1
b3a3cf28d244c02f89303d09d6b5d6cbdc90dd53,1
b5899a96645894af4cdc6815e8b5def1ef85a347,1
4e73fdd03ae4a89ba3449c9da377f2901678ea6d,1
c599c939c1d50bcda4cd8f491ac6bd36d9c4d56f,1
8c0ae93d2af2b55197de856529384e8a79967f92,1
f53217b2c5bf7d61d21ee6784ec251bc7a670eb3,6
185961f898f8c9d2cf5e3d78dcd060e7c576cf7d,2
e9f483b4801a541758fdc9d065e1b825e8c53266,1
c6e564885e65b9bc4fbc490e62ffb3d743eaa1f0,3
c37797ba2c1516d7cb010d58adcbc9f204865651,2
832f769b4614c60b6088f1fde63995e26ee76dcc,3
c4aa39dc863091cbf0b4590ec4bd3a117a9f92d3,1
25e5a3597fed4c9c9c0b074e4aa7c5a7c69d0403,1
266786406c3e90654e94b91cd74e646d145cc4ef,8
182497fc3901b156f139e6884a2e5106f2e208fa,2
7a5934ff4729267873a94ae3fd95675ddda65daa,2
54aef53c4d413e9fab2151cc2c85467902c65955,1
12d6043d86737925f8d5232536b3fc5f9055672a,1
8c897babce82114b0f589ef4f93a9cd501efd241,2
cd5dc7203ca6340017a4f686a456f5d71792f272,9
Marlin/src/pins/esp32/pins_MKS_TINYBEE.h,2
Marlin/src/pins/linux/pins_RAMPS_LINUX.h,6
Marlin/src/pins/lpc1768/pins_MKS_SBASE.h,13
Marlin/src/pins/mega/pins_GT2560_REV_A.h,14
Marlin/src/pins/rambo/pins_EINSY_RAMBO.h,0
Marlin/src/pins/rambo/pins_EINSY_RETRO.h,88
Marlin/src/pins/stm32f4/pins_FLYF407ZG.h,1
Marlin/src/pins/stm32f4/pins_FYSETC_S6.h,8
Marlin/src/pins/stm32f7/pins_REMRAM_V1.h,15
56f2da8c9d4f0b1a0a337fcf176c805e93fb98bf,1
c7290f00e01e233c14829f3bd8d899f92a8010e0,1
f1970b9da80ea3c7795267b02b12a33c354e2139,2
fa0b86ff98d39db5b078bc68a9647c3303b4ced2,9
Marlin/src/HAL/LPC1768/inc/SanityCheck.h,11
f0f5cd473417b55442069372d8ef80ff1113f117,1
836c8ce5e57ffd7d4cb2b0b7364917088d7ca7d5,33
27b828891db155f8b372e4efb9891bdc91bf6d33,13
74b205c7abfa5cf9bc487edcd6a26a75a6c9a0cb,2
2fa4a77584180524c526c3e13af5bc57100c62a8,2
5b1f087c5b79fa7797aca5acc22a72570a36b64a,20
42a5ae8716072d16badadd62fee38368909ae412,1
7e700c13948506ab0fc57719c7c1bd35f0cb33c4,4
4aec74f2465a14b2660a2c28e1da39f1013cb521,4
e687490f41036e85d604618bf4c6246526759b54,1
80839cf020b32971b4cb63f96a803c4fe19ce828,1
c25a6737c6845c75474891203447101c06bace81,2
c47189a9d94508d78ebf22b0d96a311a1dde8690,2
1be2a7e4c17b8e19fade64ed32e101a65f9e8c32,1
06d9a2ff8f4364c13dc12e36b91399de54136097,5
c37fa3cc9097a9aa7fad5f168e335caabf23278e,15
8cdf43f8fdf8900ad903d094d1aeb5dc651b324b,11
afb9ed73ac5d2a25ff742e9515bd4e3b71a319e0,2
06e5273d24776219253a9229621c034ab263cba7,15
16bd900a56498361d88514a831eed983af9301aa,1
20e23050117287dafa6e5b16b6253b3d7629020d,1
b1398cf3ab3c2a9fa1a34866f21dbf248d7e983f,2
c91f3a78845853b83d583db75faee09031f6c608,3
49f1cc8efe0fcb8df79581c0b71eedef250e83f7,5
a8ac83bbca1b6aed52e6cfa9a7b219cadd8c20b7,2
6a8ebdcd5093a8fb393356dc0c1ee2a894576fdb,2
e60df9d0af373b8ea34de7bfdbc9113eb97a1b22,1
6f5fd425113817fb72a38faf330b7719d63a77c4,2
3b425d9a3860e959ede1f841112819a6ef09f7d5,5
54e29d75d72671c535324f9e4fc5cc1b0a31b298,6
93eeee2230c5b0fb238f63931c55b0b47547a8e5,1
2c6aff5c79310c1b8222f0c2a26994ac728516f8,5
7185b34fd759bc378c2fcdf3b84f9533cf171110,2
83da21089f789033d2a8d5de6433c5fc7cf58b98,1
9911104036a515967029286775db0d0e7c4aec3a,17
de0cd660705668f2e9f1e0cb8fff80b40be0f4e6,20
70063fb6520f4d42976ef9f4ea58cde6506bb96f,2
a3ab435acf27034e14cc1f94ab5e3de3936052cf,2
e0132f7a1ec256ffe07d44c181fe1f2a799fd109,19
Marlin/src/pins/stm32f1/pins_MKS_ROBIN.h,5
41487bc9e73457021a544a17bc2d8b61cb3223c9,1
08675612d5425d6a3824d0113b2a5c4072193a4d,1
c2decc3e2e30c7cb0f517b7e40d8138a8c1d4a81,1
1adf76dd23269101439976a2873b96cc6a82f676,2
61f22f34d32ca33d99233eb5b242e52c23aabb23,4
Marlin/src/gcode/control/M17_M18_M84.cpp,12
39652d93ab09ee95059b1c08969b11b12db1e5a3,1
241c06218822d63e47710acfa6885351fe495bc5,1
24a9a66f0a238cb59cc6bfc7ff235713eefc3614,3
48b7c7911340300905940ad490678514a18492fe,5
0021a58943721a81b1ef23fa5e7366cfd80a3d28,39
ea5d7e2eee641122ddf56705f6c9060d84a20df3,15
cb0a8f2fe2414cc4ab5180c3bc86cd7c320862d5,2
b4b2b3e61c6b0d1f2d43591460430e1ac8fc817d,2
aeb8eabfccd8f3bc8449d23d675f02ffeb1561fb,1
2e4bf0ab9b2b4db545665bf976d2e0738c237b80,10
Marlin/src/pins/esp32/pins_ESPA_common.h,0
Marlin/src/pins/esp32/pins_MKS_TINYBEE.h,2
Marlin/src/pins/linux/pins_RAMPS_LINUX.h,4
Marlin/src/pins/lpc1768/pins_EMOTRONIC.h,1
Marlin/src/pins/lpc1768/pins_MKS_SBASE.h,18
Marlin/src/pins/mega/pins_GT2560_REV_A.h,20
Marlin/src/pins/rambo/pins_EINSY_RAMBO.h,0
Marlin/src/pins/rambo/pins_EINSY_RETRO.h,94
Marlin/src/pins/stm32f1/pins_MKS_ROBIN.h,27
Marlin/src/pins/stm32f4/pins_FLYF407ZG.h,1
Marlin/src/pins/stm32f4/pins_FYSETC_S6.h,16
Marlin/src/pins/stm32f7/pins_REMRAM_V1.h,10
Marlin/src/pins/teensy2/pins_BRAINWAVE.h,10
01296788dcde14b29ebdf2c7b2e4895be66d75f3,3
Marlin/src/pins/ramps/pins_MKS_BASE_14.h,7
8d3142911c017b542f1b55e9d2c09b68beacadd9,1
de4452fda6b3f1a0d74865bc364fb362ccc38ff4,1
1b72729698085afa85e427c0578f5ba811fd05e9,1
aba42052c3c85ffbe02718a49cdec9e6053b9c03,2
d74e65362f738baa746c54053c2e8fe9454beb0b,1
ec91d5a1efb56377ed784a48377521332c0a7e3e,6
8b6155deeebd5aa12d0a335dd9087fd7db280d5b,5
39d08d90cd1aba3fde54dc070531c28bf2dffe53,4
Marlin/src/pins/lpc1768/pins_MKS_SBASE.h,0
50b62975231fe08001c79953c796f9b371da88ad,57
0914f9e0e1738e118176bc9fe2df03215f1c4456,15
Marlin/src/pins/lpc1768/pins_EMOTRONIC.h,1
Marlin/src/pins/lpc1768/pins_MKS_SBASE.h,21
Marlin/src/pins/mega/pins_GT2560_REV_A.h,1
Marlin/src/pins/mega/pins_GT2560_REV_B.h,23
Marlin/src/pins/rambo/pins_EINSY_RAMBO.h,0
Marlin/src/pins/rambo/pins_EINSY_RETRO.h,25
Marlin/src/pins/ramps/pins_MKS_BASE_10.h,0
Marlin/src/pins/ramps/pins_MKS_BASE_14.h,0
Marlin/src/pins/ramps/pins_MKS_BASE_15.h,0
Marlin/src/pins/ramps/pins_MKS_BASE_16.h,46
Marlin/src/pins/sanguino/pins_MELZI_V2.h,5
Marlin/src/pins/teensy2/pins_BRAINWAVE.h,6
769ad2764512b38e987ebbed1fe026d68a424bb1,2
Marlin/src/HAL/LPC1768/inc/SanityCheck.h,3
Marlin/src/pins/linux/pins_RAMPS_LINUX.h,4
Marlin/src/pins/lpc1768/pins_MKS_SBASE.h,43
Marlin/src/pins/stm32f4/pins_FLYF407ZG.h,20
28666f2fb28e8b68f641e507359a72dbf4bc117a,1
c641208ceb39455985f3665dc9ead2d0ae263012,2
17b43d6b3d10a816ba534547d37346888f3897b4,3
724ba4b4e607364c6c5f68d716648b90cd850fa8,2
91b5015a8b3ec5efd1052fdf7208124ff8b4120b,3
Marlin/src/lcd/extui/dgus/dgus_extui.cpp,1
Marlin/src/lcd/extui/example/example.cpp,5
2ecd4cca1b694223802a53d5a7febaac4c4573b6,6
8b1830c487b29560732b079dd5defaba68560652,2
06cfd9c54af1537adf458a719b840cd501395278,12
d450f67caa0d14386760f472fc3165988db95d37,2
ca77850cbb8ed57d4cdcf29a12a278d6bfa5c0d5,1
fd36e69bd23b60ef8edb0848f219a5ca65dae181,3
9249f61a80ea48db8b437f17374c25ed5da1a65b,1
7e25e87807c7c3dd213ffa558cf6e6d0383b7650,3
432aeeefe30082843e0e3cbb4a0f0673681fcfdb,2
e6ac9ff204b09c0a852f71b77417f99ce4f5473a,6
283d093a4c4601ffa41e2754e790b6ed55c05e11,3
5be895d906d43a64c5e429683d136388d20341e0,5
3c882703619bde0d7cf292bb7dd7918f12edd23c,2
6f2d8a3872cd98bafd44e563cfbca35596111ee7,5
5abfc6160f57f5e37c7e88bead4b5eef88832a9e,4
fbb1c82bc2acbbe3339e2283a797126b3c3ea515,3
927915a4e68772c348d3c67689363fc512559d14,2
8c64fdd091f825d7fdcb0eb903c5d1af49c76129,1
d0669527c43ce69d5d2313367a8752b6cac8119b,5
88da531e5d873c342a4a6625d9cb57adb2644cce,4
98c0cc044d1be2c098335d9656f2d0eadf524129,7
ac1e2d0fbcb96c27da6225233be1a28ef3b5ee01,1
ce97e42aa0a385f52fc5814595274241f73184a9,4
f50603ff1d380f759addffd2e54ac008ebec5985,2
c914761327077cb0e715171bd0fd5db741eafeb9,7
b5836b243ac9321841daa9380d55b298375aaa2e,12
6f5b7a8b265066249782cea6485fb9fd3839e424,2
89e8257008507821543af8811ab78ef0365b2741,5
ae4fa0ab685f80124a9d183e28c7beae4234edaf,2
507c122fcff686bc83d6c8b06bc05f3bf01bcc73,1
51d3eabf463f28411670a543a7bd7418aad46fe4,5
41b3409ba86d5f6e0826cdf577253a801b9be1c1,1
32c7e24b4bce9fb42b4523cf35df3c51444ace71,2
0a00662b54dbfbe913feb676ac35ad1aea472759,1
65b97438fa92743ac5b2659ae55013a4c413da39,8
10983d0cfe3e353ba465cfcadf8aeb51327f1197,17
66d94ece33c5f7499b1901ee7510b1017cc0fb6f,2
50893c414d43e2d9a351eac983ed8ebeed126ab0,2
1cf85196b660795d00160ea6d83dbbdaffb290b5,3
f90c49910defc4124f7ef0a75dc8a292b9ee85c7,1
3156595078c4d6ecdae5a5976ef0dbba060fa603,6
6f5d33ce5567310af8988c3db35c728455ff425f,2
9039e99df1b95f6a352fb1b2ae27f893b091cfe7,4
db2b8a695d2c1db99af009c3b72a60f566823484,1
143a8701d5b11925440d643b47e5c5812a69352f,4
3365172e7c7b577d12912a7d942d3a2fa5c75f74,6
549419e08482873422675173cd9d241362b88f00,2
e4b83ad5f58772f73d9b2dcc9dcccbbc2a3e893d,2
e1a209d0ce5cacf60a13b75f06ffb7ae67ee3bee,2
4a0cb4fb4ac27ab20b1f97a016b85bac6ad15470,1
d554844a51691c4e88d0fab8e7893b62e090f235,2
194f58740a34c8aa8daebf21baf614c6f1eec518,2
4fdb0fbe8e8e8187d05bf56e8ee8e2a138120a4c,3
f9d3939d2331b785c59924538f1d248d5ad23a58,5
cb66bff9246534c11acea192deae4ab6281b64c6,1
4527908c11be0f7a5f512f7235c0123b1e3f3e2a,3
fe32582262a22d5e4111d14e47e087902fe3e9fd,2
3e12934ea0878c311b55c00766493f1b7cda0044,1
987923ecb4bddb0a5813cc7c5563eb69722b33d5,2
28b101cceff79eaf1401b583a05e0251b1e6e55c,29
cff395236cacc55845b517ef649cd510fd786a86,2
904ddf8551149e7de1af25456fc41d069f2f2ac4,2
26f96dc7a66bac9503bff6ae64f8addaf1a3a537,2
32dcd7f1187b3e2fc30f69cc936c0250c40a60cd,3
1d06fe8e267a369dbe3a547d8c08264714331783,1
db5ff20b72c8769865f1f7a23d3ce5074b0c997e,3
0b473eecbccb50e1f59f91abae1ff28701df4a46,2
4b9bb85b1266e8febbcb1931c8427d410a05bf84,8
cc31537ae3ca3be37ffb171540e7445f30827930,13
Marlin/src/lcd/language/language_fr_na.h,2
0e2837e3e771635b65b7293fc11857d333ef0c16,2
e0538278313a9249c79c80dc6a0653ac5e44071a,1
22f370a3fa3a9c9f95965eeb3e7bcdac577d3905,3
c2572de9f48c8518ebae7866a45882cf6cad64aa,2
c63577fd1dacaa232cfcd44a1e9ea1426cd8c0bc,9
Marlin/src/lcd/language/language_zh_CN.h,0
Marlin/src/lcd/language/language_zh_TW.h,0
33ed748004ccd3a538c3761839dc3634516baea3,2
dee4ef09f8763f320bba0e1c2f664f9764fd631d,1
f3f7b1e7e337f9590b7805651969ae88b58a903f,2
f0c8c9182090f8929ec4766683ec2d6902d4bc00,7
Marlin/src/feature/spindle_laser_types.h,7
e977232735abd759678e8665759dbc214df88202,11
f359f8818a4b7009d904d687349b63b84350a896,2
c1ced60db0f095b943010a3f3354a43a023bec04,1
8b74df00958062022c7cd8155be3d854876baf24,1
3c492793e00c000cf8e56b7853ea45931e0351c4,1
59f30d384cf94202a3bd28ff1b5c1379841f8695,1
13eab74fb8097f9604e5089f9cd2f30183d11f26,1
593567b4404a73ad1d933a47811ab7a7faae6025,1
49911c8f5d7740071e53d5a38f102ca1b1474dfa,2
41115e0590e7adfc40a5a19cb4b0676b24e46075,19
31f1a0207fbbb693d22d17076c2e6e755b49fdde,5
6a8ebddaf66fbe12d6d6b266d99080d66e618876,5
buildroot/share/fonts/genpages/getline.c,0
buildroot/share/fonts/genpages/getline.h,3
030559bf7f0287150549dc1a9876ca2bc7de1617,2
42cd314d96b764831f6406102530d570aff8a06c,1
894e3787028575015bb6f978ab28219bda66f58d,1
579833e2a3d8ab8716fcab85dd26904a718fcec8,1
20d4b995f7fbbc1505fda363b69596a75bda03df,2
6084502f8067c001ba3c4ab42e246931a6c6c8d8,1
18601f458fa13efe7b1f431f3f005db0dfe43431,1
80f0d4ed7c7e6487ffcc9a2f4b8ea32f78192446,2
866e7d3128a7c526a76b8826df70b3769177385d,6
106896309245b946276d83fa3ea4ebc4e9aa33ea,8
445181fc421891726973fa086c1de0601912d45e,3
db904f1895d27c0e97dc066074367566406ee3e7,1
03eb9b058252bdaf099558ed8dfaa837aaf1411c,1
b1f45b384b2e472219ca055050ebd2182eea045d,2
7552fc8f8d96a01bfe12756374307b793bc729ec,1
acfde4e7e5e1fc4ad46a26700f25a6e60e325967,5
c5d5c375fdee7c4912b22e717caa82465ce6ccf4,1
f9f6662a8c4692cc67006fb302068c96a0e86ac1,15
d3527f5de42f087bfe313aa475b0bf5d07559fed,2
44faf5cbab869a6b28287bd52172ced84badffe9,0
Marlin/src/pins/rambo/pins_EINSY_RAMBO.h,0
9e42480855b54d64415f3810d4aa911f7f439097,1
e46a50236fa35531d66ec501a30804dfa9343f34,2
5a8883b44f6a6fc7be43e0f50c5d7708d0e28c97,3
464bb1f149324ff51d17699df4e55a305faf0d1c,1
bc450b45824140d9c0e73e6b04c427ca81de5b57,1
df44424388ee5b2105270ad7086c37f84263dc5a,3
babd3b0037d660f52cccbb295b8839b8dd744036,4
122d4a89f6f151db0e8cb3396b49b743b6211d8f,2
03a43786703d84f1b8c6374755b2764aeb9e04eb,5
e002f4fd38fc8557a3e6d029f03396607ace9e50,1
0f745468a17c3e6130e3830fcb3210703ebaacee,5
4f212e50b6ad402ae34e7c9ed35ec9168bae6221,5
d67e701b757b49fb2f9a5a54f276658f84fdb231,2
c950f0f5d1e6804365506d1718e0a4029fb232cf,3
Marlin/src/lcd/extui/dgus/dgus_extui.cpp,1
Marlin/src/lcd/extui/example/example.cpp,6
786c666151dede1f972c189f2151fe266f9bc7ec,2
9db5bd000b6a07b8dcb6d6568df8411efe57a133,3
96bc084f3d791bc93265f217181986863e8e5fc7,43
Marlin/src/lcd/language/language_el_gr.h,12
Marlin/src/lcd/language/language_pt_br.h,7
Marlin/src/lcd/language/language_zh_CN.h,0
Marlin/src/lcd/language/language_zh_TW.h,10
c68a4c085d2e9051819e7dd1889f3d7f06ad10a1,2
aa9df38b053c2ba7f7fadb9700637d1ae9cc0948,1
38e633023603559032f2daa80b1ee99d9bd4df72,2
90066e71608994ed7ed2e2351cbe5831dcab748b,1
d925305b9eaead8aa90f4cfa7970576239704986,3
196f403dd6be59e1bcfd24f31895a1ebc551caac,5
fc20533583e6a1f9bd2840208a72fbbf362e4bb4,4
aacb81ea60c07d840036b59249af69c518398289,2
2b86daa30bb4705f8369ca27dd5fe723c90ef634,1
aa8afe90b023b0ef1c4bc766566e81b894f66885,2
028b11f2caccef5363a6695798632fdce58348f9,1
fb480dffe4aefc82ed7c2d9643de7411dfe3e728,1
4c136c3dad1284d7c1ece2238c8413f8f97f8392,2
c421a2f5dd8e32e48afadee304301befaf40fd49,4
0ddce13ebee0e8262c902c5d782b324451a8b544,2
db01960a0e8a7d37173914c601a9bf413f911a86,3
58d6b5db0a91ec5b8f949df138a9912c059cfdcd,1
ef3f484d3ca620272f849b913851541b54b51c09,2
8a9de407a1105a1b21274bfd018d9aabd6ab9df5,4
3cd9599155aa46e4abcdfab8971e0afc27514a2b,1
339773dcb5e8912e3bad2d916ff8c8ebb617694a,1
a6b677f0ac5f8a29bb5226eb0e43756969629319,1
f595878b5b12ba87c88e43160b3434e76c782998,4
Marlin/src/gcode/feature/camera/M240.cpp,11
7e79fc5b8e04e0614d8ae09f908a73728f3e596e,5
23e2cb0c53abc0727b0105beb777fefbb645280b,2
88de52210ff878838005a5f1213cdb1aa7355ae9,1
842489a5dc2d4e0c7f80c4bde031355383848360,3
88dea487c2557cbea9999c0d80edc937eff27be3,1
7659f522d6927e8c4beb86fae1b01891b705fa38,2
2bc711ce58cfc5594b19593935d1c62f8261fa24,21
444259da079f07490de016566bc66950aab473f3,2
218ca0530432d6b1194ccac5fc32a72bbc9a7c96,1
Marlin/src/HAL/STM32F1/eeprom_sdcard.cpp,17
08d9cbb9306a032d706a6ded0bf576fd0c58ca8d,2
7c0b4657546d62a740651d3fee802cae62bd99da,2
cea176ab3658cfbf68b73aff79b2e52eef4b5948,1
cb7af50bafcd377a77aa4965e3fa85caa5e6bdcb,1
a80036e3ca867ffdd4a4ffb9607eaeeb33cd581a,2
8f11428db11e83f92c4810c6e27108912b01d8b7,1
3be967bcb4f2e66500756163ebd036b7d235af1f,2
57a7e28145de06d58be25d5d873586970e6db3d0,1
64338dfccb8416a16951d3bd4dcf6aab96bf2e4f,1
fbe9237a6c934b8c16e39b879b04973063c3988c,5
d6f4f24658cd6d307d395077020be85ecb0d2210,7
aae103e3592eceefe46320882cc96320b995a245,2
738f0a10f532881204d567a6c07240ec8c3c3052,4
5446968a5885ff0fef6cc66516db72b123511200,2
2dda0c0da2528c88b4a5660c60883d95896999b8,1
7ad3586f822f3a3f5c79ab4a6b067660799b1de9,1
087e19a0ed4b769224d42cca83c8caccefce63c9,10
d0a965a1df3cab6522704c4a9b2e85b53b3c5c40,1
0c181fc9d3ebd77d613cff63ccb82f2e4d4c39ec,1
67bc855000345921281a2c8c210e4363542f6a81,2
ab767a4586a5c0c9ca1c7afeb43d0ee226a1e38d,1
0e748da7d39f6d2193257478e6f997cb4a4fc1a5,2
2637153575a6ee695a6edb0ac561ee7899fba2f2,2
a2c93c24a69ab5342bd92c92426628e45b790d8f,3
4f902ac950e02d1d4e4b13afdec46937364ec22d,4
cf02107e6a8f9a122f15b38ed6b699215ee7cf16,4
7a49fab16d9fd3df238cbd341f90b067e401b17c,2
73932855609aa949fa13e3570659ce26c43b0ab8,5
e0ae072f5a7094af02704fd7ccc4f3894f076d7a,1
4099763cfc06cc6b2d71a1fce76d73422183fac0,2
32688979a166d334bb20d696f521bdffeaf92357,2
fffc96661f53735691b6287c8bb90d0229dbfaae,1
e656f108c8161de94427dfb65ca74153cd231a31,2
7e72981b8cbaa7a6276f6833527e97cb10e060e7,14
Marlin/src/lcd/language/language_pt_br.h,7
Marlin/src/lcd/language/language_zh_CN.h,0
Marlin/src/lcd/language/language_zh_TW.h,1
b7c23631c5840e2338cae531b171459e9e9c5301,16
f2b8942adc6ff85fe99c0bd5ebae83acdf4e1b75,2
f81c468f1e4fab9df0741011d34852886a6ab8cc,1
b3f65b674f23db5c32e4d7e96ad2dff97c77c717,3
Marlin/src/lcd/e3v2/proui/dwin_defines.h,10
99d1b04a1f1d66aef78994fd98189a9ba9acbcb1,11
58f64eaeba35107cff15ed225577c553b23a6627,2
c4482083ac901b1691662ed01ec89f8a2cba6874,2
938d7b5e14fadf7c0f63bfaf4726f7ce5045e27b,2
6fe387b6f0722033e6cca96fd5e8215ea7b162eb,11
Marlin/src/lcd/extui/dgus/dgus_extui.cpp,2
Marlin/src/lcd/extui/example/example.cpp,14
Marlin/src/lcd/language/language_zh_CN.h,4
d94defc545ad477c82a8bc77e949aa91cdd3e0f2,18
Marlin/src/lcd/language/language_pt_br.h,7
Marlin/src/lcd/language/language_zh_CN.h,0
Marlin/src/lcd/language/language_zh_TW.h,2
212167b140f7a1b6f24ff69cf367860b78812c05,6
d753781dc0c4853e8aac1cd997a5f105fbb8fa3a,2
da87c203c1e70bf719b90f7bfdce6027861bef90,3
5acf73868876da8baf823e7b95f49265935c249b,1
80a25550128b05a7761e4a3bd365b853891b48d4,2
5fd5cb02f6b26f32fd9b49fb37e53a93531da98c,3
7503ac3c67b1521f8d2c822f51b46c97a884a21e,2
80dc7b290b38f042eb994b8c306b18c602f410aa,1
3d0b11a373746f8a08dc6d84d38e7c747990f143,2
0838f70b25316fa8a06d019e5ed5d446b5c207e2,1
5af5c2a35c2bfa6c3128fd69f4c57a5eccc82147,1
fe62c8006ab4884c73aa4cc2d58a1d8a13265d11,2
64167dfe79df4ef5f69b2632e3c0cc162fb22914,4
250fd60920142467c4c44370abf6446744b557ef,1
01e58de31a804731d21c491952afd2347fda3753,7
7717beb79362522b8239d5af62b32ff3d0e2d748,32
33e5aad364e914be2d84d4f82da6321161a07cf0,2
202114c018dc22513e74c5b76e92ecda53214310,2
7eccd3dd8cd1c3bc0757d4ece475332d8e4599e2,2
290a55ced1071eaf9daf6f8191902f48f1b2ea4d,3
Marlin/src/lcd/e3v2/proui/printstats.cpp,0
c3fe4abd446336c50bdb892f08fa24a08f1bdda5,28
8a33cfd546476a016191cd18eed0bfa415ec8bb5,2
c66b3cf8a429c427c014f33171407c634da735f1,13
Marlin/src/lcd/e3v2/proui/dwin_defines.h,0
Marlin/src/lcd/e3v2/proui/dwin_popup.cpp,4
Marlin/src/lcd/e3v2/proui/endstop_diag.h,2
Marlin/src/lcd/e3v2/proui/lockscreen.cpp,3
Marlin/src/lcd/e3v2/proui/meshviewer.cpp,2
Marlin/src/lcd/e3v2/proui/printstats.cpp,8
7ca6650c77699b9c36f94767ff36ae484c8db200,6
e96e726b4ed2e693a27eec90323ec8ab521f1fb9,1
dd068fa69f05a7e2d552c0734d1e0a578c6d3bf9,0
4aa55571362f3919e37c474a862d9569b2320f8e,1
6e4326b817d72b6ee576f92e14526dc4f05f6f49,1
81c1c7357b3c6db9c678349a6acaababd944778e,2
3c929ab181a6d9388b581507d7ca98510083a37e,1
2f88cd9ac0d27b521a45e840a4e21e47fe6c0da1,1
037444548859fce47e2034383937738017fe8cb1,1
10b16416eec083b999e68ef0573e2dd152e1c33b,2
29202d5561cfd948c3224d2efe172f06bf5ae549,1
62507cf54b313e5c035e89263e2b2bf42dfc021d,2
e60a7d8292b48f11a9f1d62e2f15cef94de0a205,4
eef88cfdf1ca44d5cf8c918972a019afce3d88ac,2
77439626a758569f2dfb8fd101a07f9f9b2d2511,2
0e72c90f49c8262fac0e6eafa9dde7d20acfe5fc,3
984a758621f88f2b65143d8164b181ed69eb4839,2
2dcf3b8550a7aae34923ad95ace3ee59de47bccd,3
b28c4fe1e6a911f4c907aa6113a2c954586c1fc9,2
6819c68a44571f5286353b8311fe4279000ff3ca,1
1c0a09fe98481b8d9b36841d9da78b3e54efe732,2
a7867421093e7c0303a020967d2b8fab5db58ff5,1
e744ca78a8095d0d70eb80a00d93fe0c19f93d10,2
071f009438c7c14c5d4d47537d4c236ac4789e1a,2
00fad1a79b93878d29f490443c23af533c8e74cd,3
42cfa4f48fe274710eac29c0436cb73b8d240468,1
fffacf4dbaa2d3bdfdb591387291ba95fbb67c95,2
1456ba083ae3ed86611517828ed0ed3d999947e1,1
4f7df32b775bcf7f196f73602df2a8281e60e55b,4
32e8627510498da3a88d9e198f7c17a6a2ad8a66,14
5026012abbf50e659691f322a7afe7134c7ebb49,2
d5ff0e8aeb658a14827c10c9a863c47dacdbf95e,1
fca1929beb6a5f7dd21d17bdefcbc97511869e27,92
88242e0b5ce32111df3b28132ff8d2ca5c37264c,1
f17f921b688cef963229f9ecdfcf679e7be940b1,2
add9da25e6033fd346ea067d278f565951593e17,1
0c0ed150660543df84e8acdcd46de5e316c19f05,1
475114cbb7b565086a874891d90239cb90187728,1
c7e84e8ef145a35b2c90e1a6f1d908929cc46d83,7
b39ea9d870abd858a5121922c04fbcbae15337a4,1
14c8b7b0313f8340d531342a74f0a19b1ad5de8d,1
4b4d98d282f2760e760b9f2ccca8dcc8831f7f8d,2
19bcb77f8788d367f99f60b8c22aeda57607fdca,1
fb5a595b348824a4fe0adca6dfc796105c25e0cd,2
9be33550a104c88d2828f0b31227936e11331807,1
ebcf26ec5daa82eb165afe68058a8143fb58208a,1
0cf2443aa0e816c34b73fc598cd160852b63b132,1
5200b36ae44a814963bba0d68c4b76364dc98847,4
c0045e6c0c3701748aac5897e2b2a936aa90f27d,1
8bf8836cb4b8cad17e7434349fcdddbd074d2eb3,2
eeea21a9678f6c441ea98a8afa881b5b5e775051,2
f1a0b516cbe108d0f5a40d82f0f7f6ef3edc8942,1
01f64b649b95710db191084ace28ea2c47d3d1ba,2
78de7c85457f9ae0c5a51459d0cace80612a95f3,9
72465e4eec8b7ab1e19ecff428a32e945368d622,11
ed6212e0bd0ec038102c27d92774fd2f6ab9817a,1
15992f6426e017760502a0e96774d3521113f65d,1
03adbb18ef3c57590e47fb6b1346fdb4bfc49f29,2
314e52b32af1afb192ac69f88ba5bd256ea3f0a6,1
efab854204a8323f75468df23170e09925c2f5fa,2
13c87c5b266ee767885c4347b0fd55a2f65c0125,3
6d87dafc6e883ca5150210e27ce965394d3fc69f,2
7884ce070778ae8a6c25b81e4be84b8ffa193be3,3
049cfe659c8e4af282c50169ebbed98638a013fa,47
aaae56a6501fd617cdc1216e0d1bfec39538da61,31
8a5ef7420be7b18f3692f4ef238718b9c3d64e8a,1
809ec67e06f266d257a1618a4d08745b99d649af,1
0f46ce63529ec1cba1de43db5a38866e912cc11c,2
1c045defa95faed744660469733e3d80f51cae0f,2
f8a20f6b9971072c656e2c5611febe3b0a158a16,1
7e60d157aded7e3eff51e24a0ebd6722aff357ee,1
buildroot/share/scripts/config-labels.py,0
afef612c8dde33079925c223aea3cdcf2ea9066f,2
54d873b304aaf26b0a5a680592e854700087fde7,1
b4fbe4ff5023c3dace1aead7aac84feb0b793131,4
a10f4c0e53184989618e48e962a7ebdbba19758a,2
9949672f1d303d786e20cd053701fcd5c61de736,15
c16d3655bfaa64d0d4c0268e4d03ee912c6ac4df,2
b169d623e3284846bcda9829b12f20ce90e3762c,7
44b68319f1ff7808ca95b558e075b62a163d38de,2
e0d9b7005ad5b5a3440b5553b9fc706915ce720a,2
3ab36615e9b176ae5c8bac2956611ef824902039,1
2216753f5af20ed3e1281d5dd906721e9d4b4f97,1
96b577cab0f4da5872ac3fd99331b51e68ae87a6,2
d8fe7364c979d1367dc32cd3cd66c341b42e3d64,1
cadb1a073d56470b6e45a90f1790a7894cc89361,1
1cd6bf7ef5b5a38a7809dfc5d931e8e003da7d22,2
dab43a762718af1d23e1422d751eb312cafcb17e,1
6d1d5e4e6a13b055e78aebbae98eda1868051522,1
76ed9b1c7c7bde5d4d6fa8b86d24fb7897c6532f,2
3ba9387479b115e7e21f33b3cd2d3e153209520e,1
4d03c258dcd33bb0939cee38f42216e546f06d0f,1
5c3d87a951cee94ce3d5ac500079da705a274be4,1
d46e87b00e1f9b4e52cbafd3437d28c02b7fe309,2
0f08f7ab858497e9f96b21366981854ab3e2332c,2
229dba6d4c4bf492463f6ae26d13991adbc8bc56,1
464cc9bea946279c38cf53edce177fb6aeb8c0a4,1
Marlin/src/lcd/language/language_el_gr.h,2
be380be8fbf77278d502b24950f8ef4fa9ec0f5a,2
f7ca7a92d13dda78acf71510b7d971d0ffdff829,2
d1f09f23e52974ee7654f8ccc073da4bfef68d5a,2
b6794f6a7e076d3276a3589dbcd4ebc3eea1a44e,3
01e23af7d8d606888accfd0a4c9b3331f2f53b7e,2
600591b18dc002c102108008ff5b3f7101737eb4,1
791de408857258f448c7462d7b296a3f526f2c5d,1
a8d7c8c89d4719c84b90bc16f01b31854995eebc,2
f3108e87f1470e5d03df28f17b8cb9a8b6493ca7,1
89334caa526f2d300eee834d34d06d8f837a57d5,15
d4d1112ae8bb65d8b7c9f74d1a8586b893e57b1d,1
463f35e0f20ddcf265b46e20f61b10b57104aae0,2
84ae7d5f729d66af9c11066bc789d9cafe61e36f,2
60931719d898d435cc63b6c7baa5d301c289717c,1
cc1069a3f00fb4422bf372e409e95849c1c8322e,7
e354e1c48f107db784fc2da3a2e2077aec04a31e,2
909442cb88b5efcc99755a899b7081d0fb766c2f,0
Marlin/src/feature/bedlevel/bedlevel.cpp,1
a13f3cb8892d68a423b956249bc35f2f5e7d19f3,1
5f831768a2576edc679fe06d9bf41c090fced8e1,7
Marlin/src/lcd/language/language_el_gr.h,10
Marlin/src/lcd/language/language_zh_TW.h,2
50e3e4d8628aeb2e2d106e341b9244e272965796,12
Marlin/src/lcd/menu/menu_bed_corners.cpp,6
8f9d98937889515861ff03d2559f9f87da5392d2,2
86276a6dd2c5e7f8f7a3c6e02c6d08af11f64998,5
74474c8a818745f1324aa5e22e59c361b4dff609,6
93a297ba3b81b46d6f18de36f78198cbb5b764be,2
1e5b34187e48ab19631540be48116e1a3e9b07f1,1
1d809168db5d14f57dea5e1b266d8a9c177f9e3d,1
9c092ed0fcbe4f96300c9f2ecafa903cec54ca73,1
59e19898ce301af0bc870d61e34372fcda594aa5,2
393660334d58d65e9e0d5a174f77f8d3e3b52165,1
8542e9a0852ffd699dc876b387587bea48500186,1
f49731251cec502c4e37a7398d784aba485a16d9,3
e3e07354d5ff98293f87d532fdd1c384d8e0b2e2,2
8298a477e1f1fa6188788448eec3f349c1ba93de,2
00156a3e3139179d505b685809736481d65fa5d4,1
d62fbfbce63d9762162307417fc22c5258331c13,1
14966c0ba29f356c267348a045690359a9750da6,2
e283f15720bcdfca56a989beffc8328fda42c018,2
16faa2950a19396325f35c447bfa2b6231fc6d12,1
abc931629fa58e0b5aecfbaa9d7fa0c36adb65b6,3
dbd5dc4eb7a828d20fe902e9768c8710caf16754,2
739556905575e967e10b1e164ae549be28772964,9
e1423a874045f53ae9854f4b57a43696e99fee90,2
d123ea7346c4a72b08e82e7c876a97296d5c8090,6
4d913fbf337ad5cbace9ba638bc95101a9cc7ab3,2
3985d269397e59bd69e5169d7cc3d2542af88086,1
c209626bda49f0e8bf9c7ccaf75eacc5f709a930,2
885e923bffc29caaf002ac4cf35e780d3a923634,1
e86c78379a4df1351d10d5b1e19312a894cb331b,2
726321bc845bb45628a62158059157b455c9d39b,2
a80d2f065e31248a10d3c8b1c4d4492f6b6196fc,2
32fa577d256eac7bbd8f53c857eaed123d6bf9dd,2
c57925029471a4ce9acf2d96a5fda4d088b3e172,3
cd7fa1fdba10512779d9ba4fcdf7070b47cd4445,2
1c2d37eb0b65cc8e7aae486732c24b7a835ae890,18
bfa5e9b584205a475fcf4b979df03e0a5a8d7749,2
622e7952143f401e84dfff934cdc0a53c5f5d2a5,1
b20db2e1a30c6fc8a929f25739a2e6d6e2b599e2,2
4bee77d470062b3588008156cd0140fc98de8cee,4
c1bc34daa7322ba4c82f9fefebd401b47996485d,2
846f88526f78b39a6bff3cbf3d27d1dabf21ad68,1
1ef6ddccbee4119e4b2c870554a77d4062c6e22e,1
d3e3a640921225828a817d0da06fa26083ef0062,1
a9fe4473134c1765ba21d5947f5bf7cb504f553a,1
6b4d7b9151d260d3109ca857d084e3ca0cd8b048,2
6e1f0be215235c96113c74a6fda345e11626ce28,1
f4dc9d572be3b9858539a5115f275e4b6e626f8e,1
81f88fefdc1d32fade897ddd0daff604c92b5da0,6
cf2311f768b939940a1846c3930c95bb7119eb46,1
248236b1a763b02f7f15ec8cb6f39bd301aaa956,2
aaf34fa96bf3da9cf7c95a41ccb7e5bc441dbd20,1
2cad4420fdd0bbc10da521cc6cdf8e65c5a021fb,2
1b31a7cf2c1b5cc1f7b58041604fa8b8ebb3ffe7,6
fd0c6fa153246e0ffa3a5b39b617c75f66857162,1
ed1252642f43ccebfb329e74d46b745f8d3aa00f,2
a460b01c876ff39901fe55a4b66b2c62737ef46c,15
f8d7090e30ca679c5bce6a16c1350b15b52ba50b,1
02c43f44c73b76c8d8d1e48b8e595ced62da2459,7
86aac677ac8f90536d895b3d33effa4ab65495be,1
70b3166715903aebc015362c7a96ac52cee4f2ed,2
42d30ed102308f0c5cb04b70dc55f9f37012a157,6
9be1554faf486cec71742e82e1312d233162e31e,5
b244785141f518202060467bf39717192728c65d,1
7e25ef945676f148b54ed0fa159e858ec5b958ec,1
437cc484707cba8f8da5898bf7274e2254989cbe,1
4b279ac3008b35e8cfb257ba3d7dcdbe05a9d38d,2
e49c3dc0889f1a6b597701ceb69624bdf4365445,1
6aa536c08f444daaf7e3aad125ab9ff225515e2b,2
81976c43609863d73b28d8af656802214e677557,12
e298266eff9a53dd0bdddf5488135681d09baa77,5
1aa0ece8a42e3acbc4133a83a0f34d36ac743039,13
4e1e82b1228e635afc05ecc40279366430d19e20,1
52096599b30d4d49b3fee61a85102054a2d298d8,7
fa63ed6cc774e1248e579d2384e29666e7f8d1a7,2
5cdb9c2bc8b8232454c746185c869ff77154cc2c,1
ce40836717fb43787e168f2a077b42d2fe63aa7b,1
4d56b557aa8e47090e2ac96daba42fc4b976660b,2
dd3b65bb1ff41deda223562b24ed230bfa0e0c2a,5
Marlin/src/pins/linux/pins_RAMPS_LINUX.h,3
Marlin/src/pins/stm32f1/pins_MKS_ROBIN.h,12
5809bdd400c77ef1e25b5215ef14d07671b9aaf6,2
5a80fc261736f6e88ec87b5544228383e2937894,13
6d2b792a29a44ab0b01a5775a848b77798c2908b,2
1b46ca1cf850b73f5b53f63436ffbae8f5bf5c31,2
e37a23231aa6ebe5520b42f54720b76f7414c56a,3
Marlin/src/pins/linux/pins_RAMPS_LINUX.h,0
54a5bf5edf9a7f2de205d3038db2d6f406fca7ef,1
670a199575e8a2cd13c039f43ea237020b8b2202,2
bbf4bcf5aee7c12ea5a6c9d3319622d30449ab87,1
797aafd645957ec02051c8fff892fbd82e51d94c,1
6ad57118077740f87c472d3a91259b5889bb6bea,1
b577691b7be3342ad6f3c2187b087c51e72ac057,35
93139e757ca91e1b5c7eb89d491514bbff65116c,4
buildroot/share/scripts/config-labels.py,0
buildroot/share/scripts/gen-tft-image.py,1
8627d4e5da76ed6543655e68566ba4d19f147baa,1
cab94bb03054cc0a53d98874d86fc466e82f564c,2
26d01c5f2cc11df04e12ed35b1209de1bc487595,12
6b22f8152b49d516942eb138b8c217610b7f6759,2
e7cf3c7970fa0630d931bcf2341772a1c4837494,1
77227f66c2db4af87b06511f751d9f2e38e6a300,1
efde96131d9e9288dc2ea28b548f691a184fb33e,13
051b95c8457c7f11a98472b55a4f9f8fa42491ce,2
f595e40ceb0c79d7f0d6438636658dfcfa2a75b8,34
0d8a695ea96bc137059fcb88e65befc5c662adbd,2
fcf9f22390ca47f68b85d02c93e9ceeabd599f79,3
43fa749d2704ccff37e7f299837f67797bc81ecb,2
6cc11b76fd499162e644468bc278eda7b3471041,4
c2f7a568f3dbfa38a6c6ec88dc49b5d2302b46b0,0
Marlin/src/pins/rambo/pins_EINSY_RAMBO.h,0
a8f650079b9c1857bf83485f9edda2bc146f7b2d,1
91fafec4240ab28eb18e281dbf8937c283c28acb,3
11f82445738ae885668f29c9fa7feb4c47e673ca,9
e1df912dc7f05858c727d4e0994082b78ae1998f,2
35594a23debc011081765fc7a2d856ea9b9ddba5,6
83922dd4e68c9342395c4dbe69f6936536b40a56,1
a5c5bb96601c263087fd1223df5a7607e117aa78,2
18b6d6c8ca8d49e2e5c5ff77a68b35e0ca1a6859,2
2c6ed101c16f768f7084e8b3e7dda0f3bcf15a54,1
644c91ce8b289e7ff3e67f1af0438e3a32a29558,1
1b3941c0d2064f5417b33b491db28930e8412e86,10
e14faf04138bb4f1a950822a3f58b69593a56f7b,2
f84d51ec063a9e93f967d7f18f1a3a444ea7ad87,4
8aa3273242e993c76c12ba50c34138a9d18f550c,1
6f68942e83e21b6548bd9c274b9235ce44cf31c5,2
9881f758d78aee53612fb3cd9fcbc850282dac32,1
945d5dbe1357e8042e19bcb79e6db5414a939141,2
7d08ab4fb796a0b106422b8697891114894c3334,1
4a2b08f8839a9b67c2ecc2dc091f9f5359df22e6,1
1d2aecaca81c13484e66f04e692b1d61f1f14034,2
a4297ff492ba62b1da8ad9c7611ae30de0028a8e,0
Marlin/src/feature/bedlevel/bedlevel.cpp,1
4f299bf8672aa3f244b32672963b6e7fb68486c5,1
038042b09eb4521bef5b9ffee42f3f75182f7ad2,1
8f4fb42bfb3d139f3988d389f9724c807a58947b,2
6fdf9bf2ea7be0ebd993b3cd26613c366c5d7499,2
6c813fcd16aa4020db8aab8b2106b0d1f9c3b858,3
1e525c597699536d3185dfc92b3066bc6b4ef695,1
b1239a42a87598b6cc990f1e34a7df68e05d544f,2
06d7d2ada4b2b9a6e028e8e35478d1331a774461,2
9467b686085bc19450206e703059c883a200b2f9,6
e338420df8bdd90da44b07163b2cf14f77f5a064,2
d0e7c2c20821d2d96e3c8e18f116b55cacfe0252,1
1ab6e5cdc904420aaaca9b1bca0105679036065c,2
551f5ada94708cb14fbe23d04d1de4355dc65a0f,1
e927e58d32b69fbcd315ace6c9add396372cf1d2,2
8a3ad7abcc8f9a26797280c03cc6f665dfc9a28c,0
buildroot/share/scripts/config-labels.py,0
5b0096c350fc1902b2ec8ff522766d279b66e373,2
c3b58f1938c215e4c3b22f65052990b5e1adc823,1
Marlin/src/pins/esp32/pins_MKS_TINYBEE.h,1
e003552804e5a20a2e149993631695a6cdb4939a,1
50f79823d25841247d7420da4048b53109cb4488,8
3c449b220fb4a2bb6a5b877f2fe13a1fc6e84f74,12
c5af4354498b9c634b397aecfc8034793b724e90,2
45cf9973418279984ba511002f77ffb8af93f954,1
0820f94a5a456cedaff109a30342a98ed6f317d3,2
d5cf0b334802cf825e501135a55d1d63884004a1,1
0ae64f1140de15135246f6d61744cb65c6fededd,1
c80d1ea97d9e0a808b610bb45dd4874923310f69,1
1013323f18d9a79797a71be33298f6c8243a9786,2
25736abc0fec9924d266486ed4e60a4e1b69997e,1
dc0b490bf0ad4f3e5a5bcaad13e88c84d220fb62,1
b95d073f026d7791a4c65237bb3417daae139b64,2
9e5c143b87e4fc97a875e56aa9ec7d411c36d923,8
458e1aea41db013a979019c32ca2b3c2c3806bc6,2
0765dfd43fb5e213041e56dbc5e1ece9849d4476,2
4f9ba7e9915b0f288998fccc36798ecdc2525309,3
9ab0b18256c4f06eee640fcbde522ea21d079e5f,1
57ee26e9097192b29c34c0852f1c873895c8bfff,2
d23ab529d88bd6a6c0deaaabd3a20bf6287aff56,1
c9ef1277f3315697d658e675ecc09a4a3f8d7b1a,1
2b23bdce70b0008508047f22c8633b945b1e9ffa,2
61a543a4713d6e7b9c75339fa6cc9a3f13dcf4bd,2
83aac656645aa5e6934e4f45912859e8d9863373,9
buildroot/share/scripts/gen-tft-image.py,2
c46ed8f57d55d03ae0da2b85efe315d313320438,1
9fc3642f2a9ea29bb42f5aa63fb71bf3d428216b,2
328f6d9affd01bbb33b865f444747a95c67a1ea2,1
35d4791518d3800127979d4bc2f24e17ec461271,5
094701cc71ccf1c6fcf3d768b9fcb227d0abf3b0,15
f6d109287f845a4c466f2e4c26a40dbe30ede37f,2
fdf6445a5132af88011f6d3a9d1274d25ca9e9f6,1
68d48696161ace15e9579d70f267b8d88b6a760f,1
5f61a896d99688da64b3bfb557f5d76302b555e7,2
bcb6f6e85e1ec2ccd4e4cfa119109637f4381675,5
8e71f7add45782f17ce485c6a2bd9004edac156c,6
243f7f2834258c72f4151dceca844f3a184db0bd,2
89f86bc5506a66cbdfd29bb0d9e67a2d1bdd90c8,2
1b03fc3f63c593c0366779fe6ada75bb5f80b710,2
aa0904600b9704afeea0ac5edbb81139ea5436e9,2
6542f61aaff090b4f816d9700d3129b1b29a3d7f,3
b229fba98ba86d44061f094ab865a432d0c802aa,3
8a3cd2f47bb889bed0b37ee9f2472bdb9ca99496,2
9b7b1a36351e118c61e70c2241ae1bfbbdf656d9,7
15a100dafa6f0af3ed5e7ee7c2f65809a83c7e38,1
c918e90b8d59e1789442e84418b18fbd965e9833,1
2635182dcb02782b472d19f62fa8d0fcd5061e33,2
ace358327deba7a166f344266ea0c7d062d5ac55,2
eabab4322d71c6fcb5ff6398676e5412c96cde26,1
66e61f4de32c495484319e15ecdeaba31b78f9bc,1
42f8cc4606eedeb800c55f5453b114fedc4353b7,2
82d18517436c46b44826710d03654b48158b9a6b,6
6053fae1ac6a38e0e5a47b1d99a70e4a44a2d893,2
2f91154cbdcec3b81da9913bdd16556e8c775d06,23
6704c0bc4cf925cc1fb8aa2e461b4c1de0ff0f15,1
b19d44ba0bcea3d18b86d22c7a7980817ea30830,1
2a2c161d87f91ddad9b11ed7657f8095ed02e634,2
f4a5db52e8f5962cc812baca651841c63e86ad76,2
a76b92bce033933ea51af453ab145cc552dfe7a8,1
e201f4e656f787666420cc157d5efd436c1bbb14,2
2a1c2e26ed38e55c52d569807884585a9523389c,13
20c72845a01020349c068842750fb6883ba067a1,2
d77027276cfea94ae962fab7e1ddc18cc26442e2,1
6e39bd6c8502b6ee2faca2bec713abbdd9c03c2f,2
34f3e5bd88246516a1779c194c2996bcf845a499,24
da3b7ab259c0a6b504f999280133ceb2c54395db,2
6909f5fa4f292743f2d6070484125b5d0c30c472,2
03d925407905f06c386e1a5fb096077decc8993f,3
4ae9bf3b9d8c8f1c0be723e4ce163492b267fc87,8
306e03b03b1a51dd11b6d70ffcbfab099655e68a,28
e701e0bb257799878359483881377d8ef2f59f2f,2
dab60a1cb7ea9b0f048ef2f0ff711442d8846c6e,1
1be5a7b5d75b9ecf0639da909f6c087c757e4dbe,2
af1c7e1a81f969a60c24be71b6a35b2d010166ad,1
1766ee15a38626807c73bbc9960eab3115d3c7c3,2
ce26fccc3e2f657c68fae09e7e5d75cd07375c24,1
0100b7be4ded8bf966513e17213c0ae610e7eb83,2
fab4fb7fbb04b101532b00bb268d6ef31c0c1221,1
b8bd331efd5568c90e379b966e2a558e83e0b75b,1
e42cbe7500acf2c008e9444d6895054f162bc7a3,1
c84f839fc7e7e931a49ebb5f0b7c6c5b949e84a5,2
c2874ca809503114c685b4f8bb278d909d50d664,2
4bd4c1f3bc00056da4fe008de9aeda8424422d3f,2
637bff99828bee237cc5e0d78d9608f6d16a2759,1
8025117ac0a446e14358f7124669f8b54230c8fc,2
1a1db1063406987a8aa113cc2a896e6605999a88,1
5b68a3f79b845c4c125c43cfd0d506073da6007e,2
d33111b215fe8e0118b3d505998a08506327cd2e,2
53b202cf9de385b039a4c929f4aa590cc0888865,2
9c86ca3a19e3c557feabbd0e4167372e950553d8,1
e33dafeb80dca3bb402877c73a63f685c11f19f2,2
5b4af52d048418fd0d2db69f0b67f0422aaae7b6,2
83320f1052dd09bff7aae789372e7bffccbced97,25
1dc17aa64c65c4a53239891004edfcb1257f07cb,1
68f13ca9cf7bcf9feae859e0dacfa8b8cd63578f,1
5a2cc41f9c967f8183b4a8eb5547c4a6034c244f,2
7f10f8932eb6ca377bcc69fae2bd9b72e4aca172,3
1866e25eef93cf9e4967acc1e7403ccf0c300086,1
ec4db07a51492fb11376cdc4a606b34bc27bbc19,1
becef39c195ebeec8b33a64aa712199b8ab3dbff,1
24a7ed44b31c3a8ad6e3e641e6e5c02d6544e57e,2
a167e2e94872fb58889b60f7f283e226e0cdcda5,2
59c2fe4561ffaf9ed90ee42593f5db098ca49877,6
b7fd046d59ca472e7fac9d762f5ea34fc1688662,6
4c9146cffddf50c6b2736b7bdb879d47ad36bb9c,2
1bed10c38075a15bfec380c9c7763fea336e787e,17
1c4fc4603a924b80361864044ab5f4ca13daff19,2
35d9920ef8ce3b0b73a88df3d3923fbc3b9d3d23,2
1ad036c52f1faa3670ee16f77eb036002ff3f8a0,1
7f72e7852078dd7c92113e594ac05489fe0920e5,12
buildroot/share/scripts/config-labels.py,1
6fe317e385600dd21a527c246370f8db17eb2258,2
e5f2daa0010f8dffe0eadabccdaad6c5b63e31eb,2
4ba35d3284284d99de757483c38dafa392a0b84c,2
91f9e1671f5bb2dc8ba00adce022cd74f5267c39,2
232a104a927988c63f8c0c53a8c2e26005166e2d,4
aba35ec1afc9168c92782f384166e45333649998,1
d8df9ffd61b112a21a1946a9b120e806886aa54e,2
f4b6870ad151d5b00083c077c501ce1522c0027d,3
8938e4d23c3f7b3029a4e632a87ab1f3eedc3d97,2
0f0edd2e3732cb586833bc1a1d08e9eed61bd6da,4
7b0eb2d9f8dad48f2a9a4add942b05cc292dcf01,1
44c1f2ef6b8e3b679f67c7ccb41fa38b8fc1d1b1,1
9cdfaf693c2966c536e43081f662618cddb9936f,1
6f7d14def3c559eebad4fe0648c7c39eff9483a2,2
a25f321abb8df815583a3874d26aa273b7df342d,1
7e5d5330d614fe22bb9d603b5a9b3dd372a55810,5
b4dcdcc885c520f3e847a0e2510a063c824a541e,2
2dff08c86be7bdffdfd0a596cbc3bc3fb33bf5c1,1
ca8182344fe539d8ab6b778e1402d66e68fd7a5a,2
21c48d9f927c81d7b7cf6fc3641ce01a831a16ca,17
Marlin/src/gcode/control/M17_M18_M84.cpp,12
90b56452238f8ab673f564b657b979fd6a3a224b,4
Marlin/src/lcd/menu/menu_temperature.cpp,1
d816c1b38d0dc90a9242b216bab21d29516c6208,3
8ccbac5317c5b07c3191a810bccb0e0aac1ef3e6,3
223bbc9bca1cf64114e13073aca71dd502dca5ba,2
4ffa2e80e4db3413425a575aed14be30bbf2bb24,5
bc0e4c6d50bed99e6cb627aded4b8e0b50c7f35c,1
a29fb8088f745d1bd5f3acee3ef4f9bb22c91886,1
57ca996c31e39b6935e2a24451040fa4379dc23e,2
8cf4c0515dd0de31e586b735c9f5b0a476a72f56,3
2634d0cc529e9497ec4c26514a2300432aab2832,2
deca553e18ed7169c43a60d2b4caf357da224960,0
Marlin/src/feature/bedlevel/bedlevel.cpp,0
007af4776880fda761e925bce383ac41a7769833,11
Marlin/src/lcd/e3v2/jyersui/dwin_lcd.cpp,7
84554083823da9eb9b67fa9154e9b1a56ea0c2d5,1
3b4c75987286541cc653eee00f121f6d1afb05c0,7
edeea5a6fbe866fa7d26f34bad60ffa3cc35e326,4
6577fba76865c41f661a112624cbddcc5f89fc16,1
7726e26ac07c0e20fdedf1506aa7135d61595f20,2
c2972899cadda288cfd3829e1dd9ef4974f2069e,1
58329b066d80e3a92ec2ddbe16197e926247f13b,2
2419a167ee7e0c488969ee656f9c6d3e8c65f02a,0
Marlin/src/pins/esp32/pins_MKS_TINYBEE.h,4
Marlin/src/pins/lpc1768/pins_EMOTRONIC.h,35
Marlin/src/pins/stm32f4/pins_FLYF407ZG.h,1
Marlin/src/pins/stm32f4/pins_FYSETC_S6.h,7
0138cb05526215cb0c434b72ee4d6efb48893e72,1
aacc2d3dc5657b17a26cde09d0146486ea72b17e,3
39c57935757590b975d65a0c78df9de0b483691f,2
258904e86c407f3633da68a9f4f106f430559fd0,1
57700b4edd53081f2de99f3fafce0445c63d22c9,1
c5b3bacfc9f239200d029235e8c8fb4cef4a7ed1,3
999f33b1e7808aa0dcd624565a8c119ed58178b2,2
4b8a1ec86f6997c6232c8ca889dce050cd501d45,2
bb3c5aa18674748ed02bf53dc2b4344a0560868f,2
5f2908a117ab45cf9e5a03a39e499979a40bf0f3,16
ed2071aabdebf0c1d9b82b6d8575b8fefae763c4,6
Marlin/src/lcd/language/language_el_gr.h,9
Marlin/src/lcd/language/language_pt_br.h,4
Marlin/src/lcd/language/language_zh_CN.h,0
Marlin/src/lcd/language/language_zh_TW.h,6
48e4863cb695975ab243898c262c87983df9fe86,2
3b4a5a1ae86da5e790f1551ea801dfcd61acff50,2
6d83f7a579e3d21a881e0c2a7d893598270a72f1,1
23926bb4c224a95ea30cdb8eda495b1c623ce324,2
8fd6693d533cc95e218cfa84aac710f9ad33b43a,1
9706cd0d7dc9e09faec2ed2b5ec106dbd22e5c61,8
504fec98237a1042819eba145ae39ad14cc49a1e,0
Marlin/src/pins/esp32/pins_MKS_TINYBEE.h,5
Marlin/src/pins/lpc1768/pins_EMOTRONIC.h,36
Marlin/src/pins/stm32f4/pins_FLYF407ZG.h,1
Marlin/src/pins/stm32f4/pins_FYSETC_S6.h,7
05a7be7b25e3659fe10da7c4090765250dc2fdd9,2
Marlin/src/pins/lpc1768/pins_EMOTRONIC.h,1
fa0ad4b594e18f7c7a5c0c53d2f0ea0d0da7dc29,2
e84de791ab3580feb3fd17f413165951f6488076,1
9be1de54ae11b20cc3f47008080bc4afb80369c5,1
Marlin/src/lcd/e3v2/proui/dwin_defines.h,0
147fbd9d391a55a8d2f41600e7380af691da9bb3,1
8a1643587becba9a303572a451ee250de1865919,2
2f219d6824a246ef585615bd36972779cf703f14,2
33d261141a1a1cbf015171d706c1fc5a3eb42ab0,1
fc0615fbd12a2609fb937afa94fa092cc9cfebdd,2
48f0d55097e34c661fa7c53a3eeb331aa504680d,1
6eef8075205cc61abedd50f318e089d44c07209f,1
0f5703a83749ab6335c5f1d5e5d3476ccb1facbe,1
de0706e52cbc94a18502f81d56145bedf3ee2cbb,1
7361c03aa4c8a0d375e6f1a6f3d9f738b8ea4ad1,2
e92854b0edac3b1cfc1b3a6fd232dabf49c626f2,1
0941e8e869cfbf3eedf37660ebf3010f5e7a3f77,1
a61fab7302c56f87827eccb47ec67025ccd2b645,4
0dc46a8d279ba4ab6c53b5a6dc3848b8943cea69,2
30ec700a1d22d586d00688a7b94fd84e2a32c929,1
Marlin/src/lcd/e3v2/proui/dwin_defines.h,0
8fb54d4621c5f571d613fca2943393d4a95cb8e4,5
Marlin/src/lcd/e3v2/proui/dwin_defines.h,2
Marlin/src/lcd/e3v2/proui/lockscreen.cpp,2
Marlin/src/lcd/e3v2/proui/meshviewer.cpp,5
c47575f244dc8843a49aa93e9727fb0a6351e262,1
3f4e4a4d891e3c4b73ab80aedec46e69c1b59f0d,38
2dc543c4f58c39e6cdf7a4a001c15100268cdf46,8
Marlin/src/pins/linux/pins_RAMPS_LINUX.h,0
Marlin/src/pins/lpc1768/pins_MKS_SBASE.h,23
1d31b6215a4af5d768c0066f632e5c56326f218a,2
cee517bc2488d63d9f668f9759918ae5784e8fb3,2
3c3c9f1a8eb8a690494161e3831448ca3c848205,2
068624a726213dc91f485db4d4eda1d89f656025,4
ec2864be74eefb04bc88fc88c69cb2fad14d8e58,2
1bab0243fd598c030ddba1d87109db1498cdec41,6
57e27339b659f420bcbbec396efc932da1cf7037,2
d60a280bc586f743f790047cacd2208c11b2d16d,1
0a7be1ac58db109b90fe9c96f348ee63edbc1a6f,2
f101aeb3ec6a57eaf6af9b4e943ca2a24b6b375a,1
62c0ab072cf163202d100cc381b35fc724037c16,2
55b8d1b9d39c1d0c951d636c764eece88bd3c767,2
d924d172096bbe30d28a888d8e57c9870167099d,2
920799e38d192f056b76b25a35886f19543308e6,8
f65f7a685bea9f4eddaf2049e4435f2043b88ffe,5
623631286fb46c0e144d86928635345040440e2a,2
abe139192fc1771992ef5b49066f07b31471a386,1
5979aab1c7cf96d91b89775ae988e59e3ff40106,7
f73fad1b2fa6e70b3d632969ecf2773bee826643,20
Marlin/src/lcd/e3v2/jyersui/dwin_lcd.cpp,8
Marlin/src/lcd/e3v2/jyersui/lockscreen.h,12
1497c40379185c14a93dbd0e7405baf366c8e20d,4
64aff274b4d0034a1914bb303e681fe8b1e07506,2
509dfe92d0c2227ddece025fb97875582ca47aed,15
Marlin/src/lcd/e3v2/jyersui/dwin_lcd.cpp,8
Marlin/src/lcd/e3v2/jyersui/lockscreen.h,7
58048e7748568a77d64832e0c9ce2eada1e3873a,3
9805d2bc38ded62827ed40c0bf2d343abd98864d,2
a88e8472954cf57dab1008f6e80a103347e3731e,4
55417b28fe9f74ec94e625358454f7a1e2652622,1
6a67ad4e4aacf7e7314f9e15fd8fe8489b73742b,3
Marlin/src/feature/spindle_laser_types.h,14
132c37a6511c89306a60c7663265aef257b007f5,2
e08b293b544f3f2add2bc1fbe6ac75dfe4a4af04,6
f39e2bc1e428e540e5b031577dce683fb6811cea,11
e94fa7d5dc41f26b82891b664b9a9812372747ba,3
954b4493d23eaa849d0de4d9250aa10ec7ae527b,2
fc287b44da27d435e588f7d83ae61dcb4e929a5b,1
54e7b933cdb6d0bf0d69fd661b585100d76e3c88,13
9baeeedd69085f97674d20ba8af1e5d716125534,0
Marlin/src/pins/esp32/pins_MKS_TINYBEE.h,0
3826b13ab15ba6ad81258d850a18d1b0e5496d74,1
b8741a59df429435127f608c4265be583863ad06,2
2b6ce3006ecad9573076e5fbac7b2a8dd03e74e7,2
d956a6ba0075e1b6856a074a566db7574e3f3dcf,1
9c376f120c36687e4bd225c09db9d8c87fcd2a0c,2
b1bb307dabc5bbdcc541ec071ec2ce7ab57b4f5a,2
cb4a79173be3e8ed1ff45e7c346df1c28e744d5a,18
Marlin/src/lcd/menu/menu_bed_corners.cpp,6
35dbc286bd7b339f6fbc623536ff981e0507d6c1,1
c7923c03971e15c67f250d2ada6791a8225350c1,1
a811005ab2933ae14af314204aab95a8c201edf4,2
71368b5fa5356fc127998b836328b37f5687dde0,2
f76025b79c5851bc1f8175ed32186ec012b8062e,2
f5488f96cc6dddb0f3c6034982de75849cc5461d,10
4fb1c42500f1e1e49fd3363fdf1e6159971fecc1,2
d9ec3795fbfa1c0c6de4774304eaa255794101fd,2
cc51bc29e1fb4ddf962efcb0623c65affcac67e5,1
914501f67e9ace9998092e334e6423767fc26c11,2
31d286750c52a400fb645e94b4bc89531f4c5847,2
d6fc3d2b6963eccc7c1079cfa857a651c607795e,2
93ffd57383723c48a092e97364b6659c54b5c419,5
307dfb15ca88f424dcb4cf579e4542e77dfb0eaf,7
884f7c7db9dbe7a7044bb2e97e59d91946f4a071,1
95b70233f21a58382ca895b7918eb532daffcd23,2
76d784f75f0349259c747b74bcf11f4e2b366da1,8
d8545551fed8498f1c420ec3b301d4d77d0de8b5,9
b46191715dd324c8b256f76da19ad5c7349f807d,1
dc5c5bdf82c0d42465dc630d6ef3cc300ed5c504,1
d976f291fd1096255fc6b00c0344cae764f3defc,1
1e66cc39c2b467d7abb65d5c012ca57c4b20b5e9,1
2266f1ad676b792c4cb368455f84e0540001dc27,4
a0125c85d4a7b943209cb109df4dca4180bf0378,2
546b3066c3b45f0511e3a6c068d85f30a41e9d15,11
Marlin/src/lcd/language/language_pt_br.h,7
Marlin/src/lcd/language/language_zh_CN.h,0
Marlin/src/lcd/language/language_zh_TW.h,0
0aebcc4dedee349dce809df6d3c7a3727fa707c7,2
12a869e2ad3b36d6b965be2738308956963e2da4,5
645c7dc370cdba8d3397aff78567084b170ca8fd,2
1a795376451ad4d2ae654f7e7ae1afdb052b6f56,5
6355798bfd60981555dcd5b1ab1779f9b5ae5805,2
58d1b1be289a6e51a36f8a8b2d24baa59a99e9ff,5
3c13be165b80a0a9191a5f40711d374010f69bc7,2
8c3ba69c9841c248882388d0a572deaf33e0f758,1
757156de727a4e593eb961ea6194ba2023352e3f,1
757d66e2c598e1a5644a59dd3116f219b2aee976,9
b06e378703d9046b01c24d73bfb647b08517a91f,3
90d9f1acc90408e49f32198d9bb4ab6194ae0ab5,2
22f0496c9b59d050b8e199ce6bdd31afe07c01d7,1
d0e9ff0e2924e631fa4560b47a984a2e1194d2f3,2
975c8f4b77ac91678ed102c75412a8868fc1689c,2
4520a51bbecf9874dce563cf6cf2d2bdb649a917,1
432c87932849463db323e856d67c8d03ae0978c3,4
6cbd7a48d16789fd73ab6ebe4be00bc2beff5591,5
751c88aa5b5612c526ce6c0f7edd6ecaa0d791da,1
76f1f9d3b3fe97d3dfcd01adf29679e2d9e6b2af,2
a526c3d77ac204e97505c2df4bd8734d56db18cf,2
1a6a6043102dd27a6107a62993638b4d2b02a4e5,1
0a3c42a87c24ff3b5b184f211d5b2549083b61a5,2
70eac0fe4faa4b56a700c562370f76dde56a9346,2
873f6c0b6365688b3be79dd99dea5104dfef7c67,2
e1b22a5c75703910c426442640ef9fa06a842142,1
640282b8dc5de4ccdfb607b99e795d3eaa1334a7,20
0ff3018fd2caa957c0a90d6f58e7f3c760a78fc0,1
9c6e0428afb2638f7f725e092206cce8e2aded47,2
43e9fe7f8874fe11ea7152276e43279c88fea1e8,1
20dea2209124761d53110e4f60d6da1729249a9b,1
ee90ae2c872c29950a79ea1f181f2c8f6f4d2006,1
fb76ce841b8e6108207b2d33eb217191fdc80427,2
0ca33429b679674f582532f8aa8c54ec60eaa655,6
e4e6abe5af0f97ff5cb0c9334cb298d3584968e3,10
76a0cab782d3822776bf9455426fae940a6b82b8,2
3e9fb34892e85bc4069acf5baddbf12d6cd47789,11
9e73fd714971b525c47a5fbc896c927fa1659978,1
371ac49fc137fbae6bf58491e274d1099ddafa34,2
f6e123430f189128c00ff2f6e4fa6c3a27986bff,1
3b142e531ce6dcd15e5a32cc94bd6c4d5fa8fb46,1
d355ad04a01b33ea64324d718ac2f0d807631acc,1
a7a730f81190991b377296f4f95771b33548da5d,2
c9a9b25d41e7eb805c166e8a27cfa938b36bd2ba,2
Marlin/src/lcd/e3v2/proui/dwin_defines.h,7
41a9dea149902fd6525919a0163303a9b2f3be76,4
ec7cc59818455af49b21651e6e0e9acf909e9864,2
ca06c6eab97407b3ef897f1512cc51e1b4aa083c,11
Marlin/src/pins/esp32/pins_ESPA_common.h,0
Marlin/src/pins/esp32/pins_MKS_TINYBEE.h,1
d08223429be30218eb74dd57603b60751ba9e0aa,18
8aca38351cd6d33a1202bf9a13890dc8e5eadd49,32
Marlin/src/lcd/language/language_el_gr.h,13
Marlin/src/lcd/language/language_pt_br.h,7
Marlin/src/lcd/language/language_zh_CN.h,0
Marlin/src/lcd/language/language_zh_TW.h,12
Marlin/src/lcd/menu/menu_temperature.cpp,14
9c872b214c1cef9791d7d7da45348d562c18d0ab,1
3522d5376cbf03658b71ddaf8c341e35f59b369b,5
2c0b8b52d8376d2af3ed515953262b07c0a71cb8,2
384ff264d73d5a2cbddd104f72a639332612e5e3,1
2b3ba02f09832379cffa4fc1baaa055228b82fe8,7
Marlin/src/lcd/menu/menu_bed_corners.cpp,7
bcd9bb96285d426baed9e938c0a182c7841d5b66,1
41f73cb457116ed9646932eb505b5e9fbe29e77d,13
845e2f6fb79bdb58ee88066f8ca368db9c00ca64,0
Marlin/src/lcd/menu/menu_bed_corners.cpp,0
c9b97b8d641b974de3023dabf7fedbfa352c232e,1
833ea4ec290d5f891c6084b96c7204e7bfe38882,2
12aded95dce45d317d912dfc3eae663c37d69f33,2
0e8e735e4cd41827574d5aa9372bf03ca4164d89,2
49db4ef5e492d601ba50b784ddd0bf6964709e3d,1
08c51a405a7f2b5ec153cb17d5737c3396825898,1
eda61a2cbd1de39001193ca6ebf5c5c22df3878c,13
f6b425613e0e2eb01ab7fe06bd29fcd34885544b,2
e260d90d2130ba76e72d83da8eaac0eec0685163,1
30a7c4ca52db1a46460666bed5c0aa30cdf2e2b5,2
85c0875db28477d7ed6515c39376b93407353b27,4
Marlin/src/gcode/control/M17_M18_M84.cpp,9
6f3d7d864fe930517f5b0d81875a38fd1eafaad8,1
3d70aca6e8c88ae8ab7a5d05c3cade0c6c760e7d,2
58ce5182c2ea93e79ccaef4c912c68aa554e637e,18
7dd34848b6244ac72771080706716dee57894eb5,1
1a555b381235878650cb2e9c6e74db5254bbff68,1
ea7bebb56887491d9c6b2a2ba2c2aee98dabc3e5,2
68a7a3f88f93326bd4b904b0c8c7e0ebc7e63082,2
6ecf52f196d08d399c24b1516fc0b33b227ed66c,6
eec9c800c9e82eb36b566ea6aca7cf7c1483a4bf,2
Marlin/src/lcd/e3v2/proui/dwin_defines.h,1
41a469208afd14e3f804039291e0f2437b44aefc,1
a59766195cd19e6cded497499044bed76137d8ea,1
2b4a89eafe50322d276a6104374e797c00cedfac,4
26f5c32872d39e9ce2595edc368bc463522fd5ac,3
21d2d22a6fd334934d5663f53e80a9e7bf9f4530,2
4407ff31ec86f54dff543560b40622ffc5b2beaa,1
1f322b565f409ab5068e225a4d9a929907c966f1,1
Marlin/src/gcode/control/M17_M18_M84.cpp,6
1d4f928342a104ba97538ab68697f83c00c05a69,6
ff201e6552d319134f70cce0588fd6b12e2c1252,2
460e2436935e65ddbd32d6342063cbab5eab2d38,2
740f652b6ae77c0bb87bbc5d52ce0465989e678f,1
54c9358964a71e28dcff0f5f64055b07333757c4,2
e197695f4caaa24dd30f91bf1563a0ed177e3e8d,1
Marlin/src/pins/esp32/pins_MKS_TINYBEE.h,0
eb0c4682d5e89b07038fa98346db1ab68c7ddc1a,1
0da862fd1e78559ec31d5bd03c4c1db65c53cd26,2
0a8672ae6c070e68864d04f7b623cf537a67707e,7
31413a7d773e384753dd889ca2f5dcd8aa1fdeca,8
639b1f64c64c581f67c5133f5d13144eccfb90bd,2
7d9bd3a97cc15bab0de9813a19eb44c47b3043da,17
f26b8bf8efd16cc2412880f0976645a8e4cb7b89,2
c1ff38c7a0d2d578638324212677d2e855fb190f,2
15b6159f6af740f17db2dc8815697759c714cc12,1
04d0d9431be774d4e7801498a12e31d4d3060d91,2
a5e1d4c50ae40c8203d8490be83ef86e16ebf1c2,16
Marlin/src/lcd/menu/menu_bed_corners.cpp,27
e88fabafc8b2650aba43f7c57ecff536d8351e4b,1
c6b5bf7c00a949512317cb0d96909d3a0082bebd,1
Marlin/src/pins/rambo/pins_EINSY_RETRO.h,0
167672dcd760fcfa7124eecb77ccdbedd3d99948,2
a93146b71d723e6cd0520fc0b0c75752d59d190f,2
d99185be24e035d6370c8f36851e09917d7fe342,5
Marlin/src/pins/esp32/pins_MKS_TINYBEE.h,20
Marlin/src/pins/ramps/pins_MKS_BASE_10.h,0
Marlin/src/pins/ramps/pins_MKS_BASE_14.h,0
Marlin/src/pins/ramps/pins_MKS_BASE_15.h,0
Marlin/src/pins/ramps/pins_MKS_BASE_16.h,30
Marlin/src/pins/stm32f1/pins_MKS_ROBIN.h,23
Marlin/src/pins/stm32f4/pins_FLYF407ZG.h,0
Marlin/src/pins/stm32f4/pins_FYSETC_S6.h,4
Marlin/src/pins/stm32f4/pins_MKS_EAGLE.h,6
Marlin/src/pins/stm32f7/pins_REMRAM_V1.h,1
c5126de559719ebdaf4475b0db4ab21c26b90a1a,12
c16ae2451d83518fc43da17bc09527ab71372384,1
e340a61e5226f4a93ec9ad0e5d6feeea452b90a2,2
af59056c0904dfc95c870b905ada0ebb6dc9b05e,1
4b0b6e22a7b0050b696e8b4a15f94a8483bcb976,7
2bb9e0d58e6513b47f90e729876de98ac7ccdade,6
52eefa90e1c18616f127cdf43798907880e05ee5,53
Marlin/src/lcd/e3v2/proui/meshviewer.cpp,8
12da2e92882a67d29456f02882ff1ee747191939,15
22c5bd7eae574d5efdceafb69a55fbe20d134338,60
62057d3204c727fdf5c2c5e9f112e0c597e60924,0
Marlin/src/feature/bedlevel/bedlevel.cpp,2
00075990d062088f1a291f0546295c1d36821c63,1
6a880280e4c7e7ed6ebc72d9b446017bd7db3702,13
b523ddf1b2820488c6cc46887ee85e8a781ce726,6
Marlin/src/feature/bedlevel/bedlevel.cpp,16
Marlin/src/gcode/control/M17_M18_M84.cpp,7
Marlin/src/lcd/e3v2/proui/meshviewer.cpp,15
c814fe98d7e250692908af03836a7c362a5ce843,2
a65e4edb1c794dcd22980f3cce9bf2993da1514b,7
Marlin/src/lcd/e3v2/proui/dwin_defines.h,4
Marlin/src/lcd/e3v2/proui/lockscreen.cpp,3
Marlin/src/lcd/e3v2/proui/meshviewer.cpp,1
Marlin/src/lcd/e3v2/proui/printstats.cpp,3
310ff2367690a9b3c40cec756f193add76900fe3,3
7894cd9d6a108653f77ccb59de389b53405af1eb,1
0b787e8ed3d1743728eff28ccbb247cbb3101f04,2
79789571bc6141e8889e6aa062a8103a6892e680,1
e092a02d77c83a3d44e2d0e3ea66a801ea5c3cc5,1
66d94aad21018bb082d85579d775430514c957eb,2
86fe4fde4002fbdf24d128aac51fb9f8b551a60e,8
956f7d32fbd74845b4d64a416460bdc6f25ed118,1
be0f1088f0f537be5e75af5e0a63a0c110b96efa,1
66e32cb0fa1ed6cfae482bec31dfbb834340a408,4
a62dc7c70c8869083c407b758d3c8a4edb115add,2
0e4348c718a44eb32ba70c5253daae93197b10b7,1
1397cf0eaa66424caf5c54adcb8ee42f93db1619,1
eb352b11b9653150e902e9b664dda83618c056cc,1
6c2249451e006d957275899bd707946d77465b20,2
a7ade2d63e1fb7fe0740f5a07958611ffc796ae8,1
c1b53d63fc5a7fa5f17e5459e632cd8e7a0fd5ec,1
e438c77c6a5bb59966d39a6ea6aa7703ec4131a3,3
8ccc601218d96f6735d69719afce2cfc2551dbfc,2
b934a4c612a09cfd577e3811df01e8a2fdbb81dd,4
cb31a9931938a65f2ac5022e06ddd044d464f78d,1
ecc138fc9e15b0805448dcf58a0e7c753bdbe098,5
1e749e4f48f528179213e736c99371843a90b4fb,8
Marlin/src/lcd/e3v2/proui/dwin_defines.h,4
Marlin/src/lcd/e3v2/proui/lockscreen.cpp,0
Marlin/src/lcd/e3v2/proui/meshviewer.cpp,0
Marlin/src/lcd/e3v2/proui/printstats.cpp,10
Marlin/src/lcd/language/language_zh_CN.h,5
38f4d8abfcc89d188674ec3b809102995efc9436,19
e039d51d183314a1cfb1b2b088e5edfe4af054ea,1
d1e9f53cb80e110a980b77e1a352935318d5bc19,2
64ebb78892026e22996dca50af1480232f915dac,9
f1ab24d0ae2aa226235755be2345a677103952aa,1
84b9de9a19554275ad3a4ea5b10c02353bada43f,1
30eb2aa869afb218394b98f747b09fe9b40d1aea,2
672d0d444821408f3f76af70ed5f2c806cc92ea6,1
04fe50936e23a8aca7a400591e700c1220f68b3f,14
Marlin/src/lcd/menu/menu_bed_corners.cpp,8
11c701af9b03280f43ea261bc0cd9111700266ad,1
ba95e85e5363258604cdb03adacf67ab2aace41b,2
918a9cf3d1c613e59dca5c59b567af86a5a3c8c9,1
8e24b34160e462fc8f3cff30cdb28e5cbdb2457d,3
9d32bc31535eea64f78021cbe82316db492fee8d,1
3bf768f925b83705be69728fe0d87ef9f2b09ccf,1
726a38712e17f1f31436d033d0597237c086d309,2
4a17589496d1499c52ebcb24bdc9063e2485a653,2
198ef1e474276afb0a712cf2ec7dc7bf06b0898d,1
9e43ec9dcdcda708f3c24428e8089f9c0809199f,1
1a9e8c047b6ce512a6462ac0681028cafe3242fa,1
e43f4207a006e93d0def10ffa0d4793334dc70b7,1
5f4ec825448cd5c9a7a03d3292b3d4a74377bba2,1
2a88cc0fcdec3f728784526e9e0c531a3e743286,2
505ab1bb62033d08e94ae15b515beefec343177a,2
659b4172aa49d82e54a08b5ed674b3ba4ad51fb0,7
a5b57a09fdc29959299eae6d19fa1859891974e3,2
6e902727830e217b32f349c8c974220d2df9d7d9,1
9d6b4a2e97a214beeca7fb9e1d6cbd87ff3948e1,1
3cea0a00b102096318f44d3ba8ede29d7f14ab8b,12
81a6834876cf30b73e38683ec12603a11f45a4c1,3
df40181357b08761766067ef5012b2b3d0e34d3e,33
6237a6a6d31710955467df703b8f487dd1a6675a,2
23a26e4033763b4c7b8763fd420211423e558d08,7
Marlin/src/lcd/language/language_el_gr.h,13
Marlin/src/lcd/language/language_pt_br.h,7
Marlin/src/lcd/language/language_zh_CN.h,0
Marlin/src/lcd/language/language_zh_TW.h,0
492d91791c5effa894d22977ff5032bed7856877,2
0a6c58ea71b556da6f1a0d133f46c1eeee67ac00,2
4c8c02f66ff501fdf84082f9b89a9cc04be626d3,0
Marlin/src/pins/linux/pins_RAMPS_LINUX.h,24
Marlin/src/pins/stm32f1/pins_MKS_ROBIN.h,18
Marlin/src/pins/stm32f4/pins_FLYF407ZG.h,0
Marlin/src/pins/stm32f4/pins_FYSETC_S6.h,13
b038078541251aa33c6220b9b8370a37ca558ef4,2
43b43491ab87169518172995a5cd698be453420e,5
a1d4942f760fa1d589af11d378a938fba6f45cd2,2
3bcbd3259f8d1ff3fc262b2ede83efd873863d5f,3
60f8287208006a64afa32d98634b3f056c33e5e4,2
b37d13af7278c241064b61279e7e8538a03206a3,7
12eb1e0829e5c4625d8ecddfd3bdea8f7e2ccc9f,1
5c47476e0c961401c55a97e4b1cc146150221c60,2
60b6df4542d78e8263f75a989c77c2f386a894fc,4
e633ef895db41799606c396855de076e21c66b20,2
a0a963fe1d989c7ef04b9f5f42dc42590bff1203,1
a8419738bee99a6945116c99c43801b8a114fc8d,2
7501d253c7814fa5a4105e6c747b48428c6c168c,1
d9ccf0a1445bcfa5c9eca40f2809f98fbf29e871,1
bd27490adb047701cbca2314817cd2e501483853,1
ac4fefa49a34ca299816419cc76715dd7fc9af62,14
6a05702c2048bcfac1acd5203013de612990404d,1
9188f57938c4d7f901eed9f76ee065cbef096288,2
1a131d17b6996268d20949f303daaab7c16a90bb,2
4a73fa18d8d6b7b8909fad8a84dfe90cf8fefab1,3
Marlin/src/lcd/e3v2/proui/dwin_defines.h,0
fe745fdef051e5c0cce4368d5a3f2a95140f57a5,2
5b2071448f2e88de54f5f3590b3c034fb5307606,1
633fb5f941e375ec1444f2ae2afbc91000875b93,2
741eb0c3e9e9a1c480ee49f85a071d38171e40c1,1
bf38ef23e50677a5fe949e74131e9377bc3f743a,1
91cf4eb977ff2ce04e7703f8b1599e68e71f7e46,1
01bb11b415d976e57878f75d7ec44675b529a29c,10
0ff3035f3a45c6a818e6ca0dd6f82b6a47e6b78d,2
2dcfa140e9bcce81fd383b6401965aeaa04fdaf9,2
367c11dfa2be8531e6fda660be8110db159cb6ba,5
d507ea117e6d943f1fc708bf58f48487e367cd95,2
3905234b0d4a8543614e1e76b537350ca4976f11,4
6fc284231c2f07651340f07ef16af35a3c774b10,2
a0d28f1770870a90be5c7887d7bfc4b34db5d5d2,1
aca0d3dba592c19c534117e2ba94fce096784ba1,1
d4fd39f05fe9ac17f987eda2f6f5996fbfb8947e,2
42be79b3a2f4ccbaf244cf659eb7da83e118e8a0,1
5844128a77727c189c6a120cd87b1f148d533937,2
8aaf64d9172bacff2231823ccedbe27a1a968d45,9
5005c7b64c1763eca767ad476f404301d6ef754a,4
bb5dbd13a815205c6d23616cd6c4ebf360b9be6a,2
696ae3cc14b659f3ff9151c465d06b6ee3cf26c8,1
9d623160a60edc15a95014559787d43dd7652f4d,4
3d3898145ab501792a731cfeec7b859aa7a2dda7,41
3b3dbcbeb405801cb2175100c388345ba716a594,2
fc87834cc03a0d4ee77b9156570dbd14742f54af,1
c58c5b09ab48b059607b4146e162cc0babd60e62,3
2ee39b62f33027f49fc1c62a05379a37fc52077c,4
Marlin/src/gcode/control/M17_M18_M84.cpp,4
Marlin/src/gcode/feature/cancel/M486.cpp,4
Marlin/src/gcode/feature/runout/M412.cpp,1
fd082df077aead6e567201d6289c020e69a87011,4
aaf5bf0218a3c20d27a9aeab064b0a6090052b1f,3
fb54d06582aaea77b86721b39e6f07317ecf12a4,1
5eeb6e0bcafe21d6d7169cf5c1689b199909aed7,2
b0e974e208316d86e5b8030e4e92c7af5c5d72f1,1
d6cc851c67525bdecfc9d7db2802b83f897cac2c,2
14603112a465d4b510c953678293703b9aead3ed,1
a52dfc0373b2a1c9a2a264597ad13a25724ae10d,1
3e1dd0d64019e11b5f3e1d19450fa3fa0bcc8eb7,3
2e121014b0a33ab54bc91fe3166e1c8da5c8da18,1
cbf8622670a20f967106d2dccd380cc25763c64b,1
80810f1b187661860a2ded43e2a0c4cc356edebe,10
29d3f6a024672a960f7e033e360178f4e80ce98b,2
80d09044f7838ae11c97b03f465bd92558fc2c24,1
11c41600a33e803080bdf614f6a7450dd5b4d301,2
416fb66118ed7101de7b0820f20be1e9f011200d,1
2af765721484d5ffe9ab1cfbd09321b59be39b02,0
Marlin/src/pins/mega/pins_GT2560_REV_A.h,2
f31d3c67496ff0ea3937a727539db12be4ee4675,1
c53af0df0b7bb2059e101c1e386cd4f4bfb4c724,0
Marlin/src/lcd/language/language_zh_CN.h,0
cec7836959ab13908cbf469b485b219e52323576,2
e4a8c693b0b3f0659ac2c324a9b60e6a93bd766e,2
7ff5e02f6ba91c675257a26e7bc35540c131941d,1
f7cb1ce3f41e48e48edcb5301da2c2ae247014e4,1
577831bf1a412a617b04a58551223903ff0a932f,1
6cb1a4a48b4e920bd2e88707384ddc9c569588a9,2
3da29b4a04691d4e8dc8691b006cf51c0bf46fc9,11
6ee34331b7a0e5ea82768f4df5f3956ce5322742,8
e2353be24f2c7914c51441c2135cf2eb4cb1262d,10
46e282bd6dd0b5e9125aae396addf48c934396d0,2
6fa930f04378283e8d5af9e3190508ae07a83860,1
b19f745659b4799deb2252c933b039b892b187bd,1
febf7e54fea915f23452585e216e44146450fc24,1
88f36ac82fcaf9d7d77435094cc4545f94ed186f,2
02f5e2de9c180926a360ad6628387fbe7668dbee,2
6567e0e0aa0dc429dcfc65870a7471b55c63f506,4
fc50018b06285bc5c28288530df38f1d6724eaa0,2
32e6767b5acfc57ced0a58c269ff5ae1d6f5cfd2,13
f22307a0af5bcb6b144e39a8fbf18a27d9a074a6,6
877e10205b286a6c1b8da869c54b50db866c1db8,5
Marlin/src/gcode/control/M17_M18_M84.cpp,2
8b8defeacc5f7ba2bac63baf65c1d3b1ef60177c,5
Marlin/src/gcode/control/M17_M18_M84.cpp,14
f5daefb09d1fdf3fc931e2ce84a28d4af1ba2bea,3
Marlin/src/gcode/control/M17_M18_M84.cpp,4
1fdad42c5f396bc048a2c8b4b5f12c3f236d7a69,2
591fa8b7534fd5329b2611a3b400a1c23844ae56,2
f7fff4d455411f639cc05f68b56376d6b1afeea1,13
283aca50ba5e607659701a0ee78eb7dbbb366480,1
1bc9a530bd879677393a1b4c073e5f1c41e1648e,2
01797f74dcc7dde30db7e6b9cd121a24ae01b907,1
ff07c2b37569e9d566d011a1827f65cb89ba7e95,1
90289b0ca0577a4676896b369222bc8c00f31d8e,5
19838d97be0d9ae22efa9d51a412bb1ac0bf056b,8
c4873a64ecd54dc0bbccb1eaeecd1b5ae2f6aef5,6
Marlin/src/gcode/control/M17_M18_M84.cpp,7
7ce4a7f641e09f9cdc23f153b5c3cffe094b96b8,1
4f1967a0a536bcc0bfb18e8a35df31c8fc4e21ef,2
e4c7c550fcb3a69b2d89f718b23166fcad4d0f15,2
d98c61cafba1df39316f90af21b99d6c7183f58c,2
931e24311686a0d4637985f376e9c45a17414d68,1
0c366d35742b9a64e551f608c56bebaa4e4998a5,1
72b2e2b2c7230245dea9fcb46b9b8a92bcb11bcc,13
8fb65211fc3bd55db9aac2145d327aad3d5d547d,2
e5b651f407fcb743e2d00c45b0d361fb98230efb,38
Marlin/src/gcode/control/M17_M18_M84.cpp,64
2786592b62aa0972496f25487ae5358ed2b613be,1
04ab653f5efd5b71c4fab401a8156885cb35d316,1
f15b1c16c9a743e9b4eafaf37c37ab2f919d1fe1,1
c7f03b820aed66e1c91c9fd8f9c2d1645694604f,1
108cc4ba1621d149ad6a6a073e4a69fd53d2b202,1
ae53033cea506209310fb014b304f3a07c59e9d7,4
Marlin/src/feature/bedlevel/bedlevel.cpp,8
72a9a02c17e59fa91e8284ca70f8d675498e9f0f,1
2dbb28f5e47c9f2b4018dc8a0ece064ef62cdd71,2
49539463b8ed8b15286014b122f87962b7c0f6f4,4
6015ee2531269e9382370babba63f883592a416a,4
0752082b85ce94cd81153145d7940fca96b3286a,2
d6fcae40c4ded0901aae33f7a1a9d5049ab12b89,2
Marlin/src/lcd/extui/dgus/dgus_extui.cpp,1
Marlin/src/lcd/extui/example/example.cpp,6
4edfb690dd7a3327bb80c1ffe6940b73554d0a53,1
51d4c5abea02764e096e846f7fa2cff93cf75d90,1
0b669067b9e6b19432007fbe0ec22941ae215631,2
59f2f4fd47deaea59b7a8f1a43e8a66e05f17ca6,1
bdc2b2b9653aeaef1922176b82a1d99c940cc5e7,1
d806a668e856b1ea91e0c8311bf83e8b330c77d1,2
d95dca94b9db85fdad3297ff28af6132573c972c,1
4a54f8469e66a4f59c6284646885545d52f6e164,2
692f42ee7d5773f66c6bb018ae55f3f74c83d5d9,1
20b5615305639c9e33907a755cee1c22cc5aa664,7
b1958a43fc2a4536df7402a5f2420d14dc8fb810,7
959c559c438e0da9e8597f1d4b9c46bdfa5b453e,1
f1471c1549f8143b171b7decc7646ba2e09a6aee,1
80c4abc2e1756a01cb18e660d9266eeeebe71d79,2
b7ffcd6941e8d75fefc5c454ad0e334d554c4cea,5
fd742616ba6fd2db1607df197dea142cbf1a9d3f,6
8dfdf51678a4a3975df8250bedf3489fd4835796,11
4ff063440d5bbf00b43c933caffe83940b58b4f0,2
6b55eec9bbc72db2777d3ff3577f2bf1ef13a613,2
4a50d89bdb5415403f02c3427fa4ad235fd316d7,1
867e274172262a8e06088921c909b7ae6135dc4d,2
d189cda61679369bb029a347afb5a860e18f5224,1
e119d9bae9f07dd5088ff118fac4d090c2b5b28a,1
0d3f79e6d6a570f87dc19c526324b819af8048a7,1
b44357db9df70559751b31f6a2e7483878253976,2
0b32c3900f68895d8a454d164e225dbcea608a83,2
6b47db3a68668022aa096d6983c89df3f926dc30,7
a80a303cbe057b02e8d9cd29bc94c161e48784f1,4
Marlin/src/gcode/control/M17_M18_M84.cpp,10
8ba6e8a74d1ddd963881dcd77e26a5dc0a7b6096,1
e458aa41fcbc817a21a0376e5dc36c0a0b755c47,1
a63205a034180fdc515818ce8bad789b82da9d01,1
92d3a038c20747999a402924640f7d0c4ef377f8,1
258a2ed112da097969d36187b53805df7f98a3ec,5
98dcb9e614a4cc81d7f33d91f02de1d55bc7b3e6,1
de8e4361104c31cab943cc321e2055c18272edd6,2
58fcaebe76eabacbe79af3d26661ee1c33146bf2,1
c47c52c146a920f82d7b78e4782c8ce1d715e054,1
d3e3e6a4917969eba85f88e5de0366cc9a2eb4f1,5
ef07c2c8dd431ce4976eba44143cb3686bdc0bf7,1
e183e3814dd455869ee9dc4f09ff3721aed93333,2
2baf49af93a3bf69be0b77d3a92ee022cd5bfe41,1
10ce88f810f08675140edb6cf248c87ee549855e,2
a8cf2909f79105bfafce207cd3b914e63f5c8545,1
032e5c99369a5d70f9ce1828fb78f2bbd5a6c2a1,1
3c09cf2e5ed8d2fdfea5282a2299d92165fe9d13,2
a02a1def625bfb917d17cd290de93532408dc63f,4
1f1571f7265b7231e81b8957f50ceb4511aeb611,6
9b2c06045d6c9a561c45e1e5c1f386268dfdca49,1
631e35bfd6cec8d61eca31ac2945ff890ab8f2ed,6
bf7176fba9bbc0e41e5dce80aa5094a0ce6522eb,5
99413ae2f43429e1014efe81ae3d4cac94e37713,2
653c847bfbcf2d816cd67fab3716d64d66a185e3,1
Marlin/src/pins/esp32/pins_MKS_TINYBEE.h,0
acade2890a563daea1a00629deed6c3d0ba6a420,2
f4b41fcc3fe2a953ca47c537f01a99df0ec555dd,1
9bc1d05df3cc2e4f942393cdcdc0a1f05b64ceed,1
40ed3c5f89c2784752682f191bbe715a08224fa0,1
de87f5309da712a94da984d611bf1265bdce880c,2
a9c30cb9c18142733c78cc820f21f83648beb5eb,2
4d40764802d9d131ae049a966786572a3a6f66d2,1
0c0ef9e54884ac84bf7700bc8dd6df92cf693b5c,1
a58d35d765c091ec4aab6af893e5b3ad353cb3d5,2
ea3d6ecea9f36640d2561d03b1c8d4e16f2a2001,2
2f6a6f3b55a1a6d8febcda648fa5353cc25467c1,1
9c9300ff9dfa3f6b16c9a87be6ff1136ccc7e880,4
e354cd15b224a4e12d3c5ba63986a249ad055f83,12
89a9c3a391101e4d2d8dbfbf0cdb261ad2d9592b,9
0bf319c57a413e3cc1f279a994a9a1b607de5008,3
bff55ea6054498dc40a54f747cb54ceb84c2e8b0,1
623c6b720b0d9b14934fb8ccb895d421ab043cc9,12
Marlin/src/lcd/extui/dgus/dgus_extui.cpp,1
Marlin/src/lcd/extui/example/example.cpp,4
5bbb345b55692ca663fcddd87f64c63a304dbbe6,2
8e87e4cb5eb5d92a7d7b7c8d40a285c2fc7fba2e,1
05636262863465e9b2b40a49eac2f9e1622ecb01,1
2d8ec4fe9e4f32c738119813bfc891d90c56c015,2
df4e022a48667369fcc94dfda56505eb3ba2019f,14
b123fa763d93f7f622abd9bf1a15ec6638c6d1ef,3
79b38e0e14074b52e0aeb98b08a686a99a9b1aad,12
Marlin/src/lcd/e3v2/proui/dwin_defines.h,2
Marlin/src/lcd/e3v2/proui/dwin_popup.cpp,4
Marlin/src/lcd/e3v2/proui/endstop_diag.h,0
Marlin/src/lcd/e3v2/proui/lockscreen.cpp,3
Marlin/src/lcd/e3v2/proui/meshviewer.cpp,1
Marlin/src/lcd/e3v2/proui/printstats.cpp,12
bd3ecc3ea07aaca3ad60441f64654b407f028714,1
f516c9e5528c67b1fd3119fd9910e0f14ae267f2,1
b9ef0f486a91ac918ef3605ab76d298b3e09d49b,1
48b5362cf02ff12c9e9fc4d5825ceebe457ea34b,21
Marlin/src/lcd/e3v2/proui/dwin_popup.cpp,2
Marlin/src/lcd/e3v2/proui/lockscreen.cpp,0
Marlin/src/lcd/e3v2/proui/meshviewer.cpp,0
Marlin/src/lcd/e3v2/proui/printstats.cpp,8
4e467e98c4c513faeea9f73a7c83f1bc1c7b8170,2
813b6af7247113d0cd96f4bf71c0c1a980590219,1
4b84b28c1435ff4520e0f8078f0a061aa27f6884,1
c6a6d35f0dd4a8fa7b3fae30892df96b8f0f50ee,1
323ac9488ce0562611d0144ab8ba700d272c00c7,2
d2c503eea2b5373fa8af6577c8047014966ce0f4,1
87e19fe5e714feaebea4f91f6dbc8324d0eecc3f,1
0e1ecf1fe0868d5467aa8b61feeac22a857db6ec,2
687dc9ad4d89212ec4da8983e71b8772c03a1619,2
755c196cfa92fa1b9e139d39e83e490305822212,4
445c3c651463ab30ebd0348fde66e2bbaa0424cd,2
6aee2c755bb0468df1672d566897f2c6becab597,1
bb2f100fcdaef30958601ec90ebcaad0fcae8815,8
2e39bc30fd748b0ade7aafdab4827f942536cdcd,10
b07a34eb6bd8928aebef631554626aaa8c88c567,4
fd1a5fe36692319bc41739833a0dbd9cae67c37a,2
c9fe822920f8df22553373b8ad066a33b80030f3,4
9ef01d43bb2f4384482ae8205ca6c80ebe388a52,4
7d7439c4b62e3d353bb20158c04d60defe89c694,1
6b7868d943cd08b83af085ea0d507cc8433799c6,8
15de14dd89d9d6037e6e7e2286b051f4827f026d,1
d09a2ee80a057de7e56b13c041f6a7beb8023515,2
1aa988c63c5803e6a54ad8c3e59a7bd610a51997,2
9ea6a588c36760b3d53d06748cfc58b4204580e7,4
4b0e84d9f320d3e15f8f5c70542349e7f793299e,2
0e7be8e8c4b1a7ca351ce19b462cac2d27fab82d,9
12b038dde58a63c06b21f05c594419000c61dcdf,1
c2c257ace75292dcc5d815d259dc790349db0e7b,1
f7f29c6b5eb0d1b9a5cde7b4318dca506e3a5be5,4
358ffddef80c50bdbce21407c7538041c9934f4b,2
87c4cd20e514b9fc94450e9503e268cc014490e8,3
103b5f1ead5f610f95f19ad02327d73ea2767038,2
142042760796807d92800cc1bdf93a86f614bc88,1
22b99a2e382034f951568dda8d2c70af06ddc47f,2
28f65301cfedf460f3a72a85fced49cbad18632f,1
432927df01ca0410dd5a9d00d17d7878095c2cd5,2
60c89709df2705ae7e80bbe2e9b59b56d6ee8060,1
f03c3677394126e72fb7c2679891a67f1efe0332,5
92f85e877dbfb7a9ecdb139e5f2a6473c2868c97,2
6b96636b9b37e6d0d95699a9120afe48f4b640d0,1
963049ddc39c77176e67d7eaad0d117a1e1b666a,3
9530df4816ed409e79c7b0403613e663f0d63511,2
8f8427ec8f69705e09ca226d9f16da6b82634439,8
a9682f2e975e63d4ba5b4e8a9486317849a5b8b1,1
28ceb1ed0f50f474adbcfa0690c1fa751e912281,2
44eff9a23348dcc117fd1ea9b4b1ef0b54061808,79
fee85b318eca9f410f1b49de22ee9e6f778a23ff,1
cba8d4f401b7de5c04c96e630d497af7041f908a,1
3ec5bbfb13a9a6fc2af5535bed4a40ba9c2b5e94,1
2ba1153fd8b7ca17ce94fbf13b4c21618eb1e7af,2
7b25b9ec5b6c731bc0e136442d61117fef7428f2,1
10c0b9423d5b19dc5e6f8494e79be14cf0ae6b3c,2
5439da6775e2c1b64127480d8e6fa3106a8e7706,1
e507aa09c51471465f6d802945c3be2459e1ee63,2
98a17cd60dc51f1b22b88101b526fd7f1b3f8787,4
aae08e9b0d7338d0f2c3ee04469165b9a087c161,1
cd4c1be641809bb1a32f74d840b7726ad796798b,2
03516f05191b888b5378f0426bc86f41b6cb2d03,3
e8cc050e90252d45734552ae857cf8b6cb8580d0,2
cf013a7f3e8f8030e3ac092692988d4e53fd03c3,3
cda46828613721c116a1fefce08cfbf1dd4cfcc2,2
b4d3e1da34f5a4365d35b685d2d7e97d76dedf98,3
26e4f70d7c0eec0f6d0f7ab2c3b780176d95c47f,1
fb86b6b3e309a6e1273b0d6cb1bcb8159a0be0dc,1
df98bd26b33e5f80d39eb0addb64c3258ce5c09f,1
be8f4f47f904377f44c3cf4f46b66e446136983d,2
3d2b2ca790d31d174e1d26e665e3c61b1a6c8996,11
f2d1770cee926d4b08c7d055ed92fb828d1f53d4,3
267a44c95cc09b6ca54c485320bdbccebe20af7a,0
Marlin/src/pins/linux/pins_RAMPS_LINUX.h,1
Marlin/src/pins/rambo/pins_EINSY_RAMBO.h,0
Marlin/src/pins/rambo/pins_EINSY_RETRO.h,8
5520aa3a10453d9245854aeed88583f11c34cab2,1
191d25f917f518149756a3f29562674076d1def8,1
ae96892612645c9b694186d463a8708fc3bce874,2
a323d6732bf691d29ce996b6bfd11cbcc3c9f0a7,8
0a24f858f3009b358c3c0841654521146949261a,3
1e18ce6e5d919372409dd0ce0e2b9487a5a8dbdc,2
2d04e5733aad05a3646ebc3b37ecde25d479589d,3
7763f9385d506ef79ef81ccb48a972ab56050fb1,9
f84eb27c4c093ddc8db163a5d9860a234765dd12,1
067faaceb19831c880a799e0285d0b1967192f4f,2
c2fa7e594200a18856e61dcaaa8ef1a689a5121c,2
3e93def08e4a765776ae7d2b94102943cd7dae01,1
569f867ea98b7cea729dcbd469372e8f787bb113,2
a8f95e325273f04fa8dd22df8c38de88f00a8fc5,1
029ff158bcdb820e3ae9bbf90f5cd13da0fe8345,2
d987e23d5b47dc21e2c235969a6719c8f6673530,4
dd4f93f90bd81eb6ea73031de05ed802dabb9d67,2
a8f3810f39cf33591aca369d174636336a707c07,2
0564cb188f1a74dc9ecfb55b793f4225424a9ca4,21
Marlin/src/lcd/e3v2/proui/dwin_defines.h,2
Marlin/src/lcd/e3v2/proui/dwin_popup.cpp,4
Marlin/src/lcd/e3v2/proui/endstop_diag.h,0
Marlin/src/lcd/e3v2/proui/lockscreen.cpp,1
Marlin/src/lcd/e3v2/proui/meshviewer.cpp,1
Marlin/src/lcd/e3v2/proui/printstats.cpp,11
6af5cb295c2ddd8ffcf3a07bfc920106f3f62c20,1
57cee04c899084454791aed925da6bea648d203f,4
668020777f73231f27da1c09de68b04305e10d9c,1
385b0c0106116d1b36d6158f81cd9269667d4040,1
5439a34c4b5e5f87bdd4aebeebee3d80a776cb56,1
1be3b8df4ac9876afd8bd7db8eab033f9e615953,1
f61f8e30224017d1f4369ffbd72b07bdf5284a9d,4
f2973ebd5f3ed0a2a00dd2d931246d713d7c3dd9,2
d99d0c8a10b2d0ee540e115b15eef24a71028863,12
076d8e83ea4247b75a90e71bcb80dc3f8e01a458,12
a1ffd59931ee28cddae4871706c771d816f0e4ae,6
7ef9e6df9838060961499b9de06ef3feb8d38ff6,1
71d54dab3c9fb7765d55d5cf2806a652879e8b67,3
f2a83bc245939e9041e542ade1f651fa80ddf224,21
d5d3f28bfe0c58a35fab181fe09d81dc23561919,2
8e8409ed67ba99fef35d21d09b2618e0859f3895,2
1636325b722f9618a9b65719d39c464bc7a3465d,3
e4658c321fb722470889796ae76930a067d59f33,2
f07fc7e96f512f4900619049761f75d28f9e0403,19
1d35bb5d337a5300bdd03312aa804e46b0455987,1
b637617deb1e3c65539b5a540eb75b20b508d29d,1
c61a692e7f57869a7071ee87da898b5db14cdd59,2
59dbf27385febae978093bbdc37f4b97c586d4d6,1
a1cfb15e402841b99aec0244288b79855b403362,2
69c7b8c1defdf30a6b0280e64f19b18e38a83a6c,0
Marlin/src/pins/stm32f4/pins_FYSETC_S6.h,1
127a3ad8311d9a42ff9abf582e3cd3331cfc3a06,3
566b26a72e923290dbb193263ed2ef794d2c433a,1
79fea49868e871b18e9b2d39191dc0317a0ce2e1,2
afdaa1796463fbb3ba87c425c865c749a0773033,1
7b12f985d32ca106dc7c5c89598d5f4c77e64a74,2
7fb65309aa7b1c9bd740ef4c5d4a03a0bc0891ef,2
9c1eaafe8804bd36d1d9874069e1626bc4b02002,1
5b35f3a95582a477e879be5cc7d1406a42d3e740,6
Marlin/src/lcd/menu/menu_bed_corners.cpp,2
9eab577765b8aee8b42dc7da11c83f942bde5a5b,2
91c7db027f3cecabc2708bcd3ec9254c70b38e8b,5
b44263eb5babaa379cb425da3ccb2a2b008504e3,2
7af8e23254006a61588307f792519d4ecaddd598,2
ab46b7e2f298826a5512569d6e79bb59a7a6b8ea,4
Marlin/src/feature/password/password.cpp,28
Marlin/src/lcd/menu/menu_bed_corners.cpp,15
Marlin/src/lcd/menu/menu_temperature.cpp,13
231150ab771c1b4e59ddcd077777f7cfd580e148,2
5b9afdfb25f16dbe421b3ea051ef2b7eacc89ba3,1
8badf2d71ff52e0952bb98df25bb8fcb25eda9da,3
7f97ba9cdb17a82e9aed5eb4c64a1bdf2f419e81,1
539a893694533cd94ed58288242556febc3ba643,5
f6ea8d11857b92a31edd17a5d9e46b55fcd59bf9,6
02b01c773eb59b3495bf4e6ec7f71f1d4d97a4e1,2
8169253a7d41e9cc3cd0693b2ad1edce0c4c204e,0
Marlin/src/pins/esp32/pins_MKS_TINYBEE.h,6
Marlin/src/pins/stm32f1/pins_MKS_ROBIN.h,6
f6e8622360609d95464d256be5717db090191583,3
d5f2334140e6f8ead29d3648b371547ebe72c7aa,0
Marlin/src/HAL/LPC1768/inc/SanityCheck.h,14
Marlin/src/pins/mega/pins_GT2560_REV_A.h,3
37ee9a47ab11baa7503336a3f0a3f83211459868,2
7415c3879004c74282bc689b428173af41d9df40,1
900bcbeecaff4e44d12234e409c76dae4a94d9ad,1
56f065db057fea421892d4da4aee7f003704ee89,2
4686dc4c81e4807d13b85c5c99b47abbae64d835,1
a963c5f9f3530ecc0e20cbf7c50a1902c8d4598e,1
0f2ba5b92b24ee990ae07d8c3364def38a45567f,1
5179f55bf9147a52cb63281a04c99ac79c9e3143,2
Marlin/src/pins/linux/pins_RAMPS_LINUX.h,0
Marlin/src/pins/lpc1768/pins_MKS_SBASE.h,21
fd595aa01bcd139352055f4dca771c193aa35d14,7
0aea3ae058b0aa453268768114664b0ff9272604,8
383afd79bc54ce6c07a3ad0ec8d968600ebbf372,2
18e1128f70136ef81aadd29622ddf3577d9739ab,1
e9ef609b076736031f80ca12860ebee7d34bfe9f,1
df69d7227379eccb260ef6f2b9a9db724c39fe84,2
e2446dc5610382c72d502cd3410b46f9801bb131,2
8c83ddd201284a70794d9b37d53b58756b58803b,2
1e246d65ad160d0a33d598046374f3910d8e4084,8
0c0ba6db7d7d4a968e621f55050e5903ccd2f53c,2
d8f73997b68da57454471b3b63056ce067cca10b,122
buildroot/share/dwin/icons-svg/alert.svg,17
830d728ec174271c96042f5864efb99300cf8927,1
b9eef9ffb43248256c82fc88df7096aafaf45d1b,2
9285b6b9edcb42d38736a08785371204aea56501,11
af93dbfb4f94a7e50c5f0eae2b0a7e911706e5c5,2
6cfa011c10198f730c8621994212fc828bd6814e,1
3315ff8856fba816f73abb3164393136ebe9062b,2
9778b67e84b1ff022669b7327a297d6cd44d4ed2,1
cc87695ae716df12002c89cc015ffe01ee43a4cd,11
c79174e862f30d2a1e808c2cfc40bd8a8e819166,8
09909512d721b41fcd1fbb85bfe2fbc138990eff,2
213b5d0d38340b78844c71a8ba52003b29a18c98,2
da8e21f1a67ecc887e0d2ed6bc1d893f4253deb8,2
80e978ec8a9043d98dac76835c9d7c31ad9864cc,1
d225445ab1ff1d600063b71cafeb78f8fd435985,1
7bc9d15514f1c9b55dfb0cb5a0a5a13666f96a33,1
40481947fc1f11a01235c5c55333a4437fc45c5f,27
70d3607f560c75277e46e2590316f557434f58af,2
498b4b34406ffa41f912867b56cec2ce5d41bd16,2
2cfde39ecac13eb75f8ce933d2116d1b75db3e4b,7
3e2a38b653b1d8479b7b38447d5fdff51ea9947f,30
9086082c1f3f0b36311395d459559015576fdadf,1
e16813d713f51bb5c563eb83ecb5e32c0053e16a,1
3d79b55c15d26c4181b66d831fca457fb167bc7f,2
a058a8a8b224de5e0878cc009e76a5578350b734,2
84ed7499546c3631643bb85ed29d21f7d3e27b99,3
24d1d3eb5cc4e7415e77393d35e40fb4124bc672,12
89f13913066341995aab4f7ab62e5d69f9e50bef,2
ab797a0995ffafb85de6b7b09db2bb1ea67ee978,4
07bffdf4bc451ad95ba0f5c196d7c3c9adcaf1cd,9
02b29c0fecd1d68226cd64d660bb409e6f131f9e,20
476028d4766f282a9164d1fe7493c635e73fe696,2
2ded50ba3fcbc6fec77a1697e9e846fcb6c68f66,3
224b6e5af9250e92671ad3ee35bb10cd79b819ef,3
08b659747191d3b234c39e81546d845d31d49852,1
9665a4434cee0386fa2a63a058b6f2598943ee98,17
Marlin/src/lcd/language/language_el_gr.h,10
Marlin/src/lcd/language/language_pt_br.h,7
Marlin/src/lcd/language/language_zh_CN.h,0
Marlin/src/lcd/language/language_zh_TW.h,8
a719020348e121245ba2ec6c5e60149c661241a0,1
0dfc17ca607640c62f4e53ed7bf39d3782773fe6,2
80128ae456318cde87e1c6374215b14b8b6c0879,5
13adcd5c08b7065a32f59d00c17c9bc3a351429c,2
797859cf55cac781c8bb4b04eeeb4dd484b75ec6,1
27d252c80b679c98e429d0250af51727a1768f55,1
75d1f975a8623f73ddeb194dffd81ae257c70b35,1
6ce0c682bb0ab96dcb3e1d6720c5cc0ff66dad9a,2
e0d19f9f419bd6150324672872a2314e98ee5e6b,1
0026430835eb4d707cc3d14e44c887e0ad9f39ed,1
1363b439462af4fac2e9e3a8801abde5981575cf,8
54f218e348f2da18d02512fba9ba4b1cc3e454e7,1
5a9755e5bbfdbacf74fda85baf9334a309570da2,2
3949142214e2aae9a9f23dae811d94811fd140e1,1
9564d684844fd9032eb5cec68825b7a70441e78a,2
3eb794d6d5d80f5d1bf17d94ae3af29eb9263763,2
73624133c9eec397c5030b6d17ef82a29cc5007f,1
4d28c9d12bbed7c742f94f7367348e3c4d36dcc2,3
e99d95b7707f04bc28513322dad88eeb0d45778e,1
1bd921d6a69412686fa4b31c4c1e5710de9840cf,10
8e490e84be80ef9eb4e1f9de08939e1126c1c23d,3
15936d32f5acb19d0a625e8974e53d77ebf487a8,2
9140016e0264b731b074e6d04f286f1e8c23a29e,2
4ceba981b1557ce72b1789cec983e098bb0bc9bf,1
1fe07bf3652c67c2266b2d70c4562c1b94244f02,2
c55b66becea10c795ad271681a365925e0d62628,1
cc919ae8999635dc45e3852f1d2a07fd15784d48,1
e379a46639b76d551ae99a55d288b944d2e22031,2
e1ab7f3b751103296a0e8601b22b1ce22a90112b,2
9a194826e3e424e404e95443976f1bdfb1d2b245,9
b8a376a28af8fd4d850f6a2080f5643593eec722,1
90fc120182d97c27340632469335a64fcc782c16,1
554a2fc84a5cd67cc9b0be8b01551a9eca3925bf,13
6fd48a98815cb9a0b549a94b5a80f6e0da369c53,1
397c751d55340f9f8fcd0a3b328b89cb1a6c16bc,2
e65c12cf96a226019a7456099078ee5cb03f9a49,24
Marlin/src/pins/rambo/pins_EINSY_RETRO.h,3
Marlin/src/pins/stm32f7/pins_REMRAM_V1.h,0
91909163ee0eb19920309a4ad9042d9240201fa4,1
d007c1b835847ab21d5f9668300d5131713c84dc,5
e37fe8566787cc006f70babb39e84226020d5e70,1
cb96f9d6c0f61e7a1d17b8b1983173035379491c,2
6fbfeb68010e63c76b545e2c27aeb48ee73be68b,10
09ccaa5051df5b0580d99d0284fe657c474ccf38,2
08aacb822a7f49199939a5c66639adfc356b55fe,2
63f71d85f2af5c9a352a4fca9b3c1acb1a5f4746,7
4de84031d84c9b92a7ce5c8df48b15682e51acdb,2
61828492559f7a4f8d832f75cb262d64f813bdbe,1
b07887687ed96645b3e67ae2586c8198575a3e5d,3
ead693b1a4fe1c5e74b42e4ac6afd5a47bbbde29,1
ff46d7cae274375eba82a278ca70fe0da016f778,5
c1410020abd71ace9a5cf84eedc637d2c41983c5,2
67521bdd01a5b26fbe5e82bc57b642c6ea3dcdd9,1
6e8c67151148bc02fe52accb2e059015ff1b95e3,1
9edddd18ad96bf4b91b09179c99b57601fd7bf0d,2
88a6e5b691d61eb93d573e4e79aea3bf5e0b4501,19
755c10d3030ed18762e05b1f86396237bca8dfbf,9
16a1a55ceaa6717eae7d075e2d6d685ce25896ed,3
6d1eaa0efaef69b383e7b0f9fe3a53468f17f245,2
f3b8b0b5b94cbd96bb3cdb48625942b14e17babc,1
6fb2d8a25f096d084348a6f6930f515d947474d4,67
33fa3aba107eb9b4bb1f90a83d6d81a437ed0347,3
13ce5aa1ed4ab4f8fc01f7ff6f7ad7884fc28ea9,13
02b4e48c6df1604d3de09cbef072f685fe956e92,8
2351b0df849db3a5efb964413574420e988545b3,2
d58daaa42c8e238b3e1eba4041ca5bcfa497c61f,34
Marlin/src/lcd/language/language_pt_br.h,7
Marlin/src/lcd/language/language_zh_CN.h,0
Marlin/src/lcd/language/language_zh_TW.h,0
761b1b93c62e9b70dd97c9579450804219d8f25b,0
Marlin/src/pins/esp32/pins_MKS_TINYBEE.h,22
Marlin/src/pins/stm32f4/pins_FLYF407ZG.h,1
Marlin/src/pins/stm32f4/pins_FYSETC_S6.h,4
c5b74319e7459485ac77263ac2c4597ed6fe6cfd,2
c160a57397bbd31c44c404f7c56a269f8fd802d6,1
d557db842598639f4ab49447e216557515b3ba9e,6
3f6147fe85e9f3d1ea255b218a53dbd71040fec3,2
9345eedb6453e047d65ef0e9a06f63dad7f769fc,1
7d462915b325c5590bfcdc1debe3bc40c87e9fcd,2
56ac68172796d03c15235738fcb234c48167d807,7
7762df7251f1da3be2933670084b416d4a06c89f,3
6a8b9274a31d11c396ce1bc44b3a0b872a4606dc,69
00e6e90648012ca0b954139f867a9a0201319209,2
555c749fe2be922eaf3bd78a79ae3b89b012662f,1
a47f559db15ad550930f0d49d352e73852ff900d,5
57315f02cbacea6a90c56349dc7e571e53692740,11
d7af6199362f35db72579e16843239087689e145,1
4f0932e5c1647b00efff22a2a5f30a1fdd57cc19,11
bdb071688e7a2e1eb900c26c59c20bca847ccfdc,2
fca6d12093e0cadc0c95a0e4cabfd560e6b628a1,1
c74161c011abfeb7004631f63642566f37a845db,3
a941cd33e290ed7268ac963388eb0cb28485cd72,1
e211ff148c39bf5dace72de7cffbb83f19d3f1bf,69
532f21f96f421e485b472025de2cde9677999179,1
cd1920b35057ee21c77f568af996434303122494,1
6d09d1d7fb2ce06dfe2693d841e3d417fd33c1b2,2
d5dff1948d900ce6fdec31e3f839e905ba09a46b,1
21cd71550663f46c361e6798c04ebcc0165391f3,1
Marlin/src/pins/esp32/pins_MKS_TINYBEE.h,2
80a537cd13f386fe8140ca672c4aa51d597d5e21,7
ca0215ba646e410e4828ebf14c86e75fc8765eeb,2
df9eb566c763be34f4c7ed51fc7526a840df860d,1
3e737cbc910315364b77af6b1d6d3e92306f48f3,4
da67deb621bcf140e2f843c030d2b2b195c39ef9,1
Marlin/src/lcd/menu/menu_bed_corners.cpp,2
1b876c170fc62abbb7381cfa79f2456ab4ec48ac,1
c80ef71c6bd5b3fed36f1b6485d040391a70af70,2
2893048e2955963bb307a4ca67ec26bb336de2f5,8
Marlin/src/lcd/menu/menu_bed_corners.cpp,5
c1dba3d02888824400413fdf366c1fa574cbb587,3
fdd37a84a290bfd55311a200018e7fdcf63df079,2
9cee62681232f154b411a606f1f49f0dd80a49ac,1
f374fa0eb8cfa60981b25cb99856c14328fd703e,1
b06f871dd094308828922039ea9923c89fd772a7,2
ba3239145429e15901bb642a7225204f95b8e308,3
9d4275506862e6d8029c0152c1d16ee737a4fa64,1
a055898870d2aac8d0d36a4d0b55846cdca1a808,2
ecaebe4363b2a817649ca37ae29365d5f1e382f4,3
14ceccdbc6e1184f6c5786454d660d875627c852,2
daec6c6bb9f3e42673a8e676bc51aacd7355ca41,1
b4727411d5a57a977625b484e3d22f4bea8f0790,1
b16b1d1fc7e739ae57f80e02e3bfeb34cfe421f9,2
504e6fd786abeb06d39cb1cbb1dd83ab3acb1dd0,1
9d2441f951da7a5def752105286834f40e0ed618,2
a994a318ba99799fe749021a213b134f414705ff,2
6dc056f77114a0c3e2cf68758eaa7cf41061e173,1
5f9140cccd31f22897dfe135c681f0888b12e041,2
2175d8aaee68c3555255279ee12da6deee034509,2
e57b7d043cfe8b25aca5e67bcb15b19515bba7d8,14
a4678d9e2798f203054ffa7c796f7b5b063c36d4,1
b464a4b1a4ea9cca914126c5f50c3e7384108a5e,14
bf21bc9ee53aa094a55dc76f5023b9988f31b166,2
1dd9adbfe40f0423181773a3370fbbab27d0a990,3
8277f3ca0db3fcfcade46e202d5c32c4908546ba,2
eef9e046904c382def0735c89dd3ea9961658554,1
dff18e2230eb07cfe7e6b9d9d3d288d2211b089e,2
26689e1d85e5c210daa01548ae0b6c9118e35bd4,1
afce7d6dd50273e9ee397cbe42ad9c4986a55fe4,1
9eb2a5f62c4c98a6f681735da66ca22ac08550e7,1
82d569faa09f4e427679502b88f1faa08dade217,2
1cff4fdb3670e0d04d865fe699763073149d4acd,1
60717927acc227e9ab71946b653d7e8eb8839fef,2
5528927d7127a176d107e8c1adc4906214142adf,1
aebf70cdae0683ed067a9d5aa0f3c93883f0d55a,2
0077d982cdbc414c60b2be8c7800317883ce6413,19
1e637a8de2d2785e869d54897b0b2122410a0370,2
c3af6bd8ce731737d0812a0e554e37dc0779127f,1
1ccaad7a9bc98b1afbb864ad50730a96fa944d17,2
4d45fdf0eb605629960d06abb86704cfbd62db49,2
135683010ac348c77f7a49202314b35f9aa8228d,1
dfa1c26471f27e0fa81f1e7f7655a54efc50f77c,1
65e52c1150b461f6458378c3f00bc3683c1bff62,1
a84e0404e019de905edfd9bbe61d35176c51c3c7,2
9e6ded3cdfb362fb6b0f44ade6baca562708ee1c,5
0a64209305ea32e85a7b786604ae0c11fd4f1fcb,2
5d45aba550598f63b4f0ded99205b40c29275b26,2
63d73bfafc8c146a0f230ad1a45c97f0ba23168b,2
a16a059312b0ddb822da2769b5ba5372f9857c48,11
Marlin/src/lcd/menu/menu_bed_corners.cpp,8
c67f7fb4df878e829289848ff60e28462c949aa1,2
ea0d0e8e8b4552aff660be36a9b70c2c8960cdc3,1
Marlin/src/feature/spindle_laser_types.h,2
6580e655fb255125d63e41e05045075452f5bef9,1
ecd1ac70929b4b6b2bc0e4f9ea4e7c4b050e2396,2
a010c4d1c8a9c6fdf296a33233deb99e235e188a,1
fcb48598e2e2dfebb92acdc103f7119c7f9fcaa3,1
4d0880c74d8363948e63f22839c2a9ed5a672f7d,1
97400e54b90a4fe40b60ea2f76e90cb14b0bf6ea,4
d6b332f4c7a79553a41c4a6166f21f802be930c8,2
363a17ac464e72bb013150e742b0e95f9df707eb,9
e6bbdd89b44a6d83df8788debf25880fadfab87a,1
7daa76382f858817ea7b52d11f9fae88d252988d,1
bfead67544106ec2b3f2ba228a44319ad8510a52,4
36a04190a01a83b2bf9a9fd810b082649aa53aa9,2
e949b4439becc0e440c64bbcba1825654dd9efce,1
4411af655e60646b0b114f759a62cedc8e0e6aa4,13
2a1facf8530ac931760ca43b9ecb11d57409ff74,2
e3d7274c84242aebdfef2b164d5b89cb99ee6ac3,2
b9ee84e8dcc6ae81aba3d46e079ed26e1a308a49,2
f46c76f3608ed3e229a36229bf6d0878fb4ab51e,2
c09641c7c0cddadd67eb7f873d0c9e2633376821,1
1f5eaf29b947a1486699c588cbe1e274cfb72ec4,1
7ffada64ceb4d8e5a2ca1e7a75638a3bb6be6cf4,1
9e71f9baf9aad453be1a5c4ff5cd604b18e65d2d,2
a276c088e33417403ca468879678d837c00433e2,2
1874787b6bb840156e4ebb721ae6ee6b6438b97a,2
0539e870de30877a38c78d29a304a97a6068cc80,43
Marlin/src/pins/stm32f4/pins_FLYF407ZG.h,6
Marlin/src/pins/stm32f7/pins_REMRAM_V1.h,0
09ee63caf1f78bbb63518164895fd2a7cafd96d6,1
6fa278b7418ebdc4f02b49749d34888c67c22024,2
1861f780de948cbfdad4357604a45441ec0b25ce,1
a3c4a5eca693bb5794c0374f5ca72ed8f2dc422f,2
Marlin/src/pins/stm32f4/pins_FYSETC_S6.h,2
716d74131576c01c69f438e7640cc9857334bd0e,1
47d34682519cb1524e71e71c018e946824803660,2
981ad44ded7b3805ce54da389581403c230f7dbd,2
9e7b9d01a18f4a77d51c2d8d4c7094b2b5e8bfb4,2
a7549aac5c5efc7097d6ebe69b2d46b3e7acbfab,5
b6a8cc06fadd2ef3e5b06c7bb2a006ee42f7bfef,2
f0e48ce104b5e3dc06f91127e69b3ef5b46370cd,2
d4c78edfe37c62e82aee9bfa3ca8b685e3d5cb62,7
203047f859c23ee5053ed20c88531b7f15fcee5f,1
7bc18a707572d063ac3ba905f1f704dd965f26f3,1
e5154ec28179c7dc7b58a830412e7cb09c2f878c,13
de398b4fd2f96349e73d63512021a3fca800712d,1
5387ceba74862788d27b62f8624a2c697fe233ee,7
7110d11c9d8933c8c412c2fabd3b065a5ab97b6e,21
430a4aec3453b671a531ea7fa2b7dc203ba8769a,2
0fbecf4aaff595bb90b9e7d7556fba3dc40e406c,2
6ac0d4727cd4abe70002c32faf3d87c7e24bfad3,1
Marlin/src/HAL/STM32F1/inc/SanityCheck.h,8
f33396c2c34be960d81a6a7be1086af90946f262,2
2955061b056dba156dc846385285cd6c8633e274,2
1c31366bf37fcebe91e8e6011af354904dd58ad4,1
0293a8340872296dc085394f75a6e68337087d18,2
8e7f2f4483e83edc9ee6f38d632ed2a5f7ad0465,2
e34ca749b1b4a060549c42480d170f6d7440538d,2
f1af475253941e4ee4cc2bdf05989c623c27a663,1
Marlin/src/lcd/extui/mks_ui/draw_about.h,14
Marlin/src/lcd/extui/mks_ui/draw_gcode.h,40
2edda4c58200db4a20af852c30e0ae4accfb5640,1
e3d777cf8fcdeafe11df73d88fd6c374148b6f47,5
b7be62ad36d9d2e8bc4d0718b8cba94321267077,6
44d8c2f5bf970e5f701e8bf8e2eff4e17b9266bc,2
3e14f06f8009e1d02a6b92f2caa6ed027ed078b0,2
36173fb2593489a0be1ad1f2a90553de3a452700,2
89fe5f6d74ba6d45290e3e268619c8f9b32ba8ba,1
eb8392edd4a1ccedd235c7463f15e583f47f233a,1
629498f8d43be6675674671927456b8b6b4ac47b,5
2aa36af55739c3e2685cd3698186748835cd57da,1
f0b1ce8749b5b988d6fc640be1c64652fff160d5,2
36b2650f65e036ce1b02da568364230201a22b80,4
125310dca00383d60632f13fcf185f59bc51bdf6,2
33c89d1f3fa603e49f5a9b346d089331f0f0efbf,1
8b952d9d11e3415d1aa42559c54c42c489860a5f,1
Marlin/src/pins/linux/pins_RAMPS_LINUX.h,0
8ee368b718ea7086522f9d64dc97e45a273d6832,8
5fa4631e375968dddbca5b584eabeb917a679464,2
d89f472a4f5bc58d083698955a8cdcc1c6d7f956,2
4aa2c6628f05ad60001e66a87e3f52e26c0998c9,1
649c7685bf3c06b7faf39400538831b76e24d392,1
4a840e15e160038b139131ec559b220e0ac4318e,1
72de764488b96a28d44668e0f246fa86cbadcb0a,2
ecd4cdb2983e6eb0d2f6a112f1706b0e7c158ec2,2
589a6d7f6bbf2254958aa92d8707c51fcbcd8dd3,11
b4b16b63ff40aaba9e482294e8f34403eb51e632,6
99df0b86fb3fdf8a671fd553301b7bb5acc4a0a5,1
07befb545b2bc6ea284d444637a039127af6b4d1,7
e776fa1e93d5a8ac1d6ebd7c084e18e1a009ad6b,2
cee50552ab4dc3463717920b792a8825a783cd83,4
467e883e17dd8a67c26a3273f0586ce474e959f5,2
fa5bfca3678ef6e695e8e5d4a51af2bcd02e8e85,2
030b66eb2710165a2081c625a7a0573a6d04b5ae,4
e15f9fdcd9ccff010f188d6b0762cf00956a55c1,2
dc972990f35ed0f6c1ddc7d2d6c15df9e8a4cb3c,2
27220f09440e90ed490087273a2357b84a41663c,6
30a69f76a3dc9deaef6974d18107d7f759502092,1
c07aa875bc8c285adf7f967df656f6bf8a13bf92,1
dfdffca2bddb2c7301b6befe5d453da5b84dc16f,2
f5284715fb7c35a5ba9caf98f45f533db709eeb4,2
3e8cdef36b42d4cae1efc8fe3272497827dcc440,2
f6147e038bbd4b4b96c8c188107b9e7d4f02d534,1
f53d627750ab0cf377ea1738bdcf792f2ef37de9,4
a9dc737624cf45bceff1866ce4807bb2cc36ac44,6
7b792014703e778d8fc0b1760747d50ab8f340d1,2
4483b8aaf023576ea1c8ecfa84e7093ec26ad75a,37
399faa91b99dab0f8565396efd32f277965c93b2,5
fef96bb556f19bf1e132368ec0675d1d2b12634d,2
02b6fb8025ef82c2d1290cdc1a98bc0c54f502c9,1
cac42e24a581915176816c680a61396855660b19,6
627b67e27aa4de50c172e0ffc4a13fe3fb2d35f8,2
f632b72e8c58ea4c54676ca17e9b9c9ee4584be0,1
0db9f9a828c43f978e37b5140f7b9bb6ca630667,1
95357c33fb0d3ce6d84e59bd16e8354836997015,1
da830e6ced7f7c7e509e748104245064d1c1b265,26
767a15d468ab6859eec19600541ad21dff757d1a,24
a57355ee06e59fb3d89ab56f8749eb5549efbee3,2
498937967482faf7b299c2119c258c8ce7090ce9,1
7942f71d26b58630a841f2de2d4f2abaa4120395,14
6af344c19329b51307d38463c4912651ac1dcdaa,2
40477e031f16c2ecde535bc4ddae65c986060c9a,0
Marlin/src/pins/stm32f4/pins_FYSETC_S6.h,0
36e475b8beccd7bcc74335cbab69c5aa6ecbf61c,1
296a6137cd06ce06f062767ab1b59f99ee95a094,15
5e9b5bb4482bdc4e600c2d0302faca29d6487b42,2
9176dcea6ee1e449aee8f4972739268d4e97f034,1
efe2e79ac8e6d35e80a7d29bfd266685a82dc546,6
ba0b772d84bad99604b0131e2142366544370646,1
b88612f9761601e985f8ec8db5d3b91214c39555,2
4dd1f0928688c68c6c334e1fb1a8e13be2dc351a,1
be412e3e2b07664f95eec21dc8a63a66f25d26a6,1
75e0b7f8ff668217889b770a83990c532998ca95,5
Marlin/src/lcd/menu/menu_bed_corners.cpp,6
aa4e32555dd247c391356a2e1449dd9820beeab6,2
Marlin/src/pins/esp32/pins_ESPA_common.h,5
18a924d4e26539c270dc08677d4319e5b012c723,3
67b075fd39e530c5d7e8a09ee6b3dba81d8548d0,2
70e31bff45165dd07375cd6140fc0a72468e0894,6
Marlin/src/lcd/menu/menu_temperature.cpp,1
b09038fcc72bc8df4ec8a7014597586e0b0390ca,7
1d80464ba77bc576426f15af28a633bf48d769ad,23
Marlin/src/lcd/language/language_el_gr.h,10
Marlin/src/lcd/language/language_ko_KR.h,3
Marlin/src/lcd/language/language_pt_br.h,7
Marlin/src/lcd/language/language_zh_CN.h,0
Marlin/src/lcd/language/language_zh_TW.h,4
Marlin/src/lcd/menu/menu_temperature.cpp,2
3b9bea6f80f02b76f6b71c6c1dcdb751e3611d8e,1
2c8dce69e16daa08de4a62f115b06fe68c0db17d,2
5d04c7496cec3b8a564ac302da116e3783c4b1d3,10
a1c4aad1472bb418bc0c0bc52322032b68df3a1f,1
aa2c6387e95bdab955499627e3890561842f0a6a,13
Marlin/src/lcd/menu/menu_temperature.cpp,26
Marlin/src/pins/stm32f7/pins_REMRAM_V1.h,0
fbc125b06c0858d1dbdd29908ad862ed25918b3b,2
c0337da6334923ea7b65bcd4f9c1ea08c8b33cf2,1
11f1335efb448c5774c92ca14a72e6dbec9dac23,1
3f6c8d5dc56938f95edaecddf20e9b76aec6df29,3
2199ae77c80aa419a580f9ed8dc2f11ecddd6912,1
de6dfc9abc9aed3769c92ab89e35ee598424c3fe,2
65dfc407a5a57eaaa036475b079153efdd1a51da,1
9338b7f06e03fd27ac8b2babb96e92a2701700ad,2
79626062d03f2f336b43378cc950ead9bffc8703,2
73875cf9ccd4b23bbe2a46bb57192109b7d1a7c6,6
930cb7c3175eb85866bb673a861f8945c3c18726,1
90716eb7ce6ffd315b923e85a19d3bca65b78ff0,9
b619a7184406a3fff2d67d33f1f82159721bb1bc,3
70863058cd91b155a9d299680c34430c8d9a4192,1
5ef0468251b24fae5d2053691ff986b95fcd1631,2
d79ea20dcd139ae0073051fd15405fef5b40dbf4,4
f6c7fbd1ab62b0c3aa70c971ad6c30d062d3252a,1
444f27dfa0bba82b73b428b7adcc50d44b99775a,4
f8968ed13c217ffa8db13d15c1d136e8d3864c1e,4
6a6bf0fd1b04f79215ee6d64596fdb1dcd72ccaa,2
22d3a993e7d5d2499517ddda8de5b8450735ab56,2
e5e872c2e2ff87a4bef0c0565aec97cc12355dc7,2
3ec0213dbc34152e18eb5b4225e02a12d6cdc8e5,2
9c055621a0944e7f65051c0c72d117d13b7fe05b,3
de3c563a990e72533fb9ea9f376c53595c3e986b,2
9a19ea50d8451fc0970843cc896bd2553e0f987e,9
f62890d889f51e07e3281e065d93445afe7b6566,3
a309a9535db532457b0aca8e861f5b8ed9f8dd93,2
566ce56a2d6c572d9d4700dad95a330b2459cb32,2
a05b66a9503ea89cbb967f50c8680856c40c724f,2
a6a838084d69435f2113deb5d783b96d909be085,6
52edc543bd72bfacb4ac6eb47eae2e466dcce62d,1
5f7c92dfbb0af65610d88ea48d48f00fd04505c2,1
Marlin/src/pins/linux/pins_RAMPS_LINUX.h,1
Marlin/src/pins/lpc1768/pins_MKS_SBASE.h,19
b69971f06aed8e2811ffcede0f153251f06775dc,1
1f3f9cb68ce9c9adad55a98ccea07e491d7b9785,13
e77df7230023cc0ac4eb4cce08fae70ff1427dce,1
f8ec8e5bf6df342a27e5dc9e39d6605c50f64194,6
Marlin/src/pins/ramps/pins_MKS_BASE_10.h,0
Marlin/src/pins/ramps/pins_MKS_BASE_14.h,0
Marlin/src/pins/ramps/pins_MKS_BASE_15.h,0
Marlin/src/pins/ramps/pins_MKS_BASE_16.h,11
Marlin/src/pins/sanguino/pins_MELZI_V2.h,4
6cf6c4cd852bd09c509407057e81e37e36bad52e,3
c91451d215506b3c3977b9ae4b146c98b48acdeb,4
3a77894efd579955968a4bcf023b6d8ae937ae05,2
357fb8d98458883144e29a39e9f4d5c033f803a3,1
7bab1c92e72f8e1bdb5c04287c4ee82a89dba600,1
ec57879c595ceffff8c136bf8acd5b4bce33a44a,2
d3a84bc584875dc3e022f2d9fd8065207caef204,7
28e2c358d1238d2d0db9e74b23e83f6e3bff89d4,1
2e0bde37d77c8c0d8274d74f18cb27be2c232278,6
Marlin/src/lcd/extui/mks_ui/draw_fan.cpp,12
ad4a8a68c2125f74124225813fe978c31677b3e5,5
b93c3301f2146bed7287ad097b95b53507c35420,1
d2b0939118827c49610058c41f521b789c827477,1
741e70541d5ba0e8a7cfd2c402b306dfab4b77ee,3
d685cbd5c304e8e3f3b86960e616c6b797ae85bd,26
7d16f0cadf12ed9c662d47af96daad6fe8e07d9e,1
cd0ee8c34dab5393d7b7c7845e553a02dfd6d2da,2
bc567e7b4939f3abb75a72c313824e6abf0fb07c,1
3c94f2f1c33395e45f3b2456f97eb64310b41000,2
babb3d7b4ce49fdca215bab857039e7132dfadbd,2
9d72cbf84b970e5060f8dceef7158b9ca8252856,30
95662d3aed0a31ea832407c042a5b0c56cd8a2db,2
ee28a14e8e7f6b33fe5813dbedcd85380207c345,26
de5aefd09e2ede1314382c4a10e51335d07524f9,3
11435356643c7e32dd6f30e8a144e2c3766bfb35,2
5d665d5e1e3a7b9f95cd4075815883fce3791465,2
8e4953514c893410c402ba6486f86580385effd9,6
bf91bd5eee252a2ec2feacb54bd1ed88b38215aa,1
f58934c4efc6319aebaa3d0845030b91bea64828,1
8ce2254aa69ae12bc31c6e55bf88a7d1a60054fa,1
0d41667bc2c3895ea8e3ed28435f42ffa106f44f,3
02dc7a6387fdc3b9bd1659b3aa400802bacb7828,1
3f9ff2421fadb2513e5c94688d4c49e4bf6b84e7,1
332ef9939c27d8b8159b71b713c892246b004efd,2
a7519ecca92cbaa3e3c4cc28dcb19911bf5115b0,2
Marlin/src/pins/stm32f4/pins_MKS_EAGLE.h,3
15ebe45f36f34bce4a07f6348c85ffb1ab904087,2
769948bb4d6d55d2bf4b42d69e79ce516986d77a,2
ad14b5052cd60b6ab79bb236529241696266bf30,4
90fa48ffd565ae28e8a0bfcf2d5f8b5a2de2e558,2
0c86cc89f0c74e58949f8c5a0351d57dffab8019,2
b3fd0a50505455bbd4d0487b202ab75797a79421,1
33809ae000da2cf1a5a2b0641b235a6bb68d245a,1
886c59dc1045787042fa3b824bdc56655d10d655,1
13bb2393e13148732861c690d523f07972f4abd8,0
Marlin/src/lcd/menu/menu_bed_corners.cpp,0
bd6a1a2898909fff228febcb38538e47a2416634,2
1ec399c6ab2f51f7d9c491c098c001679d0ad0da,2
1f41437052c35a9091e057b843533d5695e8676e,2
f79d1f114c44c9f56cf2ae65203ae88fc2e4f6de,1
9922410a73fd3285bfba0478ac16f04eeee48b8e,2
149cbe795da4828b8df4ef34f5acee7fdd0d2dbb,1
e52c30d43a171fe6ce21a83589ac17d467e9a11c,1
ca7ab6e13f0e8acfb19192378c8f99a58ee3413e,2
4e9ae9449fbdc9ad3cd9267d8e620b5ec5eddb3e,21
f395198e14a1cbc0604611b3ca1fb6261d4871fa,1
e8459ae63c8290123827b4e45bbe051c95060783,4
d5cb30524e0ca0607ed49587f49e231c37fff4ef,2
f5b085157aaa2c3c7b360750c745588104e155f7,1
b919bdbf0b4f78578964999373c8918cc523d736,1
2d08afe456255d47e6cd244c49c7cd243f74c53a,1
65b950a489c35b1d5547da3a504af4dad8cde3d7,22
Marlin/src/lcd/extui/dgus/dgus_extui.cpp,8
Marlin/src/lcd/extui/example/example.cpp,20
d1938d54ed5e42d766d97d898cd117893ea24083,5
1dafd1887e40399faf16e3455e3670ed3acfac52,30
d7fede3a6324cd6b1ec91a9c8e248fce8f0d7cf2,21
Marlin/src/gcode/feature/runout/M412.cpp,14
eeffac697c5d7b69e01e38ed1602dbd21a366e93,16
Marlin/src/lcd/menu/menu_bed_corners.cpp,3
12b5d997a2cee538e5026a68f8e0cfdd53248986,37
008bf1bcaef181cd1b74638692e2465bb9e07a4d,13
7f1286a11f87065c4e666985e679cf9c77d668bf,16
Marlin/src/gcode/control/M17_M18_M84.cpp,27
520b97083e52efdd47ab434b97823e48d85ade62,0
Marlin/src/HAL/LPC1768/eeprom_sdcard.cpp,29
417e2530ebc5b6c74ac34adaba8be552b407383a,22
Marlin/src/lcd/extui/mks_ui/draw_set.cpp,4
Marlin/src/lcd/menu/menu_bed_corners.cpp,11
64a919da2a6dbe8b529c3471935a6d632420ca3a,7
59dac3a7e41ae7964686d9dff56baba821a278f7,28
23f10563e03fd8f7368885b1c406a4f7c7c3d1ae,3
cb9fafd4f3a0dc3d963bd13664b58d3e2487d5b3,1
54d400608db83bfa606e1b757589c169c9a38fc2,10
Marlin/src/lcd/language/language_pt_br.h,6
Marlin/src/lcd/language/language_zh_CN.h,0
Marlin/src/lcd/language/language_zh_TW.h,7
eb784d6e55c84c05b2a5353899d8bc25276e0640,8
97295c552de9b72ad69833094776e34c3502fa0a,2
9bb562f40a5570a63430bbf9392da0fdb85c5c8c,19
Marlin/src/pins/rambo/pins_EINSY_RAMBO.h,0
Marlin/src/pins/rambo/pins_EINSY_RETRO.h,9
Marlin/src/pins/sanguino/pins_MELZI_V2.h,20
Marlin/src/pins/stm32f4/pins_FLYF407ZG.h,1
Marlin/src/pins/stm32f4/pins_FYSETC_S6.h,2
e4d8290be3765b0ee9d780b346c852e3c142bca1,2
e27b1e5d58113dc1bad900701762ec147e573703,2
ea0169f2bcd3de2fe3b99bceb0f9dd34d85f3322,2
d3ed21b10eed717bdeeb210502082655d50488bf,2
c6ceac9067b21a705f40fbcfc90bbc922945f82e,2
732e59b412a29c52f5d6ad492743b86fa4cb20e6,1
90b0e16ec0c80ec128b70d20b0b47af8a3281c88,2
f2ba845dad67c57a6cf1ce5a75bc4f526681ca2d,1
33e0855e2c173680865aaa6c6aa93047d63fc469,11
Marlin/src/gcode/control/M17_M18_M84.cpp,14
eda8e9c8dddfb93950409092832311a60635c054,2
8ab02df63a2360b2dac86048b38311bbdfa42b3c,10
8f9e56afb97ca6a40265b24fe90ac7b672050df9,1
5dce8d0a84aa8ee3e2b63c880dd2eadc18a64f1b,2
228eb9c404fcbcebb507bbfe781ebe3ca0a1ccdf,15
f73175d8263033d1feb1045af67e7230c844aab0,7
942b76082c5704558957731828e0fd023ad09bae,1
3329e07bd9cfc148a7ca78c121778e2255ac8a72,2
8fd5a4037a27c7c4009e9272770957a4931bcaad,0
Marlin/src/gcode/feature/runout/M412.cpp,0
031fec7a0233d5b1199e2e3a61a5ea98ecc3bf84,2
1ac7a56a823b5012250dd7259a9a7a46d3bfcde5,16
a7fdaabd54475e5f4dec3afad693b0c623bf7bf6,51
e1ac3ede0d7bb9d77362040b593904006a26f873,1
86a6b9316ed16f4726096dfdf7495ee75dada7d4,2
849b86afb68949ec0f67c49401bdf659d3eaac5c,2
e85f6225053de257ee6f2652f097d0939d0dbde7,2
35ad3b0d3b1a8bbf6b220f30f63fd0e32be8fe34,1
dc5bef62ba185461ba969db6af996ebc93a33ba7,20
9c208a008d4f336f1bdc095af0a50754311092d1,2
7c5727e0ec1c69bf4bb72dcd34d6acce02a8c09e,1
1835f8fb25648888cf6df6e17af1cefdd1248d71,9
64c6475434349f88c61fdd403b4e9e830fd60b35,2
11ceea25ce145c8485b516fdb010809409d2bb06,11
0387f94632d24b9d43397b063767940fe17acc62,2
b88117d6364b8919a8a7df6c80d8132af98a6afc,14
58adb849d3e2f81075eeb02db8e1d5b3f297d59b,1
5b934e02fad7cbff79e14d1bd6b8d0a8fbe24de5,2
58301837e0a1ea0d682d23e0510619bd85841d5c,9
3344071f24b505d180dd1423b11510172c3f1c1c,24
f3864a1ae7b45fbc0359a65e4dc75ce062e39479,2
e60e4b8f57806147741e87e2820c258c4b51cf91,4
Marlin/src/lcd/language/language_el_CY.h,2
216a66b42c8240f37befe98e6a410d1e3694ff4e,19
Marlin/src/lcd/language/language_pt_br.h,5
Marlin/src/lcd/language/language_zh_CN.h,0
Marlin/src/lcd/language/language_zh_TW.h,1
008284934c2f07ea335beec6086afd56a30d5829,1
c1d7e234e1aba1ecc91cfc77d17d38b67618c315,8
Marlin/src/lcd/language/language_el_gr.h,10
Marlin/src/lcd/language/language_ko_KR.h,3
Marlin/src/lcd/language/language_pt_br.h,8
Marlin/src/lcd/language/language_zh_CN.h,0
Marlin/src/lcd/language/language_zh_TW.h,1
10fda222ea40af91ff1244ad5b7c8737043e1011,2
a6b69ab6d518488fd87109d9ba7ecf2e82b7f2a9,2
89125cd32ea913152dcdfe0edfa1571027f44e2d,2
c88e85c939afe4f024fcb24ca6a68950d36ec901,2
f367a3987de2703965b2b043b191d6ed77648e6d,9
Marlin/src/pins/lpc1768/pins_MKS_SBASE.h,7
d7e597f3df11df9a01b432715d7d9865e578a4e6,3
f46e05fcb1e8b9a4ed36d2caa09122e75188e9da,1
ad38699c115585134841b479a112f723e17d0b17,2
fede20fbe69d4d3687a07b4a9cb70b681f5c51b3,3
11fce69781efb4e377f5349e14263a3466ba325d,2
46dfc7ba341325d4e9a69e7e8979215b90e79334,2
8df3e62c89f94f68465ac30e276333940e069ff7,6
Marlin/src/lcd/extui/mks_ui/draw_fan.cpp,31
323b38ee88dbf2a4691a20439dbb95a824822199,76
Marlin/src/lcd/extui/mks_ui/draw_fan.cpp,24
Marlin/src/lcd/extui/mks_ui/draw_set.cpp,29
Marlin/src/pins/sanguino/pins_MELZI_V2.h,4
Marlin/src/pins/stm32f4/pins_ANET_ET4P.h,8
08a40c43750eb49521849792520d8d819c0fcd29,6
02ae11ed72724a0f0a670069fe6b93933031de8b,1
0cc17b920ae9c804d5b9b2c95325e959c6f4eea5,2
e31d52184b321f1dbf9f091cb7188c58aef87cdb,5
5b5a8798f8fe202e86c008088f847a3edb51cc71,27
Marlin/src/lcd/e3v2/jyersui/dwin_lcd.cpp,11
cca3250c3ff8e8ed4277f4918f507ab13913d3b5,1
a1e1555ea1e4a5bb0dabc027b56ffb9fc05739e3,1
8235ae9cc00b10362ca9f6e79acb4516c08557af,5
9c8ad57f626bbb84d1f7f2c2262f3b101f91e664,2
21e8f99500554d69cb91ac2be0b4ab1497bf9fac,11
c2e4b1626f0cce82a55e8de9dc98ed9381e1d9ad,17
ae22a920178555585142a5299ff77ec50d9fcc2e,2
5a04cf0514c819d25f7eea0a9c95e17022d7bf1e,3
23d10ceccb16e5886a6441a364fcbc08391287fe,4
370ea116f46f78536d99ec140a2de2d1d52942f5,1
3587ef2e8f3086104754f1e5e192f0584a709627,2
798a8a7a0852c12fb8640c4a531fac70fbc57eda,3
Marlin/src/HAL/LPC1768/inc/SanityCheck.h,11
000d412da60727661176fe6416c3517dd4b4be3d,1
d69c053225bab92bf53bec064a1830079a2092f9,3
24460052d245bc9b56813aab67d52a96a858e034,9
ea7e777cb13f314ddfeab81e29d7b7a2fc67e7b3,2
84f66627c4557ce9a4f231af6b483d59c777bfc4,2
29d3996a55d00059437f6c1194bac5eec5b7b2e2,4
37c488fda1176e9e50531d0ea7e9d66c74cef2d4,4
c9d54bc3f34c18691a051c0a9f196010dd7c7de9,1
3a457c9d13701428a4a276aaf43eb7961e9503a1,3
Marlin/src/lcd/e3v2/jyersui/dwin_lcd.cpp,0
afe4cb7fee73878917a55ccca7e67a24fea423f8,2
08e581d5d7c6cfcedf400862fcfcd146c6ce837f,4
011329fe55f82e0c64c48a6bc983c10569206fb3,2
6b9b2c5d7382b30dabc2f1fb360d62a819f5ec3d,7
453e60958a8cde6d7541b4dc3a99d054b53eb695,5
953d283e5360104072790a12ea1a78f69087c05b,2
0a1211fe3fa3352c2a2783102ef8572966927ccd,0
Marlin/src/HAL/LPC1768/eeprom_sdcard.cpp,1
209dca10890982aa4c992464e0388eff0c36e0f4,4
69ab2bc40fe947c9edce487509ab4508376e8f56,2
ce6d6225019640afbdb0a9dc6db26a4e03ca4c4f,6
67d82ff228789408f7f32e6c9af3108c989c0c90,3
bcfaf3990a0e7eaac89ae8e075bb089c7dac1b38,2
392a4a6f85bea8470ee291eedcf85d16ce071e52,7
754b31918a73cb08c322102be5d3926d2ac59c18,5
Marlin/src/HAL/LPC1768/eeprom_sdcard.cpp,76
Marlin/src/gcode/feature/mixing/M166.cpp,6
Marlin/src/gcode/feature/runout/M412.cpp,69
79c72ed821564507b0ef46cbb26f9577585e2ccc,21
Marlin/src/gcode/control/M17_M18_M84.cpp,8
Marlin/src/gcode/feature/runout/M412.cpp,17
650e73af27eab6c185337c3fc2c44300a9262af8,1
7a4f1c410f15a5204264b2fc027ac5e04c9f0d97,2
7a2515bcac682ffc0e5afddaa663910e4f305cb5,2
0f61d9e4dd4d4e4f27e5c688ab2c5dbd0f03af84,44
43a9c71ef7a1c9e9e294707017d372d344c774ce,13
Marlin/src/lcd/e3v2/jyersui/dwin_lcd.cpp,15
ed0c5aefd8c79d88f5b5fb69baae161b58c72eae,2
b0e798330d8f5ade4a230e0a91f05482d100bb97,5
Marlin/src/lcd/extui/dgus/dgus_extui.cpp,25
853eebc3f2f6326000da790cfd549c2a44dfeae2,1
Marlin/src/lcd/extui/dgus/dgus_extui.cpp,2
83a1d3a46b1e12c65d0eadbd663315c400fe022f,3
845d42ef40e1adc04315779d31eb55dac2218689,5
dc6b86065e53f82e309a13b710863617f9bdce82,1
ba62f24717f8ce7a452a07208f0b571d932c16c5,1
521fda0235bc07c5e07889373a2a22c57fadf07f,5
b0a91073b25f53e9e377f0ef4e01c9dd6fefd021,2
6098150a857d15cd735f8c2309ca4b2d3f624974,2
c881fab1280f338e32015e1556890d647ee967fb,13
Marlin/src/pins/rambo/pins_EINSY_RAMBO.h,0
Marlin/src/pins/rambo/pins_EINSY_RETRO.h,10
Marlin/src/pins/sanguino/pins_MELZI_V2.h,22
Marlin/src/pins/stm32f4/pins_FLYF407ZG.h,1
Marlin/src/pins/stm32f4/pins_FYSETC_S6.h,8
51c66881c26e1db1d4eff925f0f0157ab65f83d0,3
76fb131f14dfc4108c4f6491d84827b8813d3973,7
73bc81739799cf50a70cb6dfd2045b57591f50d3,2
88fc449c7bfef94782458c5b7ec3aeb0889f0bb5,2
a3557e63bf6669820d24a568030436979529f182,4
5dbb15539502da2bbc4ece99a3f5fc123801cdbe,1
18d82c1988624c48b459352fa02a352b34d2eff7,9
e1056378f1bbba01fd846c5af2ba339739c271e3,1
ff95a93ecc299dc8c811012e7e77e32427649cf8,2
43135114837b3dbe95bdf5b63ddcdec4a812813b,2
682d6c99c7d9d0f89a260e1e72b9e776327bb82e,2
3a2eb574e2027b966fb398959f8c8750ae3a3c73,6
71a2a958858f47545bb9f02764af26fb68991b36,5
Marlin/src/pins/linux/pins_RAMPS_LINUX.h,22
9a9d55ceb0183640147c997fefeef375fa105a2f,1
01d1192a441f5afb753185eb103be64baa81bd43,1
fc22f1f84337b5d8f93fa3fe9c06ab7911d43dc4,2
bad46796495403fddfb65e793f4ca4d0e47b9843,3
fb29135c74a258eaa0ba824c9c1f00762ed59183,4
e33e101850797f4d3edecd4eb18e9ae63c89ef13,2
ba10816c51804433446a5221759a794aaac5bac2,1
f55a28b01599692ca7a149571c6ae94e3b6b017d,2
eccd82b7c1049b098546334fab7ac152e1fa1ce7,3
1f5eacac09d694c2b69c223aba7bf8c422d16241,1
2c5daa07228e153a14b6df5a784b1c1ef0e35e46,1
485a1864673d14177622e30d4f77de799e6d910a,0
Marlin/src/lcd/extui/example/example.cpp,3
66ded801b734fbb597ab1c1497d347544b3aa05c,4
ef2d0b8d5353460ba8b6698281c8d4987217eb07,2
7378e7c2db379f57e99a3b3b7ea1700e5031460a,1
fff1ed3369200306b313186643ca14ffa7fc36b1,1
6ff2be329e0ac81ea56066353f2bb1469ae02eda,1
efb9ea92b85ec469e9436969129bcee33aadd3bc,10
90cd1ca68d3f4f5ede56cbea4913f06ca4782a94,3
d95d452b29b80e66d534b36c78262454664ce5a1,12
Marlin/src/lcd/language/language_pt_br.h,6
Marlin/src/lcd/language/language_zh_CN.h,0
Marlin/src/lcd/language/language_zh_TW.h,0
Marlin/src/lcd/menu/menu_bed_corners.cpp,0
8f57a21176d217c1c55c03be18876bf187ca786f,1
4d5f6b2a7817609f58f20aa8e1d2a40f139fa2ae,2
6e40dbe0d34037089de070f0215735828b28e2a3,2
ab03c9a56063c4ae0e27f46a5622ffe1564b0c1b,9
f721c44c225c084785b296dac43df7b272702b7d,1
4b4de71304a426e0d9b2696dae4e82eb55ba7079,6
09a83d565e0db2157baa3662020500476b931ec6,1
6d3dec8b6390bd1fb9ce24814249ab0e3cf8719e,2
Marlin/src/pins/lpc1768/pins_MKS_SBASE.h,5
Marlin/src/pins/stm32f4/pins_FYSETC_S6.h,2
d6501a93ec1c4e63e35f362b12ce332ce8f91336,2
d818a019c5d80e8b2238f0ea8311ad53154be4ec,20
Marlin/src/pins/rambo/pins_EINSY_RAMBO.h,0
Marlin/src/pins/rambo/pins_EINSY_RETRO.h,14
Marlin/src/pins/sanguino/pins_MELZI_V2.h,22
Marlin/src/pins/stm32f4/pins_FLYF407ZG.h,1
Marlin/src/pins/stm32f4/pins_FYSETC_S6.h,3
3a8c509a9fea4c67227648ce9ac35f7434bd0f9e,2
f6dc56d97933d0f7566f9fb1f8e775663d014d53,6
36e40b68c9d34c254dccea2cc135b1dca5a80ce9,3
0c4085da01433c230731828a45ee7a91ae11b794,2
51160ee9879e03878d7774870bf4e30b48d0149f,2
8889e68088ff8a71c5cafecdc8eb6455b1522627,2
88816548b65e464f2a3f77141197b74520d9c142,3
181530db767b619e998c3c3c5f9b102bb008edfa,2
71c96db932134ce845855fd51d910a86d044261e,1
7dec5c2674d0d3c7e2ddebba0b3568dfee18434d,2
4f35858c9ef4de8e291d8006041aca0969c9d825,7
Marlin/src/pins/lpc1768/pins_MKS_SBASE.h,26
Marlin/src/pins/stm32f4/pins_FLYF407ZG.h,1
Marlin/src/pins/stm32f4/pins_FYSETC_S6.h,3
8cf7dc960fbc78b7c9339d30372289d8c1bb0303,10
7974dcd2aaae741e37d6e2e230492f2ba258ffb4,1
Marlin/src/pins/stm32f4/pins_FYSETC_S6.h,0
9c51cf3491623a7492e6c6d1e20218da69e3db72,2
2c45ac3c1b2acb1f98a92dd80160c560d08600a8,2
104de60d0bbad1233455591842bc67cb4f006f30,11
7d416bd055e3ccddf765208b2937dcc1fcd4ea8b,35
34e6940aabd6645109b497c04f8733a1d205b35c,2
Marlin/src/pins/stm32f4/pins_FYSETC_S6.h,3
536cf287a6f642aa3eccd290b421b0e3869f018a,5
Marlin/src/gcode/feature/camera/M240.cpp,6
Marlin/src/lcd/extui/dgus/dgus_extui.cpp,11
2e3b13133159669ecb9682079f60972d0ff5b3c8,4
Marlin/src/pins/lpc1768/pins_MKS_SBASE.h,20
Marlin/src/pins/stm32f1/pins_MKS_ROBIN.h,11
Marlin/src/pins/stm32f4/pins_FLYF407ZG.h,0
Marlin/src/pins/stm32f4/pins_FYSETC_S6.h,9
104acd9e5997e16ad327340a205d6611517fa65e,1
0d854d332d10a2f8123eefa0f0d367b984de36b3,2
1903cc23c6a6a004b342503006ae9d51a5ea86c8,1
9046254a14b92b6bdf1696b1ed839b71615a0772,7
Marlin/src/lcd/language/language_el_gr.h,10
Marlin/src/lcd/language/language_pt_br.h,7
Marlin/src/lcd/language/language_zh_CN.h,0
Marlin/src/lcd/language/language_zh_TW.h,1
193205a40dd6b756bd69cab6fcb1af63ddd6d452,1
9db5805c8fbd417d1fa388533ee13eceff13eda9,2
737d2dd56438ba02f07e3693e9138fc9816d143b,1
033e65ec854e68fb189fa1c23d0277daf2417301,1
368a12a8ac687af85ea726bc54dabb5076ca55e2,2
e2297d82f2721466daf180e8c4034b040ac4cc69,1
11e8cd9db938fcc5ee5c5234f148655a8f19c20d,1
6a8385624f4a5d75bb9beeec5c5420415b7dcea8,2
f8c67c48101c3456c301461fbb9013107f20f182,2
c05de6cbf8b914c9198091423fe19415e802de6e,2
6464601411346c1da7bf15016b07c0fa9558a28c,2
ab8e212c2d66d806e0fb8ca32f9bd333949728d7,2
09af42e1af38b441d44ddcc71b9d6906ce68b51d,10
3e0d8e16aacfbf85f1254d4fb2229e9da66c8cac,2
510f8d3e0ccb07911c6d57f5c29f16cad86f6c02,1
d586340655b30362f4790cc1aa8082c7f37b902c,2
af0cd400bebdfd77baa068ab27b091611de1b20d,1
a307348b898f2d2a61c2a348a9e53034679bfe62,2
8fe84fcf870967d755b1bb884e380b75559f0bec,2
fc817feee3ddfb652e370aa38e723e74b319a0bc,3
c161a46112debd280dc1ed6945d50f971ff505e6,13
Marlin/src/pins/linux/pins_RAMPS_LINUX.h,0
Marlin/src/pins/lpc1768/pins_MKS_SBASE.h,15
Marlin/src/pins/stm32f1/pins_MKS_ROBIN.h,10
feb6d2887eee1b31713ef0ad665b166c8fe6e70b,2
1555db237e841c754931cbe43e48ebae14c6fdc5,1
b028df4228a9eb93d4e111ee8dcffb0d1aac7ff3,2
59324a411f022cbe6757f15924120ad1976e850b,2
534da44e1f824543c22f81d8f65ba9b86dd9aa98,2
4d3cb95bd8fbe325254d3885b5c648b6ca5dfa19,1
bf9cd90cc4e70f9cebd129376580c4c6ffa5dff2,1
5c610b2c18fdbf84f9707ef3a81553c2e130befc,1
c657fe2112fcd0dec1fb7012819b19a538fa8f21,1
cad142ab1be311f568ce69a5faaf3706d2f2f244,2
25d5d2ab507075f282787c6e5c9d57f1a3972e1e,1
13e4e24e21514f5d55322af0ff2b6337be0775f9,1
1ed59fef9305fe1784dfe3d180a56ed4e0d0f6d9,2
cc109c1802193ac2830791e8dbce269a1edb4a3b,2
ae846c2cb2cdd9c57d62253dfddcf6dba15ab14a,6
76c10b3e02aa5a699ee68a36663337de60fea4e8,34
331cc5fd6a044e568dbe789ecd0b732b6eba454f,10
47281012d9c7940206b8c7587c35b05c1288733d,2
5756f8898e8868704516385bae17e65f367aa140,9
Marlin/src/pins/stm32f1/pins_MKS_ROBIN.h,11
buildroot/tests/STM32F103RC_fysetc_maple,6
8a7673ac1e4df933cfe1a0254af03af4118e66e4,9
a63e0477da38801a4952ae2fae6c44bf35d6fc3f,4
26b1ed7c2a95d14af22ba7f78a62cff551aa34ea,3
c1a533b45e21c43eda6fedb9679976747bca6845,1
Marlin/src/pins/lpc1768/pins_MKS_SBASE.h,12
0f3e938c9b398dafa09ba39d98c4c461e883068e,2
22ae09ace498e735c216bbb726f2c3f39d5d714a,2
f4ab0a0c918f4db514e981c18f737e2752a2fc01,1
f732cb1a7f499e83f5a43344a54fb19cbbc9dab0,2
e7c33840dca804c5c41ca6ce8888bfa16f8c1a47,1
9a8c9d4ed0f1ab26736fda469eefcbdaeeb90969,1
526b6cdf5b429cf05579bd203a9d72cd057bf0a1,2
ff3db550ee397286c7b9f3bf546c0f4fba161682,2
03b0a6371dcdee90846c5838a5b59a7e5ce57505,1
b55cf3c9f6f6199d665f9db424b28f7395f158f4,3
f35e0b9382c6df1f98a4c3ba34b10a8077432e56,1
5cb961e98b6d659a9acad3a88126baa14faec35f,2
b06d2f789b4a36da47869268c297c409c13b8889,2
c2c7a03706e54d1ce4441a39ca8343755bceac06,1
9130f58f3f553584278ec716c617005b9e03cb49,2
0e065579aa81e1b285b12c5d8a8f579698ce47e7,9
53a5cd0c380851ceab9545c652d67d3d688cf693,1
8d454fd6f1241e23f70f7b5fc3fa668d20ee8a20,2
092b5942c1cc569a85e0d0e4a1f50b20a5485d63,10
afca6e745932d295b88d37fa9bd4274e22705b0b,12
Marlin/src/HAL/LINUX/hardware/Heater.cpp,15
Marlin/src/HAL/shared/backtrace/unwarm.h,106
6a25e4e56f0863e3abee50cad35e3ef89ed270df,1
444992c12fa8c6fb6b8fd3f759173259d7875345,2
0060dbc49e32cd5015b0bf2e42c2667e07eb7b72,4
0eda34e07d6b15ac889d21d84457401683c0345f,5
1e4470484ad08ec1e2744650d52df56c409db353,2
5a72a39706d4fc4bbcb2093d51963f2a2720847c,3
1e33c1a2a78392e9182442db043384b0f96cca20,10
7110c4562e69f4a1ca992d8fae4a5fe948494d3d,1
ab96ada2e240e7861c6dc5a1cbff4bdab66f2b26,1
a90c8b762c8b8ca06093d6e62f4355e8a5726115,3
381a23773b5be40cf221c42b3139e7ee5f07687b,2
b8cc0667bb7c5a67b2267cd86422b2485f364ac6,1
0085ebce4d36165278922e5c31636262f46d0889,2
9bb5b10c0c9cf5a61d2bfb9dfdb6cfe210b6002b,18
Marlin/src/lcd/menu/menu_bed_corners.cpp,4
332dde935d58906e31a2e5f6d03e280f7c9c0919,5
002c500b7185284b0644b3ccbd60d95f7c4bb713,1
35b0083dfee0f5508d1ecfd4756ebcac8892b067,1
b6f720ca1ae1fb3a9998db168cbb4e87e14df9e8,2
d9ab20ec27599d99f0a7fa901086687a6d9139d5,2
9e68aea8a14339d71aac5ab2274905af29e44464,8
1fed25c44020224c9499eac73422657b53783e74,1
39e5c865444000fa22f12b9ff1593dc48afb21e1,2
5ecef6e584d71c2a5cbe983a2c7424c0fcffdf93,1
84ca21edf76d1e2e4830b5fcc3b454db05cbe871,10
Marlin/src/lcd/menu/menu_bed_corners.cpp,0
14d40fb95721f0e95099f2aafea196290b218d6c,3
6efd7285ccbacc55402ca7b704be0f051af34097,1
6eae68c402d13237e020c0b358003e618e1ecec3,0
Marlin/src/pins/stm32f4/pins_FYSETC_S6.h,0
2b8ef7416208488dde3ff9f75912eef58bb3996b,2
99a53e2c86e95cea0427742b267b244870526304,2
46dc8e916f2b235dfcc73d258e66acf530cb51ee,1
543d834a254544671bbeee937601704fc2dfad7a,1
cdcb45b87eef8a590ea3f7adef24a10f8dce8e9e,3
363e83731f7b045d7b3e9842882b1f53e032ca89,0
Marlin/src/HAL/LPC1768/inc/SanityCheck.h,8
a70d0726caf0c3a235c1bf9047833d60b45189ed,5
Marlin/src/pins/stm32f4/pins_FLYF407ZG.h,2
b37e851f3664f6b349f609115ffe55ef5b5b9280,2
4111d1d5add6290ff02da668b0a024b06f189694,18
885c63c35fdf41bdb91b67266be09cae93910787,1
eacf1e33c468457bdcb26c8f6b7febd7133f769e,3
d5a9a04abecf6eaf819e9ccabd6702dccd984a9a,1
4ca5f6da3f8c0248fdf1c1572b1fa0c04a7e550d,1
296d0d495cad942cccd611b74a6b8a414a089a65,1
4942cb796c24a669e6d9d177eb21e5b2f71fbde0,1
284d0bf5a0ec141d31a7c52634236c29700116a2,2
bf39c66d340fc34e111840554a5f644576c6447c,1
70038a9961d45c91f4d30e7bfb8ca69af6646dcd,2
fc4f4ab5f5e47b5ac764ca6c2fe127dc9ecbf55d,2
52718f3385fd663fc573c551b2dfb8123141a591,2
91db6038930528b06913a40884355d85c7550d70,4
b1bc2e80036131cde58b4fbc02b76ac08b5a7924,10
Marlin/src/lcd/language/language_pt_br.h,7
Marlin/src/lcd/language/language_zh_CN.h,0
Marlin/src/lcd/language/language_zh_TW.h,0
Marlin/src/lcd/menu/menu_bed_corners.cpp,3
3b57c3316a7024223ed4d00173e38206cabe4f8b,3
Marlin/src/lcd/menu/menu_bed_corners.cpp,0
a76d8c70dd5924ec52e82c05a8fd5d219e1af7e1,2
e1907a99e2404ae9a0d1c1115978bc9640aa96f1,18
4b94fb7558918d9ce38ef97d808887108b356066,2
a66d85c7e50197f744a9bfb97dba762e25c1f54c,1
27f5e64acf0a8b087c899db677618785028bb06f,7
c56109c7a484fda3daada3e49f77aae8cdfdd80f,2
b925130db13409ba1ee671dea151c81990668d8b,8
78be63b8a4ee91acab29888c8b1455917c170cce,1
2c49283e97f4bb9cac9577af7c38bcf5e0e06826,7
283d70bfd3149f6f16b088f825851c8ee433182a,2
6bc9c09c1fe9957d7f48cf59f12724839c143215,2
21011eefa818f73d79746f7555fead94f0d3d20a,30
Marlin/src/pins/linux/pins_RAMPS_LINUX.h,6
d819de46d32d7d6f87664e4b7ecf3afb7a3ed8ce,9
eb2f086522c0befd3628693250ba56fe56a1a7a1,3
af4c281af582699bd535a1da4eb2abb2c7775cba,1
eb3ad3e4fe5a914921fb3878ccfaeb1905773d51,1
50ada44e7e7e42dd8b04668242a63071300aec27,7
909834683a4db5ba4e16b18059dd4ae68f2129ef,2
86feddb75fc01fb744c9453dc4d1f5d1bfad4c4f,1
e4ac55089e73577968cb693924bec673bf32c575,1
a90968b0cef30f166f2f96aea526caf532a84949,3
2d4be74db98c8ab74b5c636cd1899bcaabd760e2,1
497541e1995db4e9890abc0951e0a77104bc62ef,1
178f9a77a88b333470725e0e19d033859721656b,1
da0450605a31626f423808c4842256671152c489,9
3fdf40fd29099025bd6aa81413222aaef0058439,2
154decfc66c30808cfe7320e542fcf90427d7176,1
c2f72cde1024538a6026b9db794fcd4f6b7ca07a,2
67019bc2778c00ec0ba80519078ad5ecc57f06ff,8
273ff6fedc4701733464ff33625fba3dbdf1a53c,1
286f6ba0bd2ab4d405fc83d913399130fa063f9a,2
1a0103d276696793429574bf5550034010f4303a,2
b34a009bb1e114addf2d831171fab967d93a651f,36
Marlin/src/lcd/language/language_zh_CN.h,2
e55427aaa2cbe2d37a9502a0f9ac73feceb183dc,1
49da4ee4e2942f6897b0833bf35c054f9fcab4fa,1
9d86241d30da0946aa1b16d77fe5f8ef95a9996b,3
be5dec9795783b97aa3f8ab89c0a33091c5a4842,2
cb461b5daffebfe86d1d2f96093be09e445cbd05,0
buildroot/tests/STM32F103VE_longer_maple,1
be1801703c4510dcd523de811e9dcff576b4caad,3
7b64bbf38424e5f6c03c2748a54e85320e577a29,2
665cb5ea10b140a510c03318d55967b9c6633163,1
5d6317329786f5d01eb6734b4c5e664a2fe9e6ba,3
5b43795f54f18bc956f1c4884640f18c9a7bdbce,2
0207569ca66a8fe60846d85ba1797f3c0204223c,2
aec4a82a99fd6d1c3be7683068bcd7f5729904d0,1
3be35a6bd6845a160c416629ea98392129cd6eb3,25
7e50d8761d66cfa7c6e8a4e864f0754ddd645ada,4
2b828446fddc91904b74e3a39b1b8ce5f7db39ce,2
5ca9ebfa6b0ff814c3a122c3e613574533027803,6
972b1e2f00a1e4fdf7370f706d6f83899b3471ae,1
3bc1d2dd857fd81631411f75f87048b8f62fe82f,6
Marlin/src/pins/stm32f1/pins_MKS_ROBIN.h,5
a13d90093d8e647fa9ecab7a7752009dcc9c55ae,2
826a34b0b156e27994c787071bbed519db3bcfa1,1
082c61ebb99454acbb3ac8cca3485b24f177de0e,1
7f5c9d273e7564dd18109772fe6cb45b4716eeb7,3
f479a2ef6f8335e7952ac099cb1b8336aa0a3c34,2
65cfbc074104c6b1ae4ef58251e516e3c4bad659,6
9a0d4d666f85e484d850a48d989d379d58c59781,2
88dad3a1645f6de0151659494e0ba6ccebbf1526,1
4ac32b1993972f7b557378e6700e98c4f2d3d17a,1
9a7727e61c76a9e30fda85d8ac33392be0e453c0,2
3797549e7e873864f3cd11ab9185f01676c046e0,4
Marlin/src/pins/rambo/pins_EINSY_RAMBO.h,1
4479b0222bb66dd54f2c60f50a35a9d35f3230dc,5
315a722b420226be0c07c05abf95a5b666caf1e6,6
d95e32f95015d1dac8a5dd51a78638706ff21c09,2
fa6b01c677fbcdabe6972be4a20571ffe3f38415,7
05ebde38127ca6c3bc056cb4068a414bade766b4,10
4febb2352179f3de58db2161572de4050197bd5d,39
Marlin/src/lcd/extui/mks_ui/wifiSerial.h,11
c0ecc6625ffbe70cf761465ddd5443ac30124cae,5
2c6a053ce174f2404d8eeb3917fc303115b7614a,1
c8ee056cc63c5cb996b70c3336aae9be52f8cc85,10
37cf94b888d5866cab914166ef246f14969a2cb4,1
2f6c8e1176202a014c2a038846cb0403cd2cafe0,13
Marlin/src/pins/rambo/pins_EINSY_RAMBO.h,2
4b63578a10b1443ab60a68a62421fc81be9e86a3,2
01ae1ced386c71bde6ae75137200ff23bd187cbb,3
ec84770c22e1097ed794441dac60dbb3294a0c87,1
95f96fec13eecafede6751a8b97828859005e95a,2
bd60d779041b05d844102237109c3fd98d56f891,8
6547b16c455a420651ed5116818b43f3e279830c,2
e487900069368003c7feb1d23ba7c73fe4f1ee7f,1
3ba5eda0b28498a3e557669496e0d6ffec875876,6
938d86d1c5512a39ac2527b497a0875d742d17e9,1
Marlin/src/HAL/STM32F1/inc/SanityCheck.h,5
26bfc267977ddc444513c793c18f76847e23310e,31
6cbd21d0d46cc366e8b0ec84cc9a531485adf465,1
cd55b5f5cc5756dde086b6adfc575162505dca4a,55
e7e1c514022131529167d7f97044159a5cb798f6,2
79405ce2afd2a3d36ecb70274ec7a5355a7765c8,1
2fa24a637d8b6c2ebba92d6e9a3f0eeecf581402,1
cc1145302b31eab07cc51870b5c37f32da1d368c,1
edc037355f5c2b16aa0d9cb0f14bced679776c30,2
de0fc0874441a077150d4d915c550987c9d0de70,1
504c569f9c2c74c569e5b5b687024825d19acae0,1
a90b864a3b1bfc51c5163fcb7bbb0fbb6dedf250,0
Marlin/src/pins/rambo/pins_EINSY_RAMBO.h,0
20b3403ee845113f0818265a5c03e72781b82074,1
0d5db6aa75268740037bcaafa51759ebc353ec34,0
Marlin/src/pins/linux/pins_RAMPS_LINUX.h,6
9642a3689544716610ed78ace36548505460d82f,2
094caadf9471a51a877bcc61f40081266fdc19d3,3
82193b092367f23069129a42c37e9c46654ff4af,3
e5e939bb4c02212ac8a3a7006737b0b8895c7525,19
3c746645ccc9239ee96e220b47de59981ee98e64,1
bec2c50d2927213b67c379a2aded39ded44ac827,2
3d333c4e5d5db64725f20382f92c03a81882dc52,2
0595b87d9a86a8ef6bdd4189701cdbd9229ce164,4
1093224ba2309d09ca55c4289394d6328a63f043,1
Marlin/src/pins/stm32f4/pins_FYSETC_S6.h,4
b2f0913083d83bd3fd9af1c603d1f4cc1afb64eb,13
Marlin/src/pins/linux/pins_RAMPS_LINUX.h,25
Marlin/src/pins/stm32f1/pins_MKS_ROBIN.h,9
9eb5444c20b552cc39a668a22ce68536bff3664d,1
de38cae00cf45ef864e2df180a9d37dc509817a4,1
cff2d16be66cd88828d5d968cdecb2c6042e7163,1
ee4c1839d49766f4f62a9ba14cfbcf82b525be57,1
2566f5e0f3fd3103b614606205dcd98d789dbdfc,1
71bf61901c6469ed47cc068f34ce952d9e5d55f5,2
e96720c0760c7b66367f08fcd081648dac070cc9,5
03a469724af05223be2a8bac71a1082c9ebbc55c,1
106eee071bd8d17148477c33aefabfa5755ad1e1,1
415166e02c981d21d1b2ee8e7ba9a0f90927cf04,1
b90de621971656df4c0030cd04a3b4c782e4511d,16
61c48b8513f445e4c57e4bf3e4c46ea6e7b39808,5
0a655c84bfb2455ef7d9bf00e66b35daf4ee73df,1
a5b2498de9590a19aeeea4cebc46bc204195012e,1
c15d9e5b423cc35f2737439c2a08aba9d0a09108,1
93c2f9607e08443dca8ebbe19e8ca59f8de6d17a,1
e00407d820be5e14c3546a992e07bac7fbb0c048,1
ff12ea4ab1e4e25bfd17c96e8e6843bd13c4ef3b,3
7888584fecf0a2827d9f3af10ccd5cc642784674,1
Marlin/src/lcd/menu/menu_temperature.cpp,0
1f6768a87e70d24464cc365413e47111b291914e,1
f66a771e718378f056b1ea2d9eeb3438fa07af66,1
81ca2dd273358a0cfc0f65d5b4900d83abc96d69,7
Marlin/src/lcd/language/language_el_gr.h,11
Marlin/src/lcd/language/language_pt_br.h,5
Marlin/src/lcd/language/language_zh_CN.h,0
Marlin/src/lcd/language/language_zh_TW.h,0
d32feb7cd50a2805d32ddf8f2fa3fcc4f981fdbc,3
f9051e5469cdd99bcb93bc46124e95984c279984,9
761d7b77d85496694bc826f31ced9715e5add8fb,1
a789cb4fb6302980e24209e040ba92aaf6267fe9,1
ecb727c3efe58f654138147596f831c3ea97befc,1
d882a16b801078f2741ad1021d8be418fef71764,3
33185b090e264a923a8d2fb0687846fe100f5465,4
7328a6e3a78b0aac0c423a58c03bd82e8383272e,1
5ceeb8b5ffee783461e13c2121595450ca83b6f6,1
a37cc76cb93c4e8c1337ec8ecd8f966b0c33d555,16
696d878b5e180cf8ff66fd3cdcb295f91a2339f3,1
e5f06c814b7d50ef66e02170a502869dacdd32f9,1
f399706911ac26bee8af5535f6714be100af73a0,2
500b7872fb92d35dd0d1a690f4e5cf1aadea2f46,1
8eee94dbca85919e110b11682fde4df62a102255,1
ba26e902b20b19c269c11c2bf535a170c28907bc,1
b3b1dbaceb1e17d1532eaa5c04ee738306127bb5,1
0bd113b944d041192146692de50e33fe4d6c0fd8,6
48161cf091027421b886e2a99847a60913af457f,1
b5085bbd1d1cf39ca34e3891ba774f9408da2449,1
41daf6376885c9cf44886fd07761b9cbfc423139,1
5326fdc382033f4af084d8885be56265e2f10af1,1
0f5126acb23a9a363c97a3c6a387c6842f2c55cd,11
b6d8fec6ccb681a0e78e26842e52dd4bba70dbbb,3
e5991f786f538919f389d7fd00b9ea2b21c20e05,1
de4b3498c71c5666477b15544d1561fabee3d499,9
59f01b417ad4b2a6a2f56758cf1ac797edaa4a6f,2
6bf6973e9d02caab4dab8190e1191b7675cd8549,4
44c41ce54f2c8f8c89464e570b91dd6bbddce125,2
fb97e43ca3c583a191376817d18365e33de53508,1
071386271923146349e4841d564778fd98cf7c5d,3
4d386fdeb5ee24d72fcedcd976b5b3c652c67f52,1
a006752fc2fde7a1f13a57eea190e2959fa19094,4
84e50f5fdac4cf8835b37155e08cd4ce9b36efeb,1
5ce6d8aa1f81178fc25a12abff63ca1a6c88e42c,2
f944ec3ac6d0f4c4b394e11fe1af7416d52d6b68,2
758d495d08327dd28e8e6b0880f77da0b140def2,1
ad1ad93ea942f20bab169524ef6f88b0fc1a681a,2
55feb8ac8dda15e58ea4e2d2f0d06560b40d8f93,1
135801d9a614a2dd1ba7bea60bc8dcad523b9d59,4
ab7e622e4abbde174e4b03dfe9ec8cb824b5afce,1
34c7b6ddae9faddccafe08fd55a7bf8c2f3d1942,1
a2be93c54189c7a513f1ef7f42e7033de6e9a6e9,1
aeb21a3516e4adf49c18df5344c79e49447c26a3,0
Marlin/src/gcode/feature/runout/M412.cpp,0
d0df8bc3cbd39d23cb52ffcd3b26629a185c18a6,1
dd9f91f0f0e069aa2b86cd67205fb85c1b160a32,1
d4943a607e24e5c379c5fcb3f763171f95cb30ee,1
43771842d65139223550df228cdc34105c7918b0,1
9d1e370534ef96f39ff3be4695021859e6b8548d,1
8e06e9ca40ffad4a37b7f4a43dec36b63868b92f,1
d436c93f371336df31287be4fefe7b87876bcdb8,3
Marlin/src/lcd/menu/menu_temperature.cpp,2
6b3dc80b551e2a46776f157060e92cc7727d3bc9,3
6bdd0fcda183068dcd8fe797a9a835765c3efe9e,6
a9eff3597dc8afe9de1f4e5037c65de8a503e8e1,1
3d0e8346be1a8da6ec665a8e8afc4b6809ebe4a4,7
e130aa39c0f90b516c0a65608ef305d0652c49e2,2
d6a7ebce6caf01751551712684e138ca7df93a00,6
a3e8bb99e472042c7db0b2d0be8d515ee715cf28,8
ef321cb7230f0bc89c8ea491033a5f93496306b9,1
3a03f76f3c82e93800a07dd2b28a34d0c53245e3,4
b87e2ceda18fb07fb75605710cc897cd39f9f142,7
d5510ea519da96c3c6077ebdea35cfe7f115eff7,11
82ac7da0a7752288e9c13bf7aa096b407981ecd1,1
0669053b78a81e871909fb6a7dafa16cebcb1f95,3
31d84bac4c63368b54a05e4ba8fc1cde2f3b79a2,4
90dc41139fb0bd55bdd3cab16b978842ed525e7b,8
a9faf9effaa2c98a64097167f46dc6501cad89df,1
9bf5cddb46259335753513846bb30c38ef4273b7,15
c221ee1144001add4efb5345fa0ad9b003191510,1
fd3f7b3473a16beaf195777b06435bc1cdfa5703,1
87344ae7f354c6bbb4a8faa44d4b1b188e2df662,2
4eecc20ebc4f1f27265ded0e124451083190c7c8,1
cc100429f2509463db1fad18901b0c1e0655c646,1
799a4ecab94d89a40b6f3b2507138a9c4e10813a,1
72b9f84723d7975178e126ee2529df321d6a27e1,1
221bec5ce8ccf7d7e374e24047d2853641db2472,3
c2f67cf8ee5625b869d5cded06c6df333aa1af73,1
629551d9bc10fd10baf8684c6830baf83e6caa9b,65
1daee11db9eca45dfe0cde2be5fdf537224b2af7,1
673bccef3e77d33e9bc399171fb8e45be74600c7,4
8d54f9b847c5c20d340975e3f4f095820b1b6edd,1
eac0f6be3e25ec0f3acf746f55191b79a609c96b,1
ded1b0c26f6e7b39ed8d88a78172d689a138e5cc,1
6d2c7aa227a5868badc9ab748bbd799a95ed7740,9
9ca121bc5afe2b98532f17cb0c94e2ca85712e9c,1
54d526f6b613b408a3fd61f2d9f6ddbf9cb73e99,2
0e1e1591879077cdda868a28b095c427098fda07,9
d27d86d5960feec322fb5c322e38e4b81ee41a72,1
403b3667444d934a0bbaa0e44f090f7f5593fe6e,1
77496c8235dab5182312652b4dc0b6d0f182cf30,7
7c5e3b9071f2ca108ae636dff72b9558479950e4,1
70b80fcd16722ecbd8ada54c0fb867041cb5f1fd,1
d320545066676338d4a0142268931bb66eedfccc,13
420d5b0b412067f806da2ccfc989ae1b6bacc7df,1
002e1d49fe7e39ca82730876f0a384bb60ce4190,12
588a74fd9dc5e2f2a8432528699556a65b0136d1,1
209c44b8031c1d22bc4616b1ecd8243ddcc0a4ad,159
e31c26748197bdeb8ad7aa01ae34299d9d7136f3,1
fa94fc5f355fcd9130a895659b7ac12eba64338c,1
3c522fff31f7e1d4127ab09bb27345b098186cd5,6
0e40d47c727797230ff426cdd7cfbb759b9a986a,1
e7e60a50d81b728cf954ec8cb05d849e61911fa5,1
bc6d8f99b23bbf613b81d7a4d562f113fc32c2e2,3
21739f41c2e26c50ac2e9e110aeff05bfe2c81c0,1
ba4fa4983411d03eae791b70d8ec3e26f0781785,10
ce5dece3b57ad2fe36347530a6de79a3848736f4,10
b4114553c81dea6a863fdd994946cd40f7c10d85,1
493e6c2cbaaa85c5f7d8b5fa176a19713b56c70d,1
daab75b7eab9003e14547de9a07201da8b60869e,1
7726af9c5348c1c7d0fd9a56eca87d00cd75fee6,31
Marlin/src/gcode/control/M17_M18_M84.cpp,66
733d5fd57d6343fcd8643d322129845b57945cad,14
d18c8340291b2dfa2c685ffa01bd07f76de1bc18,13
da8576f642e97b74a6be6eec18fb4ffe3b8dd477,1
c73d47327b80968181450fa222b73f0e7f45fd2a,7
53a82511ff04df00c6ad47e198da7e8ab9169b07,1
9d3bc551bc03d1408d47da750825729225374cb1,1
c2c771a1ccbe2b61ef36e040613bd6176675d974,2
a6125b859d46ea3f9321ddd133c389aacdde7872,1
eea9b6d8ae38af3ca9d5b2f6fb355fc8fce405fb,10
6131d2c5a6285da849fbb8d3e592f89518b02b24,5
29ab4f59823ac8b9d5ce41333e2bdf550608dede,1
30c9b9bbba9bed340e877aee10237fc96f678be4,1
0398a0b780afe73115374900814f4c87b43a3889,4
9d1d35f1ed07a8884b928e9ee18f06e5f84f28de,2
4e9ccffc10fb4e7e1be22331deb2307e6d8fbf36,1
62dc3e7a22503702ebc4a168950510c3e125a2af,3
67c1075e47fa9b68bf7a89164b8e5b385c5e0be5,3
a4e955d606ba2847287e8a76594f776212d10f79,1
25053572ec906be78b383165a101c37dc1284d20,1
8f59d44e4d235de1eed2725bceabb87934d7ffad,1
b99411b62b6c21aee64f5d33ef5cbee4b701dc68,1
dc202b3cb3c2f91e2f7dcf582da46d2182cd2782,18
08155b4875fdb08f1888cacae6e1b68b48b9e51f,19
c207111cc6aababfb1e617b7790d10af48233a25,2
5ceccc95a88b1aa206a6677062d78cbb19a38c93,1
62a595750dd0ba01c3acf03c1f6e495ed9f0f6cb,1
0987c3a3a3001279b6cca930ccb764dfb719652a,1
d099cb3b5a301c3fd4b7e61ba0cdf81644cdef7c,1
82ea06e6a4ffdb0816ab92a5dd721ec5d770015d,10
74be64a1ec40ecdb9d4adb5cc8c72afbb2af1651,1
da76381605533bd71d9cdce29f0ac3b0e5c11709,1
bc6e90f4ab4384b8dd20a10ea4f0e745cda544f0,1
52ae3e6967bb6e3105d31772a58f820ca71477a9,1
dceaeeeaf9591f67135356d0485e4c2936c08f2f,3
dbed0090900d3924cf8e30f2afa2e349d7ecbb18,1
25a8bbcbf3c7dbbc68aec9a85a8091488a2011b4,1
b80179d14a23911dc81dfa7fe9d6fca653326798,1
605b539ecdcaaa54cfaec2317c2fe7eab0ba2680,1
5c6a2f4d0d19c786ee00c8a828e150290d793c26,1
6a32d87e582af5434061d6413648e6ee1822275e,1
214fe90a3bb840a15affa350a61e54b8bd740f0e,1
e400ef346a317fe36dd98b821c3b04098d8b7a3c,1
e60c38b6220678b3b9f3a3b31516852f8d25b3b0,15
d051495dec8bbbe07ebcd95eb2e5b9e6d08d1fec,1
2dd25938ccba501a9bb74b55dfd0ce7ff4f508cc,1
dd4990252e891cdfe56cb7d6e3bbe1e6289be649,12
Marlin/src/gcode/control/M17_M18_M84.cpp,30
0d7075b90c225d2f88e1d790b2df4acbdfcfac8b,1
76e80aa40010e7699af3dcaff4af2bbd7e269842,1
9398c431128fc92dcd18ac8cf556e266e4692bf4,1
84fd0eff17d089e3f75f6585d4bba47f15c00ba7,28
731370051de73ad4c92d60ec01563def3da53ddb,5
5fde86406fdcf4c9ea21f81c4a834de39dadb3bb,1
d71b35c24f5e8d4c40d5e721f3548abfe899592d,5
ff0318c5bd95c6cb18ae9765f1ecb344dc2d6e4e,3
92dea8e6ccd26950eed817fce6f574fcfe866489,0
Marlin/src/lcd/menu/menu_bed_corners.cpp,3
e1921f808cf4d2a392a9c033d3182773d5292b12,1
d8c4be375c24f0cda27ff8079b78985e5b8afa97,4
aee971bcaf2d8b7157985f36f6705015ef334238,3
6689e5ed75b5a777273ae3e6a82617349a76e833,1
43b736906ae4895b9dca37784743b0b9ea3740a3,1
7c2834c33c488accb0a937e1bacf320889379e1d,1
464a9f0ab6adf51bd988936cf6284488c4e797cd,0
Marlin/src/lcd/extui/example/example.cpp,0
8af4d70922cede7b3e7a6720959c4e2c2d807012,3
4ea4fa78aa6fcafc6f270bb543c2f8dc8ae695cd,3
7985f7f11679113de6d1d83f930e926a310b768d,1
2de54dab84d82ef69fb9ac3bd9025444f4f84813,25
ad30909a2d45a37c3a689a7080ca346f3cb75c5f,1
f4951ed56b3fe7b2f85c039677dc9a499d537e8f,7
2db640ea801d40af05dc598d168380a48b1ec1c8,1
8f0f6c1ac117bff0b5f2c2140479b93ea9cd138b,3
67f08ef07f6419b5cca78226de75f2b14bde6d0c,1
000388b1d9e38a2678e8235a5d4dc3163f853c02,6
781b34709bae404368b095ccc33d7ceeffc30adb,3
7da4ed7340044a2457846af9a1709232f7eb0037,1
29ad42e54e88b2117581987aecc811177285eea2,4
e018f041bad46d6fb03a6c53f99fb7c7c494b721,1
49771c4a9ed2afa1e572f82a24b5edb3de120f78,0
Marlin/src/HAL/LPC1768/inc/SanityCheck.h,19
Marlin/src/pins/rambo/pins_EINSY_RETRO.h,6
0dae140080c611089f8cb7e937c9f48516eb944d,2
458677c63a3f9ae32c988e2ab10d8f3a0935bf50,2
02f904dbf9df999264099a26c563b07b1d163df4,3
18b1ccda276d0474fa3d71912cd0921857ac5cf8,2
926a7f27c66e777b5a838a87ee8931d35095fd03,3
a6e5492b088add3589aeac168136369f21614e60,45
abbe3f0dc7aa23bae4aa26f6d6b09a4a0665a1a0,8
Marlin/src/gcode/control/M17_M18_M84.cpp,10
Marlin/src/lcd/extui/dgus/dgus_extui.cpp,6
50355f46074fe0b1f64bd8700086f30b90cc7c8f,1
419d67237cc7afecd42ad4d8083b8008350c4ce0,1
90f46d12268ad96659380a15304a3eb7132ae615,1
ad8c16177e825c20c8868ac2d440762451d29c60,1
1e189506effcf6be1e681cedb396b0574a9f109e,1
4d7feea72e1164da2bb0941e978e63a42bcabcf0,1
c3a65eef7a4e62ee3db0ff672ccb94acfc896a34,1
9c61e6f1c0b1cb003f440fb4410faaa371764a1e,1
ebb75a529b8f9d3b53dac12ffc6301d515a1cdaa,1
533ba2ac96ee63ecc74bc4ba4473eecf0e4dab65,1
05bb3bde7a761a3a3087ec29d0b45814cb2174bb,3
7f774cab9005dd56667bf4db09c23370bd2c873f,12
376f0be5da972c4e87e927b7aadba6e663010bb6,1
874c531f27e7f342c7864c12310ef12c177d9000,2
3b4643d31a24cc6329ea3dd16827da18e77992e3,1
2a5ab55c36380cd394c4922705412452f800c17c,1
e5b280c3096a4c9974b1ba28ffca1bb27354e048,1
a69e2923dd02537d777ee2e0d7cd838e39e66548,1
d97c1f1c6245e2b1f3152e5a210ed840b4bdbefb,8
558b60858c4500d98cd34c7ba19a82bafec23d4a,1
fe60a1892339600da18d2f54c074aa30708651e1,1
90f14367640a942697f9e00df5762afe4121c566,2
9336517258805bf6826bbe2403d4b5ba0b49977f,1
e72fe0ad142a3e36b1369cbc98b996b09cdef4bd,1
69473daa3d5fb0d30a6d4ddfa17e8d4ee278c14c,3
75f76cbf26d0acb8beb7698e2cee8621d4ca40a7,1
eb7f75461a7751105bb18e67581df79e2f9131ad,1
c8f9a3261071af8bd138d1e6694a0f28216b2bf6,1
b3804fb277ad402d5a50adb65ec4739016e75d8d,1
175fac8fe87cd527e3670bafb51fec6d372f56ac,1
75dadcc6696239cc092ecfff264260041c52169a,1
3734e8e02f2ad0f2f717798a264dd879eba0fc81,11
de77dbedf1091e401942739b56e2145d1b37790f,1
10a1ff1622271bcbbb90dbe48a3e2e047ed2c9a2,1
0d629c80c7e218cbe07a85ba0d9bfeb49feb65c6,4
5353a1ed1a5081783aad3870dd8af23483aa5437,1
0c8a53e507fa792b114a89fe6902f4efe4ed2fe8,8
390878e78af3a0f07e2a1b2e784fc882e22edbd4,4
398ce22c2ed16629ead07d8154f1d7f127adfbfc,1
a42760d38a65c58178af7840ba57298cd0b7d31a,14
e5dc2c53215020cd2c2caeb519a51d4bd430ecc0,3
026431679747ff972be14e8de8433c0d2e20326e,1
9746a8427c82e43b7bf905ccbff4ba8420d0eca5,1
dd16d6ad6e4857a4ead1e7791cfe6df3974ba87b,1
782ced6ff728b05b0a1bf668c5bae628340a9018,1
61ac1ed2f61e7d699354dbeb5f9fac5d75d7f7a6,1
8e56f9366de1b0d78600064aca3f905b4d1d7300,8
4a7f5603de04f89aeb47cd68803b810517136acf,1
fff5e9ba4a45bbb9c4c99da9b2c5998548f925a7,1
b12d0d06ebaac1db5a87750dd96b9dcbaf2ecf72,4
49548c343deb1e7f38f6027af20c02a79dbe5031,14
Marlin/src/gcode/feature/runout/M412.cpp,10
4588d836a3b6fa7560c6f1bc5c23aa93a1609d71,1
4335f4e41f694a92bf79e1fe0e9bfc3491fa1bd9,1
c9de9d4f9b8aee4ac3dfd0f49591b822230f43c7,14
6cc45d2578fe925841bce17c917f7778849a30d1,1
9f10695b3f7460a1981c5d1c6ea3999a85f63cc2,1
42a2b5c3ec1c4067113b87ad8c1977018bbb763e,2
f95f18c8e51ab5ff2782a3fbd873d2f48207cb10,7
adefecca6cea42f0baca81705c078fa4dbd8c442,1
4f2ff42003dda54dd20e6884564f36ee97339f7d,1
98e7e6324074d1583e04f1fefbdb5d52a17c173a,2
6f494e9bed374de9f5eed2544ad4ac8f708e05fc,1
b65cdbed91782c83188706a9c340de9c503cf430,23
57025b75e13f05ec53b9117c890f0e5a8db8d01e,1
01741576ebea06faa4ec98623a28eab19251f111,2
f09fa69e867d1cfb18cbad720a5c1e566cb1bab4,6
a03811f4e8bcc794c02108ec8a33edc071221187,1
206d495ba4235a79db158fe6687e301bb055623f,5
1292ff76b34c15cf6bc78259985440e13b5cb1f8,1
9f7177c67dc7979ae69c0068ae9a1ece9bc7102c,2
8fd4bfc0e7fbc27cbd218a68435ca2f20726f111,1
4428affc20eb5ab99a4c0855919f26e5dad1fa1f,3
02405add76e722701ab49434549e7d8bf5690162,20
be6fbc76a1ab1618421315958480f6a1d6093533,8
Marlin/src/HAL/ESP32/WebSocketSerial.cpp,9
32bf44764483e40eddf0cd0361e3356166f70445,1
ecca81beba03c0f15d682dafeab290ea136a1a9e,1
9485d44903579f90a3831d8f71a2d1bc97052cb3,5
64ad96e19ea2cafd396bea4ef7632aa006e4386c,2
a7cb13f3393e8858377d16f0f522736845255da0,3
6f06801f1de44c9ec8bce15e5d2c0a8c7185a6a7,1
8d9021e8069c0550e9a31107adf44b9112b87471,20
Marlin/src/lcd/extui/dgus/dgus_extui.cpp,16
Marlin/src/lcd/extui/example/example.cpp,251
Marlin/src/lcd/extui/mks_ui/draw_about.h,22
Marlin/src/lcd/extui/mks_ui/draw_fan.cpp,6
Marlin/src/lcd/extui/mks_ui/draw_gcode.h,44
Marlin/src/lcd/extui/mks_ui/draw_set.cpp,43
Marlin/src/lcd/extui/mks_ui/wifiSerial.h,13
fb87b2d1adf667f63dde7d8d19058d5d75bc6aa2,3
28318f27d98caf256bca238ef712a9de5fc71da6,1
b1cca43252aafe82ca593224bdedfbba0881b066,1
857976b29fbb327ee26d8fe335f457b92a54501a,1
cbcc6ef9c4b9d0952b4ddc777bdf9d1986b5c70d,5
bac72ff0cc5dd193ffac8cf04b36cfbccee4a73f,1
2470dc822fb1c43aa4fc8a90aa4b62487b1026ad,1
1eb68e9f9a8d639fded043024d66d78bca16df05,1
301ee6c57aeafbe121f6896b532fada07c2b3477,5
fccfcfbe5fc222bc53dd52f7a9effa8e305fafbf,2
Marlin/src/HAL/LPC1768/HAL_MinSerial.cpp,18
f3f82f56bfda2e50a9810be033f0b55a93d40de7,1
9405a5e443b78153bf5e2562ed4aaa0be950970b,1
f4f41d01bfe287f9f0addc802b78bdf190f97fbb,1
dfc906930c9b31ddd4d70e9c0ccf15e369abd188,9
01825d883eac8859547ae92f2b3c01b48b121bec,3
Marlin/src/HAL/STM32F1/HAL_MinSerial.cpp,0
65b1139d93b3080c2eb4f56373bf35fe2945976a,1
dc187690109b9f66673bb6675c098af0644d40e1,3
9dd884a324e82c74e8e78c987d490a297bafbdc0,3
becdac19ea4559c1e636d55d949a15c50cac7888,3
eaa64967b59a12063c6e6cb78ea63bffacaaa1ad,1
fb2bfe1cef1daeec13760c29d055b4323e65c25c,1
cb5e6bfef64ae4bc05db336a5e53a528bb3b7042,7
30c299fd26af803da9e5b5bb216e80677b9440fe,1
ae06ee24c52abe373e624315b6fa1dd467d02456,1
fbc7a3775af380514f5d1da6af9c06a6565f787f,1
78de32e5529fdc140a61fbe9ccca338b4fe0abc0,1
661395a3b228a344cbf44a239c400ed59fbf760d,1
257ae51275f7112fce716cf1e8ebf7f108f32d97,1
46eb12da51b50f4fdbd482866e366faee446f3f3,2
4d544e35e3ed04ee57c5f0242f86551c4e968d0a,1
95a5d63622e26710686ae0ffca5a9326b0c08556,1
ffbf7a9141ca886dfc799251ad5405dc0542c2af,1
a95a21a3532b51b793b53306476177d714896f79,2
741e3c12803077e60bc4842b74a4bf2365e2b3db,8
9d43570adae1e6835504fc9f42b1fefada54dcb7,1
b356b4484948305db9fdd6b049b38ab29cfb7cfa,1
05c25b8cdb99fd67047704f65d69e5b8b1797a07,1
eddce4182b8e3579ae4e74e0f2954d51678ea023,1
ef9ca61039514efef6e2bf100c4b6b1db8f0316c,1
Marlin/src/lcd/menu/menu_temperature.cpp,4
8c912d7ece490e9b0598d365248d07d6bfd204ae,4
ff41bf5be823bd9564045c1c522adec2f9984ac7,1
2f537768bc9481a10b25d9f7c5af3627707c836e,1
68c010f82ad7a5c5c3dd15ee985654e0f3bc79b5,1
4e4c3ef8fc68afb66ebc434764ba4079c57baf1c,1
e4f60f82a4cbcac1921b6bf444fa803910e2adf3,2
f58b923fd4df7c59a14e91fcd5977feb50774b5b,1
cfdfd167794de13de75d99c161f61a0898549717,2
636facf40d668bee1cc4c866dab340d1d35d73c4,1
b5fac1ac9587a495188660c23946b298d065ea6d,1
082fce5e3e68c7b8657201e5de5adba0e4f86a33,1
2e0a1f1afff71a29e5fb5eb99c509d0de5384087,11
f7f88b7187624d8687a79f674993648557b94ba2,1
f04b2a939087f2f6cc04c42a11f8589d82253433,2
516fe131bea242be903d0ec6d90a8f6f209ef173,1
ee016e605cda97f3934b78994b390ce99ea35f04,167
69d85cce2da20b88784db68324c228db212af071,12
fe7f5ca7f4448238f2878efd26ac8dcefe950808,1
9c7344487a04940c845d9c39215f0d28ac26208f,11
5f9aac2027c241056c83d497054be91c64b086e7,2
43fc1bd21c5171e324047e147ce41d0bcae5e3df,1
a981c33baddb240fb0a48e6c702b9ce6f1128dae,1
36ec7ab150f784f257addcfc2ece753d1a638855,2
5301ec618be01dd2794d8f3e420f6172b34dad22,1
a0a24e9380a5b4d7070b8c5cd261efd3de517fe2,1
40d789ce18e48e9328e3a4d144b889048b809ca5,3
641bca87bc9391a01a9de06e8d597dda5908590e,3
5ad473fc6246ddcddf6c5e0920bc7d4d389fd718,2
7aeb6b52005e739e60ddbcd9feca52633f1e2bd3,1
e250f6a2756975e0949fc3deb26a777e0e14d5bb,2
e59192b9ea6f6fd7fa66192e363c69589c86e652,1
a1ee5124d3673077e7812c00f883fca7179b30bd,1
Marlin/src/feature/bedlevel/bedlevel.cpp,4
a280077820c932fdb5a308bdfe64eb329e8ffe39,1
13f3ccb85da31e2e48a22f79568c93d7ba52f3bc,4
770e5398592f2683e6057d44248a9d29bc21c547,2
993f9f3efd4e4d4feeeb676f110de2ca72a20622,1
f3c7b61f29525d37d6c5bcd97873fd8261674a17,1
3b8f83a5aec737afd721e8f864f5e8ce5d0e5db7,1
836c4e01981bffc5101ba2e6b47ba9910b4bce85,1
dfcccb63a1f3d8098ebfef8c64753f735bcf0b0d,2
Marlin/src/lcd/menu/menu_temperature.cpp,3
6f5800bd74e3e2e7db372c4fc4b51a36a7b7b351,4
d3a2c6a0b47fba8f560ff9ea60e73eb2610ff527,29
7a8e3cc258bf75be1bfb7d7e43cb3f2f1aabad5b,1
e7f26cabfe1121dfbb9b561e0538c2bae45c4bf5,1
a29aefc9c0c02c23862fded29e3f950ead339238,9
a73dce4a56447cc9d81224ef9e19a42114765e25,1
f424da498a8fabf19a7bdabe23c6d843cd4a5191,9
8b5e7429d7b874e9a9d1a6afbba74c11b36813ba,1
5dfe28db2a68c2765ff6742fe7e53e11174e43b5,2
949d2d9e50d34d7b2111a6c23e153687f59a1b2d,2
0fe30d14a810a43f930c4558eab6ec1842515614,1
46f272b66945e4f2fb6e191b83cebeaa57e496f5,2
c4620bb5285438e41fa4c39229aa2a39859877ca,28
384e09aa7c7866974ff232d1e771e51e89ea0a02,1
54ad22a4553404e6c777bd0d4794e7edba23152f,1
3bddbb1110b6ca13a291de426553839b99cae102,16
72e3d2492f2085efe9c5fb0b33d67c24baf8a4bc,16
51a61c5431aa9153eb7c580214ec0f310b2abb8e,1
4e10f4689994201a2d27c54f59366096c92d4797,1
a729cdcfdd558d91d977edf70a43d2008586693c,1
a58276c4c1a7dbcac815a65473d1d0f8f36d5978,4
f075dd0db3496d99c84fcf77242f60731982184c,10
4d34d16bd83f9961f062f662e528d5bebd5aab7d,1
57d0f0ce2e8103a6c518741a44f58afd08ec4da9,3
778b8a45e9ca770c7d717bf403a52b51dc123098,1
3c46a4062eb9da5a58d46b7ee59afe0b2409e472,1
2a7ba427dd840297c9cc253e3ffef6d3ae5ec0f0,1
d87a71bd044a186deebdeeed57ac916e56c8ac86,1
6bb10b189897dcaef5a6da496dfd4f1631689f1b,4
Marlin/src/pins/rambo/pins_EINSY_RAMBO.h,0
f52351d116550c22b0a761a94ca7476494064af7,1
7d7200474202925d61c3c06703fd7291fa20a53d,1
09de17fb599051a2037aa70ca18098a901351360,1
2c2984fd29b2ac6cf7a4301541e903e52179cfed,1
d5143c2c1503225c291dfb9092b3bd11fc2fe156,7
59fd6428ae77a153082d8e1dd49c081b79a81a93,5
07c5a4fa040428e99c60d3b54e9374a59ec381df,1
550a806d77201e9a228efd587a92af4adaf648b7,9
dc6c977766a28c26075ff2b5268b3ee1c9660035,1
86397df32d78087c148c0a3c0a002a17b75b4dde,10
8e60b19662c3c05c935ce76f95a39a40747a1180,1
c508c2213ee5b0ed130238c058b7cc91beaea654,5
5d8727a59c0b6a38e7c2cbd73feec3e76036db44,1
e8af38cc2df433536e6fc584efc251f62e826999,5
b8cf818dac851f6d57de49f6f45cdfe2da884a00,2
bca4652c5e48415cf478da229a253a2106da3e59,2
3c4308b7b6c3560f9b880869faa56990cf42676e,1
464b2242e246f47fb3b16b00a12d3d0a80a5f0b1,1
553487cc8ab348939c6033910c0aa11d230b2ad6,7
73f6426114d3f307d741d0e9ab8258a8cb103ff1,6
07cac80fb028f26fd2b1badfea069c80938dfd0c,0
Marlin/src/lcd/menu/menu_bed_corners.cpp,0
253ee0c407120526b821c0f3251bda0afb69d934,2
2d1d628340a6b4dd38ae808e6423438fa153de57,1
c6c6c5618669665669e3040821d0b662701bcf3a,1
528b9bd8729656d7ebcd3dc7898ceddc2f377354,2
Marlin/src/feature/bedlevel/bedlevel.cpp,28
32dba5e0c735166d3bb54783efbf0d5d1b275b66,17
58cc4b7043a9ff3b60df6c8f08591cb58213fbab,2
795253a9d5abe4136b449938fcaf2dba778af536,1
3cdf363cceda864d9ca4e48b2328adc474fe14fa,2
63673d3ce088935d8f4931698df627fc916e458c,1
2d8ee3a496fc3e7b6edaa925a3b087ad5074f2ee,1
0561d5bea3ee7774d0b63cf505005afdb56b644a,1
cc5297d637d2a0a784e336210c366baf250785d0,4
1595fdb54b1f10f2e3e01393d6b7aceb09f96b6d,1
d705a5b45efa4c7a47650fc2c187ff1d025db8fa,2
0e9836649eef298c6fd84e7585cee5d84898c939,7
4849d313fd418832f591fbbc2236bc9d02a843d2,1
3ec5cd312beb3077b661129144e214c83a232d69,10
138340ee99a852bc116e2a436932bed074624fde,29
a5f0075a600b6cc607e7e3b2d7c2571d39c91280,8
84c79d753156a396fca43dd62cd693454efac882,6
fd99ea09ecb41bc1dfc5e4109e0d6c7de1f87424,9
4e314ef6d4b29ea453431b5a37416dee39163c66,1
776c1e66db9e86e70b976fb80560bb658431c782,1
e0ed57db67ff191452f00808dc696c80dd8e03f7,14
41eb5813e05451e6634d73551913acc44a0448ea,1
5fb3ee610140c9895be5495d84b6d853514e5e2d,2
3517fbdcbdbb3ba790b0aac55e3ffb03e94f3307,1
7f56538602d5cfeb20da143e896e74c881d94d29,2
4044ed8783c71dd66d64737173ca31c8a0ea0f5a,1
a5d6f6ac9880090d2412bbea0027885b95c98ea2,4
41c55a30cd6ef2834ad82e1edcf6cac2434770f5,1
4a1d2d816c4dff8b3c3e472f7b8022362e1ad109,4
1e357b3c74b6c2fa0642484f0cfa5efbe32e802d,2
f69da7d00dc69d4234068fd16a33167e0f85f460,1
24a095c5c14b60bcbffc2807d2c8cc8e9af46e90,2
Marlin/src/feature/bedlevel/bedlevel.cpp,32
1742fb86555a33fdcda1468a00a64690e957685a,1
76cc736755c757ea12b93427ec09ae8a8183419f,1
c35e271dba2f608cb72f48357a1d36a8bfa66a12,20
6ab7baa413b520fde11f588e288b391b39bf4cd8,3
1114bdbb042469f66f31a94e4b8a46d40c22c21b,1
f86423972fa5ca9769df34142fbcc9854d1a13fa,1
62f992af23b0dd3160db049aa83e541fe164630a,3
37e671612ee224b97e0500a33b887df675e580ec,1
3b3a3fa84563c6a806e38c9be3c47a0bbbd8a630,1
4cba40f9fd9ea7dae24dbf7aef89091e88f99126,5
8048d1411f994499ef9ca82079efb03a54211cfa,3
1a2cbe100c279b0dd12a70f5e9179a6f9b555e32,2
Marlin/src/lcd/menu/menu_bed_corners.cpp,7
19320a1f8f3e502b745648df672a82bd6b6298dc,1
7124326808271b4050615c909914ef52185f594a,3
ecd5ae890f890c4bedd5c913ddba688c3687573d,1
aa2601bb9e361d429a6110a3ced31a1a5a0f86dc,1
1879eede0d2910cac58f2a90b95989ff4531fa6e,14
facbbba7894675ee9f9593785f45d4b86ecb2db3,1
d61bc2d136cd18081f2e6a76d10c7cd90b4b80e1,1
5ab220fa7680925628a26b2685a1d145e695842a,1
b483a8d652c18626d57b5a38c78fdd2caa6e91c3,30
ed14731146006442f1cc4045b70cefdec00aaa8f,2
746eae15f36e4211a22d53b8e12e82edb55a13e5,6
121b606f9c264995c2c2aa9c215f15d3b3ddb218,6
61af08d4993014935a3a378952cd5562ee4e2e14,1
a6105ef37f8a9682b7c33834fc37363f425fd16d,1
993609b5aae9145d49f42b99de6330c379debbe9,2
e3116eed2e488543766cd61e4658363a0d2bd34f,2
98d6c751d3484b1a3d30cefaa692b4f993d81abd,2
916574932167a1bdf76cc90d3e75b69ea87985f2,1
75b790376d1b20e0345efc2b8d2a58e9b201f9d3,14
8da8bf7e879835a14c045fdfe947c81008027a17,1
8b6718c6320c32abe0fa1de56a033aca54ff0b76,23
98b2b45264c142053b6ddb015472d4fe2a08c78d,4
c4b69fcdddfe7a626d8277b175851379b699b92b,1
a628559258524164f8fd51e3fcb12e3ff4d81e6d,1
895e40190b8710d62bd4a87bb68cdeda43bdac1d,4
c442485137cac378f7ed8fc56a18f4466e3a461b,1
dd76a50683358732ec3c1a9dadeef479d42d3c94,1
9d0e82788a754367cd16d6e1faf21a9bede2e957,1
d0d5003f45eacfba6101ad57fd86d6c25f9691d8,1
c2b72c0e73a59c7b0915253c775eb6253032f0b0,61
9d0b6c5730e55298b6a94fb07542502a147e84f3,2
3229100025dc428d5038eca753c70f3c831d6336,14
0dde8f89682245eba48e553fd62bf0deb1f10e88,1
235ba926021709e293f33b7229690406761298e4,4
Marlin/src/lcd/menu/menu_temperature.cpp,1
6747d350a53ff78be2e7679cb3e9afec0d9aca52,6
45c1432946547cef4cbe9ac832394ff68526687d,24
05b39623b0490f0c49593b10bcc04d4b0f10851d,1
Marlin/src/pins/mega/pins_GT2560_REV_B.h,5
62f37669dc506a6e579389ca549ce5993548944d,9
Marlin/src/feature/bedlevel/bedlevel.cpp,27
Marlin/src/gcode/feature/camera/M240.cpp,0
Marlin/src/gcode/feature/mixing/M166.cpp,40
600ef1e47cf905bec1e76b35f3912863ade4fff0,1
4d17613050e7d77bb1bf229f9682743f3924caf4,8
bfdd1f4662f74c9db1cb62cc4f134d4e66a2da4f,2
be775ed72db983ea150669ad6e0e094285b2fec2,5
8d083eb2488c6e4bd19bec8090b1673d60d2da2a,4
7573524a1437faa7cecdd9e5611f61db667923ef,17
20d2061f22790bb30cf3b934bef2be54d931293e,4
df297b6ca3bac1b65a36cf6af685cd7b11c34639,0
Marlin/src/pins/stm32f4/pins_FYSETC_S6.h,0
6175802693390509e812c31ba134949a4b6eaf6a,1
0f2309054520f4186502a6ebd84042713359ac8a,1
f43b250ed2f32bf2423e234b1c40d655bf4c484c,1
6e0b79a33b7e6d5405be6d0ae5b16e5f3fd62fac,2
139c14948621adcaa227bcef67765a5228039cd3,8
3f7cd45df4b7159e92b37eb561fe4d7980d031af,5
c298095000ac0ff5213dea2348b432779ad894ef,1
d30b5481f5373559bc152d48a48ebabc5304acff,1
f587a4e3f30324789a50acc107047e430be1a172,1
3b73b115ca9366f0155986b717d4c85c31ed2f80,6
Marlin/src/HAL/ESP32/WebSocketSerial.cpp,95
71e789943ea28ff7fddb1eb07295e75460703cb7,1
1caf8a1f5b1aaaca01e10af2a918a264ed549a1b,0
Marlin/src/pins/mega/pins_GT2560_REV_A.h,0
1d3f28da2e9e7ecbecc4a25fffb120645a5b6ae1,2
Marlin/src/pins/stm32f4/pins_FYSETC_S6.h,1
86ba0cde35537dd9a7c0978beb7dcc059b3e72f7,2
a335cf2edf66db08ab12d3800784b58ad992f6a9,9
33ccf1b9310ad2f1100d67346404a2e91a7b205a,1
ccdbffbf3f599f0860c643647ce6c40f1eb5a4cd,14
Marlin/src/lcd/menu/menu_temperature.cpp,5
8f509b0ae0827510a32d39e3788bc43a8ab7a2fd,1
001c77d1f7b5f9d6069494a5cb7aae976231fd09,1
c45b91aa94c7008e3fd8ea297df57948af9158a3,13
5d0e6c21aa54d5b6439dfa2f57daadd2be973505,1
5991836e1fdd73f7a668cfc4221bfe3017a2580d,1
532df198da6a9cadb441a1993b4b482e69e317ce,6
241d2e3fa38aad0396d29a339def244bc23ea47b,1
c55d53daa649c93d71a314726fd287c056975a23,1
8a67846872d1748611c0a32a246310df7ffc4d6a,11
704b8cd83c507675d6f71621e1c35172779ac9d1,3
84b961cb20a4f0b2c1ad67a71d6c507a12f9da2a,3
Marlin/src/HAL/LPC1768/inc/SanityCheck.h,6
8bf6b190ff074ae9aa76734389cf7612a1e0fb0c,2
69c6ffa90b017d31bf70dc174c716232ca2752ee,1
e989bf3b0ed79156c094f6e298b5ff326a53e3fb,1
cfdeab70cdacc9949eadc23b91d8e7c2a1fe63d8,1
de1161536bb25743266564d0ecba2554ccbef48e,1
589bb921aeaac73c5056d7adfa157412b5ebe273,4
b59a4331fa05c41ea2004f959ae3d75a36bc5dd5,1
832059967c4cfbd48d82282c2e700b8d4b805492,4
30e7e2c2766d7dbbe0144344287994f1969dfadd,14
3ae892bf91566abcda3b3d54577175b5f50683ea,1
930752d46e6aacb484ea89dacae6baf823d78d62,20
d172c71376d3adf199e8de90593a135e6f49e427,1
fd8207dd9a1368c6bb75acd5fead76e6fbc0830f,3
e7596d92c79134e342e2a3d5e6981fc562925231,1
3ced55aa930076c912bad5df2ec5b4376a0eaba9,2
2d2291d00eab6159de24eb7ff74001b1d6dd29e4,32
da4b6896f7e4f102d8c2164e7aecf22cf2922fe2,5
8fca37f3737e66150c1ed5b5793e2c48dd108b23,14
Marlin/src/lcd/menu/menu_bed_corners.cpp,0
155dea6f14d18f6b0f272cb2718ba4c28f3afe1d,2
e5ff55a1be7646b6159e6dedac50bfbe57e6dfa0,35
07c24e72ac0deba0a9229a3cbcd8694279b102ab,1
a8ea6e646301756f138373112479713f0dfbe4dc,1
58f0330d3f51115dbc8cda792105fe66d4c61241,12
f7aaa2e1c758dae56fb0d3dbb743a1c5c04245d2,3
cfa6c7d45ba72d1a0b26e6308191e008dcd0d9c9,8
Marlin/src/lcd/menu/menu_temperature.cpp,6
df1ef496d1a88996cb1156fe933df59c6aaecbac,22
Marlin/src/lcd/language/language_pt_br.h,6
Marlin/src/lcd/language/language_zh_CN.h,0
Marlin/src/lcd/language/language_zh_TW.h,5
dd92c8e927ba6146b06f486ef5356ea30cd87f6e,1
10c14bcc05a85d3f012d90f9963d97c72b1296d6,7
eee726ec7dfa774677e86d84573e04524eff64be,4
22fc59ab5973aa91cc2fed68792dce521cc70c93,1
50a6ffa9528d7d7419855cce631f95a7e19d5d6a,1
2b621eb45d1b904165c414ee1711ad121c0a1c53,2
c44ff3eb3d90a17bb7c1c87b6a8c710da63e942d,1
3e7d830f570ece878f18732072de1b34156cdd66,9
26db51fa9ddee1c99d62c36322b7cfb3aab68483,1
fb9502e0fbb1e6114da1f1f9a18f69e457d95fab,1
d0ea2b286739379ff2524ecc1c8dcbb057e98c0b,1
5573d98ecca3d721b9fe6259dcab96783416ce5a,1
38b44e3fc9cb96866f9c25058667888ae43cfc0c,0
Marlin/src/HAL/STM32F1/eeprom_if_iic.cpp,3
d4ab2024f50152f06223c3ab63a7a93b95b4b887,1
790bba155639cff44ca950639f4d685c16998bf5,1
b51aed8aa54f41cc5897485d3b34b019ce38343d,12
1f52112d72a1b05ce673581f4d5e9b9ac06ff795,1
ad907a51e245a908024ff2736f95455d89e9571d,2
6673359d89f5f4194e0de2451e195421bccefd1e,20
560448afeddfdea568d74c5be4e48c8b7f5886c7,1
deaefbf1dcb823f22a8f9edd3fbba069ef9257b9,1
9823a37362c86f8f722c01af2147075d70234ada,3
15bda88d0494a12d41e523c9c57dbe1d6cf8eeb2,1
de73b9b9345f0d10291d56a801bfc0d8d61a9cf3,1
2fc854eda06446c919c46a8e1cd323d5d0e7ad87,1
60607ed18d47ae5a7a51d92f468b044d76bd3187,1
546e56ef3d28787035e53ec3f55d243c459edaca,1
dc78e0a2500d17b770e6a3a71730f1047c8a0056,1
5ffa6f3331569c8fa0266c1395d7a6a8cf5515f9,1
1a23ffd7768483914485f9ea569c5813613eef92,8
c07f99d5e406ef82376ad3baeb246d3e78c9a7e3,6
ae8be31247ef0731036935d25b4d571a7f1733a8,1
4f6910c131cda52b187f2caa42c9cf2ce0885a5d,0
buildroot/share/scripts/gen-tft-image.py,0
d787cd307680c5c4f155ad4643c1137db56bb006,6
cc3e878f90b38bcd9116c1b4e8ff31a4209299e9,1
b9b9a3115a064acefae1386fcffd6c19a1aa6ead,0
Marlin/src/pins/sanguino/pins_MELZI_V2.h,1
36d3b6aa95b454a7463651e12494b5b33a8b10bf,1
911cd1a6d3883716986e7f3cf92fa4266de20d57,3
da84b59ee4bfda6b878ec55b9684722a1946a14d,1
11343bb0ea8d41d5e4a26c30e2f6e30876b079f6,1
3107d8a0f4e71bc7853d78d026912582cf185adc,2
7f1fa0d1ff28cea68f5982eafab816b438c2ccdb,5
604c5dedf473cc962e3a0e52eb82bb18b75da1f2,1
71f261726381e07fa92f2aac07e8253779a4f487,3
8532c2b9b6a228f5884951b28612d28233734a07,1
1affbe2100c32f79d469b059be3eddd364a80431,0
Marlin/src/feature/bedlevel/bedlevel.cpp,19
9dc2712c47f9ce6e5eb0c388a3d50a3a28574c27,1
6e1024737d0f74cdc7aed99a9275e071283fe4b7,1
03a41021def9513d4a77caf3c82a0733b7686193,1
a73cff8e4fa5c856859093d54b9427d889049734,1
8857fc6c4b7dda4bd4a0907050c81183d989c0e9,0
Marlin/src/feature/password/password.cpp,2
f671e6d1382c0d275e96b3ad67e4fb326cc8807a,1
4d6ebf95fced1393d13f1cf4b43fe789754e3141,1
8c512191b2f3c3c937ce12da25b8203b464dfc6d,1
f147a8990a68503cd5eb2bb0fc7b26b7c00efe91,9
048f6b4731366c8e843edac0adff1872e9e6763b,2
9cba3c87ef4ed7155db1a6e0e1664405c92af1e2,1
dbd28eecc9cd4b5954a4fd1ed0c02bd9788c279b,27
Marlin/src/HAL/STM32F1/HAL_MinSerial.cpp,23
2c62886c719c67c9ed9a3d0741020a004633a109,4
Marlin/src/pins/stm32f1/pins_MKS_ROBIN.h,0
fe0b7700335470f03f5b5b8404b126efca8afbb6,4
b75e682c502c572426cc6aa8110fe5869413e8d0,1
bb6d718e19c7c0e6db743b0bc615b17f121f0073,2
28a136d7f432546b765efd450eb45960c1ad2c2a,1
10ec5c7f340cb10590fa4defe594726bc9473e91,1
55c31fbe9a70710c6a209d40b7d0165d081dcdd0,14
2f1fd4bbaab08e7fee2c405226dd7453de958b5b,1
18a10c0db1f63b263157fe584697b720b5339a0d,1
aad0f517b45c03da54b75f8cac00a4a91e86f520,1
1b9ff68f8ce59a2b142bbabd0fad3d3b377b5997,6
aa054471f2eac02a75ac411181dd4ca71f9fab74,1
f2ff75f3a2f978061932c20e915aa1cddcc66167,1
5dc8f5cfabbfcc6803cad1edd3ea469b29b0834a,1
ced1bb9404ee44a9b7f2f870a4d66a559418c2a0,1
9f14127fd6f839d706084bf1faa15d466aa47ede,1
b95e548ddbcbc1c088eabc17992d0a06f82ac167,28
Marlin/src/lcd/menu/menu_temperature.cpp,12
87bef13a4c9c1c7f3a670f906c106bc868ab12f2,3
72cc5a49e6fdcf7246b6bded66a4b4fc043054a3,17
a94fa7b4768d3e7a5ab6c580de96160f697753db,1
43b712d42b14014eeb820e6f38285a64e7b872db,1
2c5967925f5a09db2522d1611efd225dbd3990dd,6
4182cf3e9e935ff90701a497ee34ca8ebef263c4,1
a1796ecace74680434237507548d40cef15564ad,1
3eb8e26174efd20797addced921069050d1a344f,1
d05bf563a21e023f91d0637e3e9012df7c0d1d01,1
3ea56ba4c72fb1e9c4bb4a896b8cf87361a48f4b,13
Marlin/src/pins/lpc1768/pins_MKS_SBASE.h,24
Marlin/src/pins/mega/pins_GT2560_REV_A.h,16
Marlin/src/pins/rambo/pins_EINSY_RAMBO.h,0
Marlin/src/pins/rambo/pins_EINSY_RETRO.h,85
Marlin/src/pins/stm32f4/pins_FLYF407ZG.h,1
Marlin/src/pins/stm32f4/pins_FYSETC_S6.h,11
Marlin/src/pins/teensy2/pins_BRAINWAVE.h,63
f56929d0df85a7a05b28c06aaf0a45aec286a71f,1
101f09aabde0a903051eab12653b1f7dc042bed4,3
a0d312396adb089d31b1d4c1379d86dcd5b734ee,8
6903a2ffc50c01d05c761d0b3384bad076e537c1,1
8dee12ff05fedf183d690e53fa936d4e6987a5f6,1
9299f4e98a95066c232d4657ff6d7c6acbb72fe0,3
6225870aa917e81c35a910653f0f482998a6e5c7,2
dad486c01b34d78ab3a62b8815a3f9f48406d775,1
0b7e8576147bb3a1b5b6cf6a9c4afcd8ea8958a2,2
431f6bf3a53f8e20ef6b74e6714d14bb23f70cc7,1
9372aa99af062933332a24131e7648c0afba64af,1
81c29ecc7e819ac806899136916f27129f4ca42a,1
dd388aedfda25796c86b532605b26b1e598ce410,6
a46e0257252bcd50f4c7acb04215f3ad2a92047c,12
fd270ddc6c5b4d78437d590ae8066326850555d7,5
369ffe518d0b90bd9caa457a710014710b5046db,17
buildroot/tests/STM32F070CB_malyan-tests,7
buildroot/tests/STM32F401VE_STEVAL-tests,15
0afa4cc9573565b4fdb8a24f85bd0ab41c3d1721,2
872f0314055596990b873426da8695526e394e1a,1
35791c6371dad924f9a3f0fb3aebacfd298ecc35,1
137f70b1221ceb3218d7ed0a61939f650568302b,1
dfa33082bbe7cdf2888349a301cfd6636430cd0a,5
b2bc85f6f657ddfeedb8fc5c608fc039c064b2aa,3
21372c3d4e0593a9c1652c24b81d5339e750a440,1
7ee9aefed73cabd7cb649b2b119110e8f9d27a14,3
8c9a59c29e5cf8158e09123730d45e7a7ac29ecd,2
28404f9e87aea01489c32372ed6a6835ee1bf252,1
e66e51fa6d92cce79ade66893639a333ca53e88a,6
2b9842e094c3a99f73f28cd21ceced4c3a523956,1
f52cba6aff5e8e3675070a965e8b74adc810d728,6
713de872ce055bd10bd59b4f811136b0ec0cfbae,7
1aa421efe54eef40a5ba2ba7706908a4ca384586,8
dd42831cba7334c5d106ba435bdb41b6135971bb,0
Marlin/src/HAL/LPC1768/eeprom_sdcard.cpp,47
f0b662ff58a68511dbd704550bb7f358c5cbb4a4,1
e8ca077f30d3bb3dfc81971ec1051cce8bf335ec,1
2328f8b9b888844a7e12812155743c8098e5c339,1
680172a084caba61ebb0524e407f2c476eaa6e63,3
254b25296b37cdb170e32a5530348907e7b8c9fc,2
903d0b91fc28b1198e7b90131f94f02a7c3f1530,22
buildroot/share/scripts/config-labels.py,5
54ccfcc7053bfa57dfe88abca5e420e72548c99c,3
dfacd260bb9ba1257d64bb1377627286c43675e1,1
04b83d50a29b96b746a0a1d0889960bad32aee54,4
123658569357e6a287a0cf97b7a11f9b819063c7,1
c76008bd6a7bc0f88fec7fa58f11cfec88ab366f,33
e0aa9ce372710d2bd1147ab0779072e6a02b61c9,14
ee7701c15bc91f7a05f973e03624fb14815f5027,5
Marlin/src/lcd/menu/menu_bed_corners.cpp,4
6e1c133e33861b710f6b85e9e50447d08642b287,1
969268166eafa09e2ddc8f0eece35178a89fc46b,1
83a156ef47be2f8e43e346bacbbcff809e4127bb,2
6136959a6a0a5cb2b5fb303822ac0fc4867433a7,1
4f840c211c02f4ccf4cb50ebe7a0371a9fcdc55b,3
db5967472b13cca8ea1fd778e46607032f7953e5,1
e65a84f6eae04824873cbaf39f005c6251d8ccdd,1
526924559f3922101b11213bd9deba36d1472ae5,1
24623d398c9a3489af88100e5158ec4a590ab577,1
56462cf082e8bf2bae6cb288c5daa4b77289cfb0,3
f384f81253fbd70d3d0cee799ab8fc5de80b63b3,2
427b5d61f46ce0e751e09c841ae62ddeec3df1ac,1
e27fba0c0629f9c5c3b90ba0f597de246ca28de7,1
7a1ec7856361790ec5a76d70698ace798dfa43b5,1
ec42be346d5c0d072feb8a1b63ef2fdbd6dc1e98,20
ccf990a0d79869d7d0fef9bc667f04b691771b7e,1
fd77251fdd3aed6d44f8fb0e3424d5237bc8e2d9,1
f7d9305786927a1d95903464af3480fd64049034,3
Marlin/src/lcd/menu/menu_temperature.cpp,0
bcda46e3f3435a1f87d224be2f81778c1855deb7,10
7fc75fc48263690cd8dd64686213d6a42d0795e6,1
45fff07a4cfd2442b8bcbb6a081eaeb1fd5810f8,0
Marlin/src/lcd/menu/menu_bed_corners.cpp,0
08d54b3d78824111dbe3fca894c4d50aec53586c,5
735c1b6183739152eeddade4c06c17e3b0de38bc,5
bb1039d4c91b7bfd282cd5b2b86e1466db80ba28,6
a21d4c06aeb38b2b93bcfa21bd5773105d8df9be,1
12468f5e9f22588660e17572292157bd2a86ef19,1
468e437390afdb1de7059e7f9049d0b30c312024,11
d167af4c388df18601380a7edcd5bd6d221458c0,3
3061a31c92fd5c24172279d411c97587633adb64,1
73e354b7a02d1a88bd1a97a484be2744353a7e83,2
0cc03f912cf0a7f0923bdcf8ee6981e03da15fde,2
f003e52009ba649f95463a115253d6dadcf361e6,11
13c4eef63752387b1a90b0b0c3834bcf276a5ac8,2
d5b06624fb2b14b57a9621d7b86caf9f1c5dbfb9,2
a3a10b62f21cfbedfd001746faa46ac55d248b36,15
03160719eb3d9ed31115956946826cb3b08babbc,1
b276a7fd172638ea3b8fe0a601a41d76f1e8cb8d,2
37e2250992a2b65ef41b314403b5dc9d8a5fbbd7,1
bdb8c07bb22bed1ca78f4b7d14651a8e04828e82,3
27f9437d3141635e290b11109b5f6d0929962194,4
ba301fd800173ccdf9703e1e8bdb702720c6a872,2
53d7ae4e9b652ca217b58bd0837dbf38cf2d572f,1
7a027be25594ae79166b2612c17cf0db3aa29ddf,1
ece06c26a92cd545a3cc1b15aea7b5a222f7faf9,16
8d2885377435e423eaa187b52f33ce5d12fb03be,9
Marlin/src/HAL/LPC1768/HAL_MinSerial.cpp,0
Marlin/src/HAL/LPC1768/inc/SanityCheck.h,5
Marlin/src/HAL/STM32F1/HAL_MinSerial.cpp,0
Marlin/src/HAL/STM32F1/inc/SanityCheck.h,13
buildroot/share/PlatformIO/scripts/exc.S,2
fb8b421aac943fe3bf8f25789c52dcd97580c818,1
b3ecede429d90e1a493b02e31b2c1d67411ce5da,2
b8d7925d0d69e9b2d41a2e72e47668830d9a5351,1
95e0ed2826e0c9d2f121acb145eb97927fc6190a,1
11e11b87678755b483c18f5287c5f2ec967eb09e,1
a4c73860a12ae67083a294b8c2eaad78c11c5081,1
241297b6d663b3257fba0e86fe858cff034b0872,1
65e24f812f2c0d038434fb312fc531d664c123da,1
fd455be55cca886d5518ff7efeaee007802abbe1,1
7e172bf456ea52ce1a4206d1184e18745515039d,3
a211dc03b3f1ac776a5bc849ec871a01589d3fc9,1
490d4a504a40a70e1a51c4758d37ec6116272b38,14
c076a7f7a261fec08abcbfd9801a34c29b19ba86,1
7b23f41fd4c5b109752490b203a1fe8a92070843,4
f2b9becd7eeda76dd0d3b3318b5e38c1f7508e6d,1
f298cde47e0f81ab37c799ee33a130ad5ed8f5b0,1
28fa18874b435b6753a1d6ebce9a07f175dd46a2,1
e699f9cbf6a73cc8db9d40a44e44064890a6e233,1
31a434b9d79bb771d2410a5ce02dea0d577a8c93,1
d86910ce9482295c5dcb113862678f85fc266616,3
79ee2fa20a8288b9f208f2cfc7ce995069f17c5b,7
9e0fc442105b6d23827bd767a811552a1804e9ed,1
35e9c131d63dca39b5c6de8abe64bfdd89b3c640,1
e27a2a96a034a2e0b1e6b48c68ddec9651956a27,1
29fa369f71d4486880b81644daae62006321ea20,1
db82a25177d0add09883c5475a248cb062e5eda3,1
b2f77bb0507fd5cd7029d3bed207b5a52f7c9fe4,1
d9e79fd7286ba150906574afb237c0a8a380df9c,1
52e8d8db54cfc89b41735dd25e57ecd830a9260e,3
cbf325a6b887e3b195b0309adc57b1038a42525d,1
8fd88eee2be991c18c5e6beecbdceb174c21012c,4
98a27bff0d49abcf45c3cb27bcde6909e49c21a8,1
00985cffea749e4bd7c14fbffb483c69ed44716c,1
0fe1051101a1c982c28cdf7c0f6fb8b2d3cb0446,1
fd2477923cd77f2b049b07badbfb6eb0b544325c,6
d4fb3728991eb32296baf84f7577ccdc10eb608f,1
ce1ec227048ec7af26f6bfd58148268fa2189882,1
03789c4d970c335fdeaa6cd856f36798ad015220,1
e0ca244623ea106c3bfdb9b576dfd52487d43abd,1
3c41f108df202089ef4e01daaa0b2a4c8bdb63ee,1
7069d03ab272d7f5e1108d78794180e22d5a9785,1
01215f5015d04ac37c6ec230323772737a983948,3
42d00b13df5af260adf44213e5fae0f7e04681ec,2
1f21a499d4f14fe9be62bf16620ccc83b6f03285,1
274c729fd3c771950fc45cd5b81e6f9eb15c4f35,1
9d24ee8daf0773ca1870a5c156a253458cc2ee1b,12
dd5e0f724a26c5a7fea8b3a017a19933f62739c1,1
653d73ff074c2d8f6cfafb95a7ddf53dae50be4e,1
662d81c801eaa6323ef8f5c99fb2d2206812a0ce,3
187602dfaf744615e715c540b9e2d4f01d308224,1
8707ae23e22d40e7f818cf77e7ec89038fdaacf7,0
Marlin/src/HAL/LPC1768/inc/SanityCheck.h,4
0127763ade586d70183974062e296d3971091dd2,1
e7c711996bd3080f5e343eff5556736cbf2e2416,5
Marlin/src/HAL/LPC1768/eeprom_sdcard.cpp,9
Marlin/src/feature/bedlevel/bedlevel.cpp,28
Marlin/src/gcode/feature/mixing/M166.cpp,27
1e726fe405cb8e218398a42bb14ca571e25466b5,2
24e18a9fbd567e0ed9e0633a50ebc7f599ef5cd5,1
5f824c5708191f8d170a735e1a2ab2257fdc9e54,2
57e4b82b66e0d98a370e1928a64840d2a9d5f501,15
6dcb77f7b59ce894bbb1ffec9064681155a3da4b,4
42761acf4fd3c7c0d40f0351053db6b73eabaa55,1
01756b6b021118e82d109f9c5996846b10caed62,12
b35bfeb1c3f1271016227a1d79dcb552e67e3cb9,9
af4e8b171c01f5620b2aca011115cdbc712be259,2
5233e6676294b010ff85fca352baa7296f45645a,1
52c246ae19549b5d99cd9a8e26cd7c8a1f0458b2,4
e34f27929549a601a2efe13bb0f5e2b3ebe2c30f,1
ee66d9ccf9772206d151cf821b5adff2081423bb,152
1c19af2c8fd95ff6da86c9f8eb18166805ea0097,11
10aaab6350cb5e54ea8376f36a5598d99f936b26,2
62f060a38984ce37454ff57094c289b0fb55d92e,1
004bed8a7fc3ff9feb73a0ea9794635b50073c27,1
a9712330686609325a32c936250942a81a242e4f,1
67ae845b3c4c2aa1d451a878f635ddab5ac13654,1
708ea3d0bb82f067424c75636c28a549aa3d3b06,21
49564e5310184079c53ff322cd27e35e22877017,5
604afd52d11f45c21194ff5679c829b57e5387e6,1
Marlin/src/feature/bedlevel/bedlevel.cpp,7
6dac71e6180a55cfb5f395de7ff3315b6f343957,1
d58bbd5da1591dea0386170ba4831c549ac7eb9d,1
68299c6a5e1c3c957c1014dbb1c9439759e3a0df,1
d079634c5e5b7a4179d737c45be433fc75b58cd4,1
9025c63c433d2668bb26bdb45c00b9a8ae59dea9,3
c6ef86029c89818dbefc271c7d6cb866cd92a48c,1
Marlin/src/HAL/LPC1768/inc/SanityCheck.h,2
e3deb6e9a5cfcad127d46418ef008ffc57ea007e,1
6eec242a074d54cea02347520ac144ed072416fa,1
28b8bf566b7a9ea116926a94466c3e1be6a5ddd8,6
0ce3f6efe02454342517c5be23e61483c56c35b6,2
617f5dfe5e947a95d5037da9fffad655e849b805,2
1f12273de12fceb59366481d0697b228e0652096,1
65483dcc953b359a8bad057d401b1a54af635278,1
32d859eede3a021140f14cec0a2db4163eaf4307,1
c74f972627ab8dcf69a637268cf86682959bd18e,28
33c78d2bb265961a92680629ef7da838ed6d6d13,1
7626ef57b94a3670b9de107597f949c2519f7c0b,1
07b4cc145bf6d84245b93f9f72fb0ac0f9d8d380,7
27366197f3380627af365b005702bbe16393a18a,9
d49969ddf3651f0eb3aae081261c39d67a6dad5a,1
c91a91008cad53ca64806e0b8f6abb65341faa0c,1
92b4c050906dbde4cca6d811e5f4804fb11d1438,1
d45ad8f827cfb85ff6932398f153172cb72f9cc7,2
fa3bd72eeacc52a2ebd19bf0c1e38292a6a55600,1
d3068125c5e449cb3dfbb85b9a5eff201f805024,1
e269e936e3e79f31aef85986a5ae6a2b84c6ad88,1
0d2645b3e12b14ad613d977e366fb64596fb97e6,4
9d0e64a725290233d6002017147c578ffd32c504,16
9e004a94963771167bb3f5d6fa51ccd671a27a19,3
5ac08a44c6e22c1647f059b06cbd9876f45eaf11,13
c72b1c58931c261d136f0ef9d4e92c0269d2b358,1
c65bf647566120e7e757c567e03fef5d963b3657,1
720143306062be48a42a631712f871a45915b66b,1
7bbdbcfb6db4c6d35e4aaffca06073dd2bfc6719,1
3f01b222b2b4f77cff66096dd5a18a64828e1fa4,15
Marlin/src/HAL/ESP32/WebSocketSerial.cpp,48
c929fb52dd5ed9b265f93e3df4b69ac8ea581735,10
11b407045ab47e862eacc32b47fede6c6c58261d,2
811bb7997cf34f6d9559c5f281d209445c4fc123,1
d932cd9be1616245f116bfc0354875a242724017,1
5e5dfff6fe72d941923edad8fbbae78217ec84ec,1
107f692de8ed1c8634048c7ccaf519a2bd868be4,4
a1019413f4998d7cf46d69e03f4e919c59c72524,1
b95f5c5bea26ce50c73df3f30241365f220a623c,7
8c0cb6cce8b02f0f5f972ff8ebbd7c6a8e39cd44,1
ee93101b242bf1e96cec8b6bb261823c4cb9546d,1
7f4c5b86dbfca29622474ea8572c8e3df80089b9,2
9bf33e4dcd656e950902a49bc836045058552942,1
876c2586b9146dd123af4c7b21138b8239ef5d39,3
b9ed139546d4d35cf925926e93f76d80245db7dc,1
85d61de61cd6710118139335c42a76e6b2c65ad2,1
b8186b50817d33999a414400d82d876da7b40ee9,9
Marlin/src/pins/lpc1768/pins_MKS_SBASE.h,0
fb67b9bdada3519e67138ff1c3e9e78d462662ce,1
2c983d6c7afc6bd88b900fcfbadbeb1308079fbb,1
7c28d6b8691963e323a9190f3985b9f963718a35,1
53035de1365409046fb512cb72ee7b7a16571c4f,1
d7ca3ea27c9e891907949029c12f8c9340ea0d95,1
c12be1f98cf1efdc6fc1e66c528d5975adc6626c,2
Marlin/src/lcd/menu/menu_bed_corners.cpp,11
90be1c3fa77b4fd5d504131ad06ce5f3197a5811,2
727bf7dd8cd5f2f1f980fb2c6050c4d177db6246,1
e9425d711d1493c969e398287db67e36bafe3ac6,1
9d42beb2e655d4b0d34332df58916d18acd91bc5,1
ea8d682664ba769d240b61e35047c84253fb67d2,1
8f7bac49992c6df83f98bf25fc28caa8a2edde12,2
3921369f98f39280800b1c9944677e9644278106,8
a243996aca5ca1968d16bd98e1833ba175bfe7bf,1
0f612d5021eaef366cee80d4068d8a8f6a081b1b,2
14567f3459d23f6cad0ab055a839b8f2652de979,2
a54154e760c0e3012b7841b317b277353174354d,2
ac10fdc50f4e175745457a81d20e66ee532d9108,1
90c0194598791b3b49765aaef08657f6fd0a4e93,1
09d07f76b3ce3b735b9f4b634ba217b27c877fe8,1
d33fe2378c25d258b02440aef6cc31e36753f98f,26
Marlin/src/lcd/menu/menu_bed_corners.cpp,11
7b9f7d8aba2f548f91278b465c0f833f07e4dded,1
0681b8096c3f488e677b01606481f46152904485,1
d879853e8f9902a407dbf3282fa12fc7d49d3c94,1
0a279cf6669283f120b8d8702c401df984269886,3
c0870d417a68ff4303100f165282d41be9129a5c,38
ac82dc418accba6f0db92693d99c7b5775c26451,1
144272e735edeb51331043b1437d040e65e40e51,1
d62aa6221bd905f4d4b9f26b7818f1bf227fd824,5
68abaeab19b41824bc151bc0f65e76ce8a2e4916,16
00bc0949147837f03feae6fcc24a70ddb563dda9,1
84a47a66919405588001b673213dc08a5cd56469,1
03b53ffde1ab0887459fa29aa7e5e4b02664f9ce,1
ef14b18f8e65343e94335498607c846939688074,1
3f90ecfd77b608908d9a945a79518842f6d4471e,3
Marlin/src/lcd/menu/menu_temperature.cpp,5
a275e4e5b8a5a36d15b3c6a5edc588a34da6a1f4,1
fd45854000fc3b4678d3e0aafbc3590afdc6849b,1
a10626705d66b8133389eb33bbb94e31503b210f,1
0cbc44d8bf268a2b44e07f16641fb69bbd63add0,1
Marlin/src/lcd/menu/menu_temperature.cpp,1
5c93b49a6f85c2e83f904bbcc4eedaa32aba8398,1
df238fe6a00a2e4a2299cb52d51c883c58015a60,6
f1d4713097313813b53f8201a7bb9fba309f3e39,1
d0f953218f928f8b79d42818d8c93a8903b551b2,18
fda9fb563bcf71aa00c38a8273c5444f4733ef9e,0
Marlin/src/lcd/menu/menu_bed_corners.cpp,0
49b5e1d9bfdc485134b71a783d594c85c066b414,6
Marlin/src/pins/stm32f4/pins_ANET_ET4P.h,1
eb84acaf5babebf5f23567723ed69f33058441dc,1
e9364c7cbaa4f2cd42b84e456ab0fe25cf080d90,1
08f392cdd3f90176802ca235f122ec6e28a3f922,1
bb597dcf66ac0baa3f3528bb34c3b4aad78ad520,8
Marlin/src/lcd/menu/menu_bed_corners.cpp,3
fec58157ac12a06b801710d97b4376d6ee0857a8,4
Marlin/src/pins/stm32f4/pins_FYSETC_S6.h,0
6be8ffb771bdbc5beccece8bdeb585561c6b2e29,1
1b19eed195cbfe182a7c6c357603eb08c011123d,4
fb41413b7614a256302f4bfcdb7ad7bcad50f7a5,11
40c8f2001d2274dd34868d2e83ba65a09bcfba17,16
b41f41589a1c9bbc1adc1ceffc42c0c87c805526,17
Marlin/src/lcd/menu/menu_temperature.cpp,1
69a6d26c804741221fb43c673f87d647d79eafb0,1
0fef29b6e33d963001980b272bd895d5c505377d,4
f7e2467da104cdac35533460a392376de840b832,2
dc44edc1b8760a5313f686a1ef20a4c9076ac1dd,1
ca53d88284d330dd1d389dfe61c3e2f3ed0cd295,1
5e46f63e17c832e60144c16ffd494c4a3978f2d9,1
43a91e5963c7563c4db3fcde4f4862ea0f9670ee,2
Marlin/src/lcd/menu/menu_bed_corners.cpp,1
1d5862a39b07f0a59039109c4121ef504ee2b2c3,12
7c786506e1f59a51767eaebebe5fa6b78f6b08af,1
d03c3980de30e593e3336737f6da45f3bfc7d42e,4
9bbe9455cf57c2a20c8057b945ba9b12bed904d6,1
6376b683c78ec410ace0765ba91314055b78d927,4
9dba7cd371b15cfb36cea833637e99a5ceebd2a4,1
49e252df0393cf41638314a7afb73ce6e7002a80,1
8049db20ff3e543af03dbbaa418aa17e630e22a8,5
ecf5f5d21d5c9dc7522239867159c82795f96bbb,2
12a39450b061b2dc735378d55a140f721f47eeae,3
c753fc690f6cdd181213304224eee029988ffd34,97
35c1b330ec62e698a455176330e7d75600af461d,36
a88ae2080c8992c9bd1d6337754a0a4c3915f999,1
e8aa6ab7354ee438067c605b72907d9bf69df3fb,1
f2726399dded441ab751471a8058831636dfaff6,2
d47e6940481e33520a9c22dc7dc89cfc2ee6814b,1
44c57ab05a8f909b85f51e08c90316b41e50c455,78
4a897310252341f203371cb2e99f93bf9c035143,0
Marlin/src/HAL/LPC1768/inc/SanityCheck.h,10
Marlin/src/pins/linux/pins_RAMPS_LINUX.h,4
Marlin/src/pins/mega/pins_GT2560_REV_A.h,13
2b928b475419be018d9ba990f28d9cd5aecb69d0,1
923ca6f1040da915c1e983c3de623283e61863e7,1
4472ba2b6bc0835d0fcc039ad66d9dab40e13010,1
7f3dcb3e8a8cc1a82c1d9315e9fada5ff59058f2,10
a26f2fb00b523ce0d91d22dc4e0b299f1fd62fc5,1
8ff87c120ad20892b9037276a2fff3f790654761,1
4327b5c1b0df34f56d3f2274c6f114b6720c685f,1
d6de6de1bbe796181c342a633ac9487e2bbf2d6e,2
9eecb2f5426ad14c8094ead327f934ca32e29230,1
54debf855c333dfc8ddaa501c7201f035113e0cc,2
acda53aa1c386324b6fb2cf30c77f4e3d06914dc,9
71921bc9b274e3905a6efbe3864484d148d57580,1
bc5c52dc95ef275db55ec30dce55ae6a99319d0f,1
cf1f8aff7781c221d76c671e94a88d6d851b2d4d,3
Marlin/src/feature/spindle_laser_types.h,2
d78f2926ec325e8d336f740cbabafedad6148cd4,1
46916d322e57743e1812fa588a0171669b8e8988,1
299f849ffab3b8b31b7d85d0ff4797a9f9250bd0,1
bbf06152daf6bb2e824c4c098e523588543d4be4,3
8ffae97128524d404ae06253aeb8085ee25fb91c,1
d4ac8bc67bd9c48158108210b6fd1c06e56e69b6,2
8e1637a2cc3bbfb987a3482b169753c47e0627a6,1
4e8d92bece4ca4ab05e1620d84af2c0d5e691a98,1
4eedeabb51ada1f18656567588dfc750fa19bc39,1
3009707723d490c7dcc71093f5c461c782c16b18,0
Marlin/src/pins/stm32f1/pins_MKS_ROBIN.h,0
8edcf03715953d7752a3013662362c8a93f0288c,1
abea8ff8f42f553aeab59b34e9c3b8d5c2afc7a8,1
3dd1fe42112f18792c5e47c3eff110870a9c9f13,1
d2969d2326f18470583a7e9c6cd7e608e471afd7,1
e3831c146d635530f0e7e3af1afc86186038cd1e,5
218de578e00f4e3b6a5f46d6c739fadd5a25f3b1,1
87fbda834410a24b3472c2a6ad14ff589547393f,1
e9ab6c10cf87c58c60c76e05bd59cb896a93fe83,1
1eb592550c905eaefea4ccf16665187e11206a3e,1
dc3cfd0d9dcb874a160289df24bc812757eba3a5,1
2f17f2207a056bef5449869161fa56e50011da31,4
d2e1e9a0ac260c56026279ac5657fe81ec399c77,1
c0a3931595a18bf0cb7e1eb381483aeb520dd5a9,2
55d1938977e310648602e1b23e9e22e8fd6838b5,2
3a99d001ff87e33533af324f28d50977eec1c1b7,2
7033003c36222fed71ac5d1b7b9834fdef0eec82,1
21c7e699f13335a3ca5c9bb3c4ec7deb8e6a5fc4,7
Marlin/src/lcd/language/language_zh_CN.h,0
208200a3ccd4e4d4b22569459a4785de7af5406b,1
ba2cadb47934fa83f576aece2c45f1b6cb5829cf,1
ca47dffa35eb5b47ea96a872d1208ec5ebf8e130,2
548d5603eabb95715c204940dd27e027812e9088,2
6b458676b1a5477b73ccdd5071ee322fcf23f814,4
63448f324405354074a84f965fb0b9b907d7052d,18
2d88bcb67e558f508f37b16b2789fd3e2b1755e9,3
effc37362a933c08f41dc8b1de3a782e1cc0be9f,1
3ba80d11ebef9a74eb0e1c6f967944cf5c1eba43,1
edea49f9a980a58191661e7eceabcf9f5df40709,3
1d63fe6542d761b00d3e76296e02f600f0a83c09,3
87d32647f14c137c6b520b5c790acbf72518e8ac,1
56a5d0b2872cbe2e5a3b09ca3b668eeeec8e25b9,2
f86765a760b1530bfac0937aa1269da4c9284f06,1
3efbd454432e54650f596601d27eae1e86b5be98,2
a87e5197cfb2f302c3eea9271b4c25c49df3ab6b,3
5b33afb1dd07529945af1d9d85bd345bb9fb890c,1
b0585e13d84758e344f1b8bcadea32534f56f455,1
e685950d97ba6cf2c55f935358b5eb7215e08ba5,9
5eaa10e2adb3829ecf6b00cda2ee051717336ddf,1
9f53738339db172635d38e7a78c87890d7b5a636,5
b9d9e74f2cfce8e53b315e72366dc49c5550c4c6,1
4402a0578a9fa5c9743eb5774224ce206c618ce9,1
815c636449e399651ee0751b63ed36f2d28415e0,5
c840bbc970c2684c2c9c193ee967c03dd621d99a,11
Marlin/src/HAL/LPC1768/inc/SanityCheck.h,38
Marlin/src/pins/lpc1768/pins_MKS_SBASE.h,32
Marlin/src/pins/stm32f1/pins_MKS_ROBIN.h,10
Marlin/src/pins/stm32f4/pins_FLYF407ZG.h,0
Marlin/src/pins/stm32f4/pins_FYSETC_S6.h,13
b530db948e3c553eb3c80bd4bbe5eeef8c6dbb5a,1
a9d18f0f57d7291d862fdfd11bf0684ba414f770,20
811b5f8bc39453b0402e7fbf8fa0883ff866d1a1,1
4ad633bae235f0a47972d6d7873e614b8286d914,1
41e4124af9cba37f1e7cd598f47bf21c51d00488,8
84ab088b4093c997d3a3e005ca90bfd756839299,13
d6a56b882fb0b02724086b8af2aa123ec8725c1d,12
buildroot/tests/STM32F103VE_longer-tests,0
624bf10ab50cc445b7f1a9480d6762e136067650,1
buildroot/tests/STM32F103VE_longer-tests,0
90a2b482e6e59079d7cad1bc04b87a82fe99816c,5
aff4fccfc33dc6b2211bb3999fc8971549b4cad4,5
aa4119a849f86432ec3ed0d60384c4e195dacc6a,1
a8c361c93bdda3110d147c5f47f96f57298c0a13,1
a3fac744c7dc3b25be7f081817ffbaf2efb655a5,1
9eaa69874a6dedb2a2becd90bf0b3a34734dc72b,2
28a3d95cda797bd585f8f2dce5966bbc021bfdd3,2
185e31d322bb699e171d4c6a6fc5d6f34b40cfd3,4
2ce9fa4b9c960fef703dc0d5cf31b0d312737a74,1
Marlin/src/pins/stm32f1/pins_MKS_ROBIN.h,4
cfcfc8047afb09bd3da8d3e7bb49f066a977e6d6,5
91c350e7932a1e0fb0a2fd82f7d5e10a36ee932a,14
84a1fff30298b99f1fdfee8bba4caf6437f7d510,1
e83b7edefc0153cb9385ad2511d3435768b994f3,2
81d7bd8f4114a82a79933340bcd644d93d2d9715,3
Marlin/src/lcd/menu/menu_bed_corners.cpp,1
31af49e5070894b87243ac2b39d121f99bf4b8ab,1
45996fd20a71e711925dd5094a6860ec70624d4b,3
f423edd938dcb593b58844cd7dc3b9164d792686,4
d00c89946dac44326dd1eb0fd381fb404cfd654d,4
198b3ae0f81f9524479741161ba88306766c3e6e,2
719404803b7b5967d49afda72fe17660bf5388ea,3
331ca6a800705707b07b82b94275c5287426a09a,1
e2480d40d138aa822f59ac1b317d539238b77a3e,1
4b860f1092e04d24f02cd986ee87d07da43a783c,1
1fc0dcdc9701146d7e8b126bb3ba0517c172e484,0
Marlin/src/feature/spindle_laser_types.h,5
820cc69d0a5891cb365ff33e835c585d34e394e0,1
20073246bb0b4dec456eba55a7e02fa592d2d852,3
57e94fb838bfd6416b2703d08994e638b0f3f82d,0
Marlin/src/pins/stm32f4/pins_FYSETC_S6.h,1
e6c15eee45cfb306a4b52a7e60a61599cce3fa54,1
f0c29afe21f2f1b2bd6dd2c5f1f3e6d819da549f,3
4d6b6bcffc5082de84614aea0bdd2b280f503430,22
f8c6de0cdc04b9ffa311119ef12f16db63538e51,2
9a60f7a79338ff65fd7779b62bd2264a6ced8510,1
844a8c7074d555bda31a53ae834cee5fac020ca8,6
2d88a2cfb7a85104414154ae66a92b2d63dda352,7
59de35e749ee6e36ca5fbf7eeae32f34d78f3cb0,41
28440867721b5c614db604c6c6e82c4dd7ab41cb,2
2be027f92ee040999157480517942c085809a27e,2
34d9cb67784c3b097cb027db8445424c1b183b4a,1
6af6a35d9d5b1af8cb12002fd71e986f625920ae,22
6ec4e744c07f4035312ab4f8d377c9c2d2154d5e,1
c87c354403342ea12fce220116665e22efbe8194,1
Marlin/src/lcd/menu/menu_bed_corners.cpp,2
56fac55a39a1c869a8561068120989cfd9ea6a31,1
de9c0eda3665c8db3c291bd1b756a09a1518bf53,2
c559fc82271e1c609b7f0211ce1075c4a1eac815,3
cfad5cb4356f90179eef636ec6c27db242227fff,5
0b3b4da7d0ec2015ca7b8bd346e4f6af3c6f5886,3
a0c8d348a0baa179a13bc47be6edce4bb652dac9,15
Marlin/src/pins/stm32f4/pins_ANET_ET4P.h,1
08dcd1f680423139b19d4a6f0bb9438a9aeb5fe2,4
91730d71ffb448728a8187eeebf205138e846b69,6
5e3be83dbbfc0ee60a6b43246b998616c4d05ae5,3
Marlin/src/pins/stm32f4/pins_FLYF407ZG.h,3
c1b900aae9d2b57c397d7687cb7ff1ed7edf9518,2
094e82207087fa40e0dacd6910c413543a20dfa8,1
82540be931940651f247e011071c1f18c0b96ed0,4
36aff1e4646ada018512ff0ee0c8a27205d8c260,3
ba1176108a9ee1e8ab8e6096b7ce8ce3144f7ac4,1
9b3e16cdd0c9f534039e02f6bd78b2163dfc6c9c,1
34b6bca0069c685df5ba9f4e91e4382682656696,20
6429be6efcd23e05d1efa0380451157430c1fb72,0
Marlin/src/pins/stm32f1/pins_MKS_ROBIN.h,0
ba16c5321811bfb1e944fcee1619742c70ea8f87,1
0d95f67f2e82bd5d1812094f7fe7fd6191d1c331,1
3ec59b36ebf9aa009ab6a43f2d8a9d28abc8b284,4
c7ecfe28e7ee83e88c180d4f6a859969513c599f,4
7afd274d0ce9c7149c3edf3bd23aadd28154ccfb,1
71bec0824c7457a922f2fc53ab79f8a9499021b8,1
4764e2c54478d266a8ad16f9532f1c9bd4104c4e,1
777c50a1ecd68c8b35531b654498e73bd5078b24,1
d8687512b1b98cc88516597d66d7f77c2946d074,2
62cc65cafeb79626e6ff5520620e7ff29cb36304,9
Marlin/src/lcd/language/language_pt_br.h,5
Marlin/src/lcd/language/language_zh_CN.h,0
Marlin/src/lcd/language/language_zh_TW.h,0
0a99f8feed0f8d486a17315ce7412f03f6f166cb,2
6dfcd491d02a6ad99c0d43d92da0b14d76d67228,1
2963229dfa6648246951de90e4a86bf537cc876a,9
7a168205eb2463022ab1a4306bafa8152ab2d8bc,9
9a8f8f8284cf0f27aa696e7c1b74bb7196c273d8,7
57f4d0523e1465bcc459acc3bc57ef9476d4a172,1
45b11553f40c48f03bfa10b542f27a9555cb2583,1
e5d0b27aafa9c33931e2abf668e498a3532b3dc2,1
Marlin/src/lcd/menu/menu_bed_corners.cpp,3
a33ae10c568522ad61ae4c05d49c670a31a6b3c2,1
017d97fd0ea5d10aafaf677358ca9224bebd870c,1
b167cd242754a6e451d5443416c30774bc969e4d,11
fae3c860a124aae5b3ecce14fc021ad585169dab,1
e9677594ea164319dea1c6cc2dc905237ad0dec4,4
7b9ff164ccabccee77567c2611857e779f36fe48,10
978d93af8875c32394c2a872d8cf04d60d24edda,1
31337826a3ed0630baa33e0206a47f267725bd99,1
fbcc07261d944222cca30ef8590fb387f53fcc70,6
20b3af1cc2c4a5e8505d1aae3419ab9418ed88ab,13
6d47baee5dfcdfc7b8753eb76f4fb01be2fb5d4a,1
c6dcf9d0067fdd6c81f8f229dd18aa34ac84c90a,1
f934b774a173f6cb984fd524f8950143c8a7c82f,1
e6fdf530b868e4bb4857da6f5b23e62cff5e17c5,1
1c4f125cb094775f8947396b8063240453df766c,1
3f93b8baed5cc905267674b6534a229a9bfacbf2,2
637123f34013a7a094b7bca5e298e56124d477ef,5
7243ea549dee2519fa24b2a3f6810a28b46b2331,10
Marlin/src/pins/stm32f7/pins_REMRAM_V1.h,0
686bb056a44369f19a98964d38a68b6857d5a83a,5
1be16e3d8c44965f2e3f58b2845f9ac8ecdbc74b,1
69999f962a7783f0a79c4fc87b62caaf07d93187,2
5a6fc3e5b7e4f834fb63603fe663ce12ac5e3ecc,2
7be57ff9f0ef3158e6cf4ce7ef44473d09702478,1
81a0206df8b1eb2c3e99c3bffbb6f26324691339,12
buildroot/tests/STM32F070CB_malyan-tests,0
buildroot/tests/STM32F070RB_malyan-tests,0
buildroot/tests/STM32F103CB_malyan-tests,2
buildroot/tests/STM32F103RC_fysetc-tests,4
buildroot/tests/STM32F401VE_STEVAL-tests,16
80bde7b6b52a752a3f9b7cd925bbde4a0525c875,3
e349a44c6013a4a9d8d218e02dd334f70f3a79ad,2
fbefe55102e52f0a93e35eb8d6eea71e1463ce49,1
dee475cee1ab01dc4b22e3d9e6f5a813c4536dce,1
9fd358f10cccfacf210890e788fb8ddf73335bdd,1
Marlin/src/HAL/LPC1768/inc/SanityCheck.h,1
8c0505395135bcffad426e5d557742838a9eceda,1
b0392be4bf872954d0134c90cd027ea3610d5b9a,9
Marlin/src/lcd/language/language_el_gr.h,13
Marlin/src/lcd/language/language_pt_br.h,5
Marlin/src/lcd/language/language_zh_CN.h,0
Marlin/src/lcd/language/language_zh_TW.h,2
c824086825c6763f45f145326adf33e050d88490,1
1a9644cef97814c4088002027f0dde2153b1c5af,1
8723440d1dcdcfbd979e11a5fe3111500a6ee407,1
ea9b4dc82c97450c6b8d8c5489efcd1d6e2844b4,1
2eab92093500784a31175112e64887455b76d274,1
087a6fea13bb9f9c1f261607e7b7dbbca94a4cbd,1
9c9113e225d746a0391528ee1d1ff4a08a07b28c,3
8f008ac75d818d3bd319e27b93178fc2b0e75549,1
8a4f8e72dfe1ae0c25e9a77caaaa6d1453b0d096,1
43222d5879db55fda108301ace88f4225f8d0f6d,1
04a3bd0d34c1a749c00b60c4eff6385ea8af977e,1
af70e80816c33a6f44b3ae2cfa8df554e6be3490,1
22de37ad5037eb829de9e817f74d25768bd8e117,1
6cf4b888e1b6723ddf0a5cbe3fad27940a29fca2,2
65577511996fd14c0db028bb36525e6b44818fb3,1
6e4925e6b6ec2053865e5fd86df65882999f85eb,0
Marlin/src/pins/stm32f1/pins_MKS_ROBIN.h,1
3404cb1fc4eced0f608cdea4e752e20daf9f9112,1
f3bddc4e4eefbcf4dd6fee946b4b7d305ac50686,23
3e68e4b4185dfad5dfb4fb78400783c716edc52c,7
edb2a83e71105c67982a099b86578bf60ddd7b96,4
2a4f8acd628254b1a75486b5caf9967511c0c7d5,1
885b0d2ec5f431d07aced632746eec5e7e371b6d,13
66834cf32488ffee53c352b06491972bee39d955,1
9ead6a30f2876700413802d2d1445b9a33f05838,7
af20db4512d7c51b7c033adfce43b0f1c539c3ac,1
fee375f31f655dde1026152f0d2c13c69eb9bae8,1
182fdd95c3cd0151747c9292fe1b27febc43c6c2,1
7f20184ebcac95e7e8542a1a24d801af6f594596,9
b04914fb720c657e10de2b19c595e9bedb534e79,1
2ecb4fad72c95e13344b512b38dca720b859c46f,1
ee4c2b36b8f06ac032cfcac84ca252fa114b61b2,1
00143f77d08bac20d1bedf27326f907a4cca8381,1
1a04c8c7bb65a4802bc5fedad442b4d1bfc41a89,1
6f4589b375e8adba2c110dbd5d1ec5e80a9204ad,1
139a33c9fc864b3d2546398e3366a49a0433865b,2
a3f6e48eb6dd45e764d0bb5845ea787e5e4e0c8c,1
a8dffdebd4afff1f161af492086e95e70bf76928,1
889695b6ba54ec56ca7ed7fd50d597c29a854687,11
bf4c08bce1c6bbb5c2e7a44b9bfc253b242022ce,1
9e68c9a214e3eed1eafff46851f446d275475dd0,2
7a6b742d1263d7ed0e4ea4dfb3fbdf14124401dc,1
Marlin/src/pins/stm32f4/pins_FYSETC_S6.h,1
2dbd2063f87e8e91d5d1ebd42c027975498b29c9,1
e8ed880e6256704630009e1ae911bf476e09fd1a,5
2c8f5662313f35fb3728fb691615977ac360cd3e,5
21ee7b1c862230e58d68bd8a9a81e561fc5df1e2,1
5fdd949115ffe92334e3111e1906022fc4a93a3a,4
0a03ef4b6fb4fe52769f4d84255e7fee10c04b95,1
71db4f0426da68d428febe6b885cf8b5e64d05af,1
465840e1fb2dd5ce4c996d78ae8764f0d8ec8ea5,1
d17db477753067982b2cbf277609f4d66b0b57a9,1
517bcd2b5d4a1ade507cea78c0961130480739d8,1
3eddbc7286ce2dd5a14ceb848ef26fd1dd7a3c4c,1
a1f319d5b66f80f96ab1a7037b685d942b34c5e1,1
31352f8a8a4f1019d235b9c48048676828fa5e5a,2
287887606440df467f7e4dcd0feb541990f254dc,1
7bf04d1526660c7674994fa9cd8bdb0ea35bdc55,1
a4d6908d556afd77cf66ef7a8adc7c34fee81674,3
a4618309ce9746a731d92a69ccb49183dfc0828d,2
257dc6d1734d616f8d4d9628433f0d00bc9cc58c,1
753cf994b6d529da9c8dd710a24a96b0388425ee,1
c353eab8989878d8c47603d1f87e6179129877d0,1
7226f6834e9aef295ea3a7c2599e6c5a0ebb3c10,1
2e010909ac06bb7e91cbf79a9622db8ee39fc7b6,1
0d080cea83b2666c105613678de212d7c828cbb1,1
6f4381df53235b4f97815d07ce560d704ad550ab,1
db8fb9a03a1a8e13e55f82b537468883065a251a,1
87ede6fa1b2ffb81d921264958b665f17b7326ab,1
fd35d1b8a6e08a72255a0b2cf9ddc1cf577fe12b,8
8fd8772a6fffe63d99d0b88aec7a77d283df8584,12
Marlin/src/lcd/menu/menu_bed_corners.cpp,9
0f9ac3026de3a95bfa62aaba348efba803fbc1a7,1
df0a0c9490346f57e1b8224cb0fe7a1ad46d76bb,3
f2b9be6e70e1709010977f2675308d21bffe6977,1
39abda874391695cfa227acb4521fe88e7ac00aa,1
dcb101224f3c0e2ceb12f81a91c13ce16468445d,1
e7e1dcf19049448328ad9fb25bbdba9e59ade3a9,1
d466ac12ea1452525456b0ea3f2e257f954abce2,1
1c7f53bbb27aae47a2529f907e8bf26f7590de7f,1
0acd751e2d99e3ba53dae69651ad25282ba6a058,2
bab660ca7d4f2f22586375e44d97678d9f7846c1,1
109f68f7dff0b0539d6d522ac3b849b516394ae9,1
819ec462b8440172c32f009adf44ad54c266c1e5,1
b6a32500c401877e3ee1300fa613e81086bb31d3,16
c61a311c0da25f2738e05c649cd8c2acb790cf8f,1
5cae4e9f55a851d27efce52b7d67bc9b231a0654,1
58ac815822b4c04f29b66ddf076156e6b4994749,6
Marlin/src/lcd/menu/menu_bed_corners.cpp,4
3ba374a29eff40535e72267f4d5cf89ca07a3ce6,1
7ce675e60497f1f68ab1f3753e3d114c9418dd66,1
aa2ced96e05de394abf34cb5b75046f823aa4954,10
8c59212ca46a3a9f721b2216bb538c0b42a3992f,6
4f4843a84578dfb27176fbea855faa407453e706,10
Marlin/src/pins/stm32f7/pins_REMRAM_V1.h,0
3a396a25dc9e33be2c18a1bdc23600295e42c82e,20
Marlin/src/HAL/STM32_F4_F7/eeprom_emul.h,28
18853defdd2189ee595c6f8c2e4d8a16e41f9ce1,26
649965ae32eca5140ea66d1265a69576e2a2c669,8
afe5027a399b10d9acbc469c5af87e0717f0a90c,1
04c4c6004e752582235357b14aebdd5ff579f477,2
2693e35caead85de734735c852de52bebbdc818b,1
e38abef720c419262b89b21467857565aa10ebdf,9
0eae28a6637ad5f3b960a5b7c6fdd4bed3b1e6d3,1
b28b2ca26674219d6654cd287bb9da30c91b2231,1
296a2ad7e45d88a10db4b3305ea183e5c0c177a5,3
e9431b5445e23ebef657a90a25fce2b424511c17,2
4258ff1a689705e1c002d354a17a6fc2f6b2564f,1
ef12425befc39fbb6ecedfc1b2db278ca43f86c9,1
62680bb356b4449661145ecbd6978d286c639a23,5
94fea59e9d37c4117a844538b9a618e686b13dd1,1
a4e1132048ae980185c87b9bcee58fa87ad8fd36,1
58eaad703a5e369ab3bf6a1d325b8775d89ede0d,3
6f272e13c5ce132c0bd7fdc2401ceadad5f3b06c,4
9dedd121bf789b5289380978979e2aed5ce58b38,1
315cb6d001a4c5a9f7ba30831f97565518a13ad9,1
48b0abc3a887abcde2d1b33e936a31de24acb99d,1
d8a3b9eb3a891258ef3ba75052b0f2ee78a167b9,2
60e8c7afb26c0816f353a81cb73c0115ac7dae51,8
e19c016c74c9627afe7c4527dfc08d5c77539261,4
89b56ca5c2b68412c282b7b0bd29390f940f5594,1
ca83e1a26f1a386344803cf5326016a8f8335008,9
7a04df47f254dc80defaec376d76c113f50dfee6,1
8db72d027e8189130e6f03244abe337cbfd6dcf4,4
6851909f9031ab79fb5ab4492189edac85904496,8
Marlin/src/pins/mega/pins_GT2560_REV_A.h,0
Marlin/src/pins/rambo/pins_EINSY_RAMBO.h,0
Marlin/src/pins/rambo/pins_EINSY_RETRO.h,29
Marlin/src/pins/stm32f4/pins_FYSETC_S6.h,1
7e902b7e295870bc3d4b69132be5d7e2c2634902,2
f8e83f79c5012c70bae788308f8665f117c4f93c,8
Marlin/src/lcd/language/language_el_gr.h,12
Marlin/src/lcd/language/language_pt_br.h,6
Marlin/src/lcd/language/language_zh_CN.h,0
Marlin/src/lcd/language/language_zh_TW.h,0
615bf2a6f170ddbe4fb393600b743dafb944e9e9,1
474be6058ba3f2d9c2d962d23ef10f14db52cf45,1
fb3f6a46c1d76cfe9e64b36812fde73c71e073e3,1
b3bd47b4b2d966af1241d63768c151559222cf78,2
28e315cd69ba3b5c2049f31937b5876abb1a0578,4
0e3d86579bca76e7e47a0fb89064e33514519a67,1
a26a21d19a3f0f5eaa05c85583618a34aaf2019d,3
d8557547dd6ef8a64e926902e4206d20da79adb6,1
fe88fb7ed96390962afd900352381d951b5005c3,3
19d0c985be10845ffd7ab8f5267f927aa8d086ae,1
4a0fc4d69999f485816b8324178650d8a08667c1,1
931df1231af94f3219b7344ef82294f1578e2171,1
b51c6d4737f7987d551cea1096dca049e277c15b,2
3893114c86c195d227e023c9e702197b54b2636f,33
fcc29fc189d6289d01f3983867a17b63191035b2,2
d7aea9608e433c2fc3ca7a837b48afe362ad2c13,2
4c5a58a5db6f2407b7d38518fdbd7caea6fbef33,1
c059ea0ea058f7206847e5dc37fe6d6085fd8f4f,1
6a8ac21f8021d6975883aa283672564ce98a0aa2,1
08c5557026e3cb008955181e7d07b04a8cae2a35,1
cb2ec628df4ae2cb79b39aa3d51273927c849340,1
acdfbbeb869c5d5cae6f83d0a5588fbbdf7a982d,1
8b72cbebde8dbae671467e8d49193c1298051404,1
41529b65988a58ba512977e0fe1692aaeeb6c811,2
Marlin/src/HAL/LPC1768/inc/SanityCheck.h,20
Marlin/src/pins/lpc1768/pins_MKS_SBASE.h,5
11b811820fc09ad0a183ae275006849309f8ec78,3
39305aa47c74822badee716996369b12976ba668,3
caeac3851ab74ff16bd57003135d30272b25da5f,3
04a3ece3e03d0de7d9e34775a0c38cfe2f06b164,1
f1cdd02d4cf616da632bf2b7735e1ef7546a936a,11
c1920f31cac6d955cb9b366185fdadbe269cf7df,1
ecd8227de0c17427f9f8d76cfc279acbc5a0a188,9
5768ee0f9ebb09b69b6e3acfe4f1b4876291f169,6
50a77ef7f05dd4ac8b5ed3e9f3e380c5da7ef50c,1
75924edcf8e129e90119b86ec8a61176bff12c95,3
1cceae89cd7bed44b6de483d79517ca55694b13d,18
buildroot/tests/STM32F070CB_malyan-tests,0
buildroot/tests/STM32F070RB_malyan-tests,0
buildroot/tests/STM32F103CB_malyan-tests,2
buildroot/tests/STM32F103RC_fysetc-tests,5
buildroot/tests/STM32F103VE_longer-tests,1
buildroot/tests/STM32F401VE_STEVAL-tests,27
26ac992242a12441fcac306c462f69e94d46d4f6,1
8c4a06d85513c0aaa0301b01b9ed195e543ece3e,1
51a1561ae932383b09254b0139c2ec8ea3d99e13,3
a15ab8555712c1ac7c9a0831b7185700b6979b09,1
9b2e810bdf1df853719c6e3c2c2d4af80582263f,3
b57ca6e4accb8d438fa3277de80448fbe9b01823,1
7930fd9ce8409034cf4227c6da53d7f2e7db663a,2
9767e59e6c4d1a71492fde638546dc836befb093,1
c12e6933f5c25c8bb64b913edaba19903cf8cf55,0
Marlin/src/lcd/menu/menu_temperature.cpp,0
59d2871b5935f1319d80cc47e6febe2f0d9cf702,1
4dd2496530d3d42205aaf874bcb6f356685aa464,2
110e0d782f50082819101ca39ad4e38300046467,3
e955dce3dc08163cd8c83d8a87ddd1357acc1f97,5
101d57d093a6eda49b7feddfba3ff50ee80433bc,1
ea371618da71dc43e6aee95a8e479c8797867e04,19
Marlin/src/lcd/language/language_pt_br.h,25
cab83ba840192ec09ba527372055cfa8810ecaf4,2
8d20a83e094428ad59607bef264acc3f888e544f,1
c5e411f49218535cd71c92b26bc226f9a9146e7d,4
189306d24ea6bd9e5e1a3e49f5e04722af7cc082,1
f9e54331bad2d529726929fd3eba1c588a9a8f77,1
a97a1ae218d141a32ea7c3fadc64672d845b8bcd,1
a6ff61d52e354862a35bee2b404e6718a339c99e,1
c710b6e06cfcf20f95e1b55dd3d0fd1d32bde63a,1
1d43e81be01391ebdc451cf9b7cdd3e425dba4cc,6
ddc997c81f79b0ec13d4d1c956f085245fe98802,1
988fc202e260a41bb246d978a2620685a7f06f8f,2
6aea00289cc96fae1b03d0dd26b3954f3953db65,1
fbc2d2d72636fb9347ddfa94a263adcb515e942d,1
1b0a5abd73d162b68b2881486630f60a1e9e7825,6
99c377b4e4d982c4e8afe388351020efd042a543,4
288eb06708b4d92d55bdea107eb06e1255d70c9d,1
eb3d6a5333c98a9d6e1a434df34feaea1f1570ef,1
37b56e09a3a801a55eface753e041582fa38570d,1
0cccc60409c4b237d747fdf49b648f1cbed7ddde,1
2282801172abdbce0b26b993d8d3be9ab4ae3649,4
f4e9f3654e9be66b5a2234642ccf736a8467dee3,2
40d442fde294faedf839e3a80c82cd72c1824ba8,7
6ccb4b93b153c8872498ca20ec6143daae137333,3
ddc23c62241d4decf376eb5c983b5ebd791108a4,1
7216b8f8045d8295a8072b617d37e8a3822a6898,1
bd6e60f56dc805625b56eff8728d28027d0b5b1e,1
5b9aeb2e5f4abbe152fa4ba5dbb5dd8151d3f6f4,5
0465e0ae3aaec257618d095f7e2b28ef677dbe4a,14
3b68e44d9ad6dad4d1b905aa67f19bf3b08725c0,2
d4ba94479b114df6a6d5220c87dd7bf100942863,7
87ce545e154dffc6c1e46d8d8f6f3c05cae18184,2
f8ee6f8b3176b6df7bc3d23119a4bee36c6ff0d8,9
f15fef90a9cb678826377e82564b79910acafc40,1
53e79224fc404361f6233c19466816270dd5cf1b,3
2abb674c878538557d7f38faaf3c6d3d182b1fe7,1
60aadd2a02db40d69aadcb9ecf629493b8cc8b36,1
6ce1eeb4ae65d1c5523cd81d806bd0450ddbe66a,1
a70fdfaeba716eb38245cf629fbf20984d48ec91,1
f17394d67740e1f5591b3e0e23cc7313b218776d,8
12ba2ad77ea2dcad514b41eaeb57498f71be0c9d,1
59eca253e1518f17e1ffe962ffc6e7bfa0db49a3,5
4ace02f4c2b6eda750412feaa661c856fe7a8674,7
c753d2b7f4161e2fff30cc9061dba5e6d68a7762,3
d5fdc75c828b4f54bcb0eb376bd7ded50610b2fc,1
3c318d0dc79fb935169a17463e8cc683778e52e5,1
5013fdaf796f695c1e1db55e6fd0c59e15aae25c,1
06bf3ccfb7a19c972e5f40816d49e3860711f976,15
dcb0f5dc3b70f22fb3d9391525d260dbd2bef9d6,5
18fb4b1ce1cff0843bb2ac2cb810dd15081747b4,8
Marlin/src/lcd/language/language_el_gr.h,10
Marlin/src/lcd/language/language_ko_KR.h,2
Marlin/src/lcd/language/language_pt_br.h,6
Marlin/src/lcd/language/language_zh_CN.h,0
Marlin/src/lcd/language/language_zh_TW.h,1
45116128e8b2e7a7c6320170da6e46912a381f8b,1
7beebcd315da6587891a50fde1f7d53a8ec57c51,7
883347bc11376608d16c715942113a89c1eb5bea,5
Marlin/src/pins/ramps/pins_MKS_BASE_16.h,7
b5ef6995233f4166a726bbda7d53aa9e2eecc472,4
2da25d67e155fa0bbf07a6e3767a2a15abb75726,2
6954772ece00a5fa2fdd327a6af1a0d593d22723,9
2fdeceda58808015a93d1cb2a1137c0528668a3e,4
53cc8a0d6eca6ca306208eb44914241ec80a185b,2
10fd9ed896bc2eebc4f4d81e02d7f7502e207039,6
bb7dbceb5c3ac338e856e7427bff69be6ce2230b,1
a439892d7a50fba1de9c30ffe22e73600f54952f,15
Marlin/src/pins/stm32f1/pins_MKS_ROBIN.h,12
bd872d5dcfd49d3182b535e06791fb17f7a96b0d,3
Marlin/src/HAL/STM32F1/inc/SanityCheck.h,1
bdfedf249a8562cf54dff54ad67433f1e11ebc9e,0
Marlin/src/pins/stm32f4/pins_FYSETC_S6.h,0
4785b04aa13470ee8f1b8f2db07058d473616b06,4
8c052e43f10340fb73f632e4a29255b2a04f7423,16
85d094bbb4cb6200057403be3d208a29920ecf12,17
97d7af7a23040ca681657c2e29be48c221d0b671,3
0a64f197d9796b8e786f511c17079cfabfacd436,1
af75e24c2e4bb380dc9496cba5fd397f056ad0ab,143
78e10d346ab407ef2fdf4d8c9f43e6327c5c3136,1
c574bcce880e769ae3851304da2a1b1ee19466ed,1
ce904475312fbe573efadf96e125fcf284a8bbd6,1
Marlin/src/lcd/menu/menu_temperature.cpp,1
f924344cc57d2c4503edfdc9e681f3ddb5052b4e,1
323b3a63d68d87de235dbdc04e798756bbd9510d,1
077b9201ef0de16fee6f95d79dac0fbd19633793,1
1f6612dfc411d777c1e12df153b6f35703e54213,11
c43ca39ec214705e059fed9d7290909161541dc6,1
040782802778e1af9773e6114d487ccc84f0431c,1
a1cce36c1ed4d551ce699f13ba49d7fb3c2ce328,5
4fe1adc383283b10a4baa60ad4e4d3306b0957c6,14
2a78fe0f814f6f20008b13faa888de99b8b531fc,1
ea5886c77d303ed6074fbc33239a83ec2a792b0a,1
e9053654a73830bb8d242784bb864b3305633636,8
0be276482ebd5545dc11d97fd7a50c7673ad584d,2
7e55cbf79820b6741d91194b6252623f85c57c1e,1
f131f58124c6f720ed6e9004ce0aa48cebb28aac,1
5a4a6285bb3323fe6e28752dd3cf6c8a9943a03e,1
e7ebb6620055353e1d33d877e36146d69e159849,3
5deca5a18f9f51f1e9e34863a28f167974c451d8,4
05033bb9d6ca4156e127dadd16cd5af3c3b3d3b2,1
83097657d5fffc0051778a72cf39e7ba3a23212b,7
12e8861a1cb838f53cc8f71e3c91f83127eebd82,2
22bf2b49c64ad1e767a9fa9249c40e7ca33f032d,10
Marlin/src/pins/stm32f1/pins_MKS_ROBIN.h,10
4a39c8cd53eb1509e5b39d45f18220d3ae0d3410,3
c05beb74a935c4147bdd37409d80ee8aac32d01c,1
cd89fa141b45dd84644543321994b9b83f159ec4,6
76f4dd34e0ea87dc1cb403a4d7880c82ecc6fe21,1
da60dcbf2ef50f41aa1afca24a44da30b0101150,1
368a581de94c1dfc249a841db76aeb998cbcc977,1
24c525900500b164b5165af127c6f39accf69c3a,1
211073913873b18edd209ed9569d157c931d5497,1
a4a487b0cc0a431c01ac07c8170b8a5f19cffd2e,1
6071a0835ad063ae7bdf1853ba2ca27b78493f64,1
a272c019f99af579ee5e68c9ee4d9ccb69712d69,5
dde86a4179b3ca44d267a1fe675316f8f7740a72,1
f8d57370d00867df6a4fb7c934982d503be48c4b,6
Marlin/src/HAL/LPC1768/eeprom_sdcard.cpp,10
Marlin/src/HAL/STM32F1/eeprom_sdcard.cpp,7
de315c97b1d11449c1091e5b93f27f8b4c48645a,2
Marlin/src/HAL/STM32F1/inc/SanityCheck.h,1
1247f7375402809034843088617d30fb79985cee,1
50ba20fe1f27cdcb0f0f98f11cb42248dbc186f7,2
b6856dcb999b51077c89eb30c5ec102c507152c0,8
54ec6a0ce2dd5f0a3eecf9d76040fc33cfb95b5d,1
dca7c5d1adf642848b8ec9ccb140525f7faa2838,1
7473241438f3c9b7c7e701d6d2e3128d31ba2058,1
be0c9ff7058235c94256845795ca05c669f51973,2
Marlin/src/HAL/shared/backtrace/unwarm.h,10
3f644b6275f8596a43cdaff2daa722308e8aa006,1
838220e4b371aad20356bf328605a6dd038cfcfe,1
18a5000718478a51ebde8955d7707d2f9cabd362,1
21674b28799d297f3499d87d8fd29cbfed780551,1
12dec2563afcc0f92333ce3ddbba28979bc0f865,1
603e4d66ac2fa9d8906356ce24202d6d731e0d79,1
90fcb82a3e5959a4c8ea86876c3b530e86f5c4da,1
94a68445215ee2a90afb7fedde1e522318824a6d,2
bdb3f1ae2fc48fd3f190d33b6dd84184e99f581c,2
e3f1f7cd857f9fbfdbf6d0872324cb37d069b3f6,4
c0b4f4eb47ee9d657581035737383d15b3706b79,13
68ef3ac675b484c92c5acd728b38b97a608a6fad,1
2cae26ee352ef1cb499bca1a5feb6dffe85b6df9,1
83aa3dbfa658f9258d17f9860540586664fb111c,3
82ac8a1e76ee54ae0bf2ba7f65cad26adcecd45e,3
c60696dbae3696006cb24bfe1d51254977f4f65b,2
75b0e3246a00c04c5bf04607d030775f1d8d1e0c,8
a74e82fbaef9887d7f4e341288d0b3df0cd5f83b,1
8cf672104efb8f7093c2e85a00b5d98993d368fc,1
8bdde8d7a0b944bdf78421000c30d7eae68778d1,1
c4f3f67537c65c446cdc8ecf3a46a7a7a32211de,1
ec23e37a4a31d12febc06922d3fa68446f58d7fb,45
00fbe50bbec40969cecbcbc011137297a7419640,1
2e48d6cf7006111feb9b80af55f74116de7f92c7,1
ec04517710b83852fe907e72e672e34b77f7e409,0
Marlin/src/pins/mega/pins_GT2560_REV_A.h,0
8cc0369d97fc762f2fd0ede31635de9f2ab9dd2b,2
f7cdc05937851de9b8270ca3b25a972ede7952e4,1
ea0afd0b4d918b9afe09f38a97c977151851d770,2
62ba799d72daabb585da5b2b4ff67d45130c7061,3
b6508c4bd1107e26f2aee45be6a15257839aa575,1
853d01de683ab3efcbb15ef95db869e279053ee0,48
311b65b22591d001984f16f6b3210ab922bcadbb,2
b632b52b11cb116b70b51d15b0ecb17f5e2512b8,1
9630c2683c39468bf885c560a1768d8b377d9462,56
f53d5a0872a48ad308656a3a4bbf45da76c32610,2
5917b5cf5cdaaca3b460c2a8e470b838d01b06fe,3
2a6d48bf9e5031e48ef2e5b953fdccaa96d54903,1
0967c87a8f3978d721625823d76fbc4dc32c069f,3
0ffee29a11eeaa488bc3f64c773e86c5944ec286,7
c75e98dc846d9662a7f4a234a6a73215a48e9833,4
c7f7f2403d3123d360badd4353cb385b38c16095,1
4533a197d59ffcaccc4d476f06df7754b11b9b0c,44
1ed853f5d6c5fa99a9ae9e535d94a59733bc945d,1
f83bbce3a3f98bb91871270435cb8ceed6dc34ff,1
4fccb92e072463bd6147b2ce22352b79337cb53c,4
ec596315bd292d6ced44a543502fe80036456dd7,1
9aee6674bb1ffca1057de2c14b5ae79d6d4b875a,5
7d64de646aadb1b99a7b9df782daa16ff3e50549,2
1e4691f02af9db6e639d9869f1e85ff4e4ca4d35,4
4fe4fb05858e929db288e78b9a507d4b1a608dde,23
cf74248949cd91f601f270cc68a94d65caef3a6b,4
072f996af70b5ac635893eca2d4bd4bbb4f00acc,57
1f7c085527ef0237bfc9068c141288b159ef309a,4
a596969049a8522c630ec064e727e5277b6f1cff,2
11badea96212f25f86c36f070709b61108c3838e,1
d04ec15849eff1be08f742d035418ae191a6afe4,1
69d55cabd483c93ab5421bf98e9bec2b597a00f3,2
9baa944460e0bf5f15e46a501b64ebd39a9d5f34,15
92767f5513924842498af90e8557bdf3da91c000,7
b320b1a3c2919e95430884fe7916d0ef0a6f9297,1
35b9e9b4a5628252b22d78dc0657531ccbb3d8e8,3
21ce39aa9b304d627e6f2f7eecde873c7edb7af9,6
ea80b2c8fc4209160eed377437610c298312e97f,5
f5019307280a8216d5ea506fc7ff3bbb39a1cdf9,1
8285953c1b5be6ecc7ff9103f287776bede8cfb2,1
6375829448eebe01b2835689aac69b73b63ebfd8,5
b0f0dc683da8c70696c6a3704193b9db58cb9825,1
c2802d35bb1bcfc20785b0ccf255697b9c08c775,3
2693d0eb271a748e52417bb31be2a938df42844c,1
6fed11896ba7c51ba5f5ade4346c94ff048b1718,5
178721a329aa59b7917ffe89e76e7f68f921bd79,1
263f29a96a6ce5e76aa94782f5dc9c26e3f4a4fc,3
e99f9673723167cdba878d8d13626d940e431b6d,0
Marlin/src/lcd/menu/menu_temperature.cpp,0
313efa33ae05d05d8109b65065833722147a8068,0
Marlin/src/lcd/menu/menu_temperature.cpp,0
eaf6777a6643a6fab23ceaaa4699cb2466ea6b83,2
Marlin/src/feature/bedlevel/bedlevel.cpp,18
Marlin/src/gcode/control/M17_M18_M84.cpp,71
0f6fc48f8536081265a19950a0df7ed3f3de7571,2
1e13a7161acf25106c3753cb7554e947d0e66497,1
3ed0b24831adf6b89234f7684b5907561fd13f89,1
050ba0e0a09312f9ce46de1b92ee09f9f792228d,1
418b3e5ee26c0284561f07cf462af27971715d12,15
aa901ac4a2b87079777280aa678b82294b9d9bee,2
0b80841c38dcd8259821f72dc40c194e67042c5d,4
e370834c35bfc529c4b11441e77e5ce7cdafac67,3
9b9cd698a5b30036fcb6d643bec114babc8cc7c9,1
a4b89e67c6c0a063efd98c91f45baa11e1372277,1
814db9d7c919c08bc0e21edcf51e31f2188e763c,1
7f83231385779af657b28fa6b2aa58962a946def,3
5247bb11f7cc455cad780fbed8eaddd4a6dd007a,0
Marlin/src/HAL/STM32F1/inc/SanityCheck.h,0
763544585a57b5692c7c37840efcdddfcaec584f,1
8a885dc61b8ded0a02f003915e8883eda3b22f7a,1
f74b5a6b9bb1e11b6b3a411bcd990e23598730a4,1
72e3238c3f4fc2a9bf0c69d13a839924581a9490,1
f86c6851fcb310c5533958b4d99ab121d757b068,1
f6ffbe548c81abfeecc996c8f2bffd27cabe0014,2
Marlin/src/HAL/LPC1768/inc/SanityCheck.h,18
Marlin/src/pins/linux/pins_RAMPS_LINUX.h,5
Marlin/src/pins/lpc1768/pins_MKS_SBASE.h,7
Marlin/src/pins/mega/pins_GT2560_REV_A.h,8
Marlin/src/pins/rambo/pins_EINSY_RAMBO.h,0
Marlin/src/pins/rambo/pins_EINSY_RETRO.h,44
Marlin/src/pins/stm32f1/pins_MKS_ROBIN.h,14
Marlin/src/pins/stm32f4/pins_FYSETC_S6.h,6
buildroot/tests/STM32F103VE_longer-tests,3
04c27573d69bfff64de5cd32a2dd5f30cab608d3,1
9a23fb58639dec170d41415976293793131b667a,1
90d364fc37de5880582aec9537da11f4b125d660,7
79d51581badbb08a528a1f669630d7240da81df2,3
9507c49b18b2710b81a80b2780f14db7185b32fe,1
87b07d6f2f8ca25e59e2a8751afd79b0b80b22ba,1
64711e0d56e6f388dd661375d0e3cd14626bbf72,1
bf33b2f862a0141e1eabc7d864f80de2d97bf9d2,2
54315252c7c70513f7b39f4c37d975dbf539d490,5
733eb127e9abb6910f4cc0f1adabb4c696eeb571,2
2132efa9817fa1ee5d4e0773c2b8dcfac4da161a,4
da79674f84ef65cb014288a27d60f8709b1f0936,1
ae36ed390312c80b03fb36225755fddf9f9205b7,1
cc4db8e4a99db81a441a765a1e86e98e2e53a04d,2
f9f8fd37debb795cd042975d19aa7f4ec181a23e,1
193c0a52d9f1fbd31e42a29734f551aa26ed269a,16
f5139f8bf433b5c2bfd4022e14e91a51ac46d951,1
c0920bbf6a2490b7ea66d2a9e828c0f527a6c77b,40
Marlin/src/pins/lpc1768/pins_MKS_SBASE.h,7
Marlin/src/pins/stm32f1/pins_MKS_ROBIN.h,7
bcf65aa503b7e827744ba53bd00a7b6a43af2725,1
a866a758cc0ac671363fdce462dd967e488aa4e4,3
e7838c5f7904924eed7e996d2ff95fff0f64e30e,10
f21b91f1a722e25c820dee2479f608acfc6a98dc,2
edda32e6b4b7ca004eb49f76fe2f7bd72b0293aa,1
639b0b8f50b4665b45b4a601e14d93ebe6c6e1b2,3
18dd0d00a64581264828fad13dcc9b65201bab14,2
24fd19259d082718673d762aa3d6d9cc9a6d5c0a,1
bdd555990bc94f3c3243cdc02f59d0f67ac1e9f2,1
c762b7c91b03415d37bbb96c5b2b6b8308ee3ba8,11
45731bd0221beee768e009195ee3aa9a0b0f2a88,10
492ba2a111ce541513d4515c4af3f57ceaa897ea,1
Marlin/src/HAL/LPC1768/inc/SanityCheck.h,21
349465b1688ae9f3c47cfc94f5d05b98d6ad5654,1
98427ea92ac538374f8366542c5a51bc213780b5,1
a90edd5eb48d000eac80a417379b83c152cadf4a,1
6fdaaf3d203002fb7b437e86cd3aaa80e5da77bd,12
406f8363bc45e57c7a8a5c5bb20b7fa30f8c2e1f,1
8e03a4cb938d204793cf27b81b378aee04700950,1
1403260487be011c829daff8c11ac31d32531113,1
6831341ab483a49d7daad4c704bb684d3cbbf075,81
Marlin/src/lcd/tft/images/sd_64x64x4.cpp,2
Marlin/src/lcd/tft/images/up_32x32x4.cpp,21
0988af453c567fae1796cc821bbc41e930b45836,11
631457ffea46debd43079137e09bc2d36b5d4fe4,20
bec184495432b74fd5b1601ce7e2081a715ef969,7
e6d0a8ef6643ebd496cbe132b942cb57314e4b33,1
70ab146cbb657d523bd53a72ddefdbbf416fd27c,1
33b2e128864333462dcea8d22191e608860ccabe,1
1de29026d54510d813c1048ede21497f8259c2e4,2
854af7a4bf682b2569ea9a3cc03cd930e9490f73,7
f72c559824dca5d59a92040ebe951405e3b3d429,2
321afd5fef7bbd1afe9844543a74a9ad6be6b3d3,2
91df2bea8087f33b7f432cb0b814bd0f261c6389,1
5de29469995917b2db681246b3e1313931e33932,1
c650b752f19040d3ee199b7c3c173d2dbe574da1,2
c12f41ec6f9bbc95c0b7c5caf8b4f157e3c4615d,3
2c6ec0c999759bb137798a5fedc19db1e39c7037,1
f1e563d8cfd3cecc63b2f7a44bdab0a417b94d36,2
6de179eb7d41a38c524fad84b128f02d0fb323d2,1
584ffc6f5233ec275b1da4abffa14c332cec68e3,3
2c99c1e06f534e6c629dcbfebe2c591c1132a992,6
f95a2f6d91cb1ca779d6c22cf9e1d3db24ac295a,1
b31e358270608afd02be895d4e3ca43ae927d31e,4
Marlin/src/lcd/language/language_el_gr.h,11
Marlin/src/lcd/language/language_zh_CN.h,0
Marlin/src/lcd/language/language_zh_TW.h,0
673835e5d9202fa6898bbb28386806c069013dd0,1
f5bae208cc94e4e1882f8d7a8bd2f2f50f328ab9,4
c25c31b1deef9325bec882b9a676b2ab40be1a35,2
343441d7465fb637f0c2627060b7003a0d0fc25c,6
78fc4c89476bab46c6e8eecc9184f7ebb0244366,3
86165ceca56d418343ad96994ac3724a55b5c1c2,1
8989353fabf82ac809d5d4db72b23324ec3b7669,21
7e0524109ed7217cbfcb2a8c2383d2a3005e81d9,3
d88e694d06d889764db12edb9e73c6680d82feb4,1
44d50c2bd366cef1aa7b19689dc9dee5143634fc,2
58548f5051877fc1574245671da7a76733a13598,1
782eabc2261b43c7667a7c4d7878d4816d84ecab,1
Marlin/src/lcd/menu/menu_temperature.cpp,1
0ff3ae3cc600828fec955c35c37b44497fdff621,6
Marlin/src/lcd/language/language_zh_CN.h,0
Marlin/src/lcd/language/language_zh_TW.h,1
Marlin/src/lcd/menu/menu_temperature.cpp,1
8088c7dcd58eec7b6c3483b94442eb9480df6606,1
604d10d3075f6a0b9b40fba85aeee5cb3acefb68,1
8dcc72ce9cae1ccea54cc71cdd48cd394a1bffb6,1
d06bcd6dd39b48dcf23a26feaf7d6a07cc67da68,4
b3c2ee56f9d5614ab375a8b145420a9f41b65826,2
Marlin/src/HAL/STM32F1/eeprom_if_iic.cpp,3
435e98ceed9260124ceda33482ca6bc38fc741a5,1
7d21dfc938cb52b500828af092858543f2d32d9d,1
2e1ba73926eeac126dd345b32f40c5b5d4804462,1
e8a62ee3cf24af08541524ed46b7d0373b3e140b,2
4e8eea8e7804b86f1df0be5b866b89b769d03dfd,45
d83baf8925d75605b30609bb1869b53946a574c2,2
348570fd683b56ebb930da9405aaf282c1165c0a,3
cf6156219634eeef774b1ae81022283cb9ae9c73,1
d02d7a95d13e27e0f90d2226c14d103b4e5cde3c,1
ba07c26761d831350aa149843264ecf0ae7f5d11,1
e56295851f9931506ac6673aa1d222114d2f82f6,1
f7d93dadebaaa815dc65d63eb7e66c6ed12d6e0d,1
5c87762f9e5490f79275d5477d1a9b438aa4a669,2
ea78514ff3551ff9570d07530c7c0a48d3fc2354,1
2616feb3df66909239f563409c409789a30c353b,1
f4255b14e841bcc3bccc97e2a7011b70e8f4ed7f,1
41774ec9de9e62e24c62fd7ba22a4fc28e3c4298,1
60155aa442f7dbd1654fd493ca3d66edb2ed99f0,16
169ec65e72c0f2f9cc4523c9a32f1d49fccc0253,1
660420050bcb4f89e59b12f28cbb3e8570010cc8,1
0ddb4d88a98bec8d449d186c9149e2df31017d2e,1
9142f5446a57e9a4094c45c10d753f0ce5a102aa,4
6d4c82f4d87fdc69579f50faac6146244e648027,2
4424645e04c9e75462d36de8f7a82e67cc9c262e,56
Marlin/src/lcd/language/language_el_gr.h,10
Marlin/src/lcd/language/language_ko_KR.h,3
Marlin/src/lcd/language/language_pt_br.h,6
Marlin/src/lcd/language/language_zh_CN.h,0
Marlin/src/lcd/language/language_zh_TW.h,11
Marlin/src/pins/lpc1768/pins_MKS_SBASE.h,39
05517e20961e313c323844fa6b2ada85412ddbec,5
be7bbadabeb49c5e57d61fb2367cc5c994a5a6db,2
d4a5b101337c509382c672b979427fd42dff4eee,2
4584a52ba580544de8e5efc611c72a05d99e3104,3
27bdf4b24e8da06ea7923b6382f38b5fb6292914,15
Marlin/src/pins/lpc1768/pins_MKS_SBASE.h,15
c2c6a679ea4bdf48ce1800a8831fcec36c09ce53,6
Marlin/src/HAL/LPC1768/inc/SanityCheck.h,44
Marlin/src/pins/linux/pins_RAMPS_LINUX.h,6
Marlin/src/pins/lpc1768/pins_MKS_SBASE.h,9
Marlin/src/pins/mega/pins_GT2560_REV_A.h,8
Marlin/src/pins/rambo/pins_EINSY_RAMBO.h,0
Marlin/src/pins/rambo/pins_EINSY_RETRO.h,25
Marlin/src/pins/sanguino/pins_MELZI_V2.h,24
Marlin/src/pins/stm32f4/pins_FYSETC_S6.h,8
1c372df449d18546b45860aa14a394ee2a3e900f,1
3a91ab4706d9fb7177bd24ce3e87f852161768d1,1
303d871ca78d7256b7ee0a493aed57f3b9d4974e,2
00c09e95aca7fbc4c9ec29a1c1a99d024a59013d,4
f3de0f6c5376c345d555a65092d832dda45866f4,2
7415e4e66d84022d19afbd89218addaa80b9e1be,1
6572d7131f61811d3507d0dfb1b76a38c770e95f,3
d9d920e0b34e8d6c67103832843dc70663031655,1
cd5735130d09370a298b27a5faf6e1a33d768ca6,1
3245a5fdf65df729f5b8bace87cc8684532a9ab1,2
37cf156223058d7c2d576dbffc39e7b2987254ef,2
d2741c8680ebc4730fefe3050026f88cd76cc241,1
dd118e2f36d99395c33f3ca4325f35bcfa48dfab,2
4975e93350ee46aad323aa985f5c53e735aa26cf,5
82e602c847e248bebc3357405f068fff27fe4537,1
88d7f4d7be744ecfecdb531cb48ae42a02403cef,1
5cf2cf2be9dda751191d1d056d6807980857a060,1
a7f5d38da7d6e57d5cfac9358eb13e57fac61db1,1
ec4a0a3e0d999702222dbe914ec08a50fde3a706,2
97e0d55073b0c240a2b2b0d0d7bf6401d96ff339,1
7efd740950f16a22d3023f17d33b1996c1b0b7b6,0
Marlin/src/pins/stm32f1/pins_MKS_ROBIN.h,0
61d96ce1c99cff048674126e1d75d607edfee6be,1
f902e208a39da65f0f5447e1dc669ccf06260080,1
178a1da165162f59a8a4a98d038ac4d2eef6c674,1
7ce91c5ffe978ac9aa7b3d2d7c7670c480085bb1,4
23faf902ab09019c90b626824e1ede652ded344d,4
da6c8317a7e7483fcb823c06f9cf953a764eacb0,11
Marlin/src/HAL/LPC1768/inc/SanityCheck.h,16
6bb6f7f28897ecd9e7e7391e2cd9d941627a041a,1
b3223d7b412b0067e0f9c1ad7b672317098a973f,2
568f292883d422bdd226d7faf2d2eba16a4a0ed9,6
4b928b2da8ae26bd4a949debe470a914e23545ca,9
Marlin/src/HAL/LPC1768/inc/SanityCheck.h,18
Marlin/src/pins/stm32f1/pins_MKS_ROBIN.h,4
928d874deac6258659033e8c4ac03a7766eb3ca6,1
ecc80138123751945b6470d4cd95b13f00456a90,3
6634bedb258eb3ee7f59c3351f8472d32b323af8,3
e3d4e328f93a04020124082a8342a34956a79ce4,1
93421f3a00eb85bb25a7a3ce32b5c1a367ff83d5,4
023cb54fae55b6d05a028257036c52cd2e3b89b1,7
90bc1993b6811623dd9d0de00251e0c63415cb49,10
Marlin/src/pins/lpc1768/pins_MKS_SBASE.h,19
Marlin/src/pins/mega/pins_GT2560_REV_A.h,16
Marlin/src/pins/rambo/pins_EINSY_RAMBO.h,0
Marlin/src/pins/rambo/pins_EINSY_RETRO.h,73
Marlin/src/pins/stm32f1/pins_MKS_ROBIN.h,18
Marlin/src/pins/stm32f4/pins_FLYF407ZG.h,0
Marlin/src/pins/stm32f4/pins_FYSETC_S6.h,8
Marlin/src/pins/stm32f7/pins_REMRAM_V1.h,2
Marlin/src/pins/teensy2/pins_BRAINWAVE.h,14
362145f608aa1a68b0e924ab66f39606356585bd,2
5d0429ee2a5b802d1000a406f9c02850403472af,4
5f5f76956f11c7c58278fd449f6ad85e07cd6e10,4
fd8cd31504e9ff81cbda525a80e21c4f9c486771,1
a87c517da5f0190cd3f892c9e72763bb1349b99c,1
d051c2adbd0b9c1bc91eee3628fd7c690d9f69ad,2
63e7ae793b9c56f69e5a3f4227ba1eb9164d712e,1
79dc8a22976934e0c29495c16626650b87dba4d9,1
225487f9db7d1a7aaf6886a283c7758a9ae2181e,1
47aa61c0ec4a4fe511bd7c629ce18d5ea8007da8,1
1bfc51ad5c79d19ad68cf7ae7b1175fc29741256,1
fb48cd0ab47f3ed981d4c74814e850ff7dcd13ba,9
0251eb85b2f2429dc3b1a7dd9bb3ed48472c8cbe,2
d8ed74904559aa8bdccc8b68acbccfbf1bf779d3,94
77b06dce0c527833f00a24a55771049313ce59bb,1
4f73ac728991eed39946d1fdfff65d294b744a3f,1
60ab7a1ddbda1b1a6d20cbeb5c574ce775f57a4b,66
76d8d1742c1d4a1efe0fd6c0645d3fc656bfd0b2,2
Marlin/src/HAL/LPC1768/inc/SanityCheck.h,47
8e0fac897b2ab0352059d5f9bd2d6293ae7d9bbf,0
Marlin/src/HAL/ESP32/WebSocketSerial.cpp,13
0c7035d8a3725d799cb286516a1bba40c578d202,1
b5e4511de8c4b147d791e90bb102299e77ee4fb0,1
98bcb25fd4494875e6c76a5bacef8b7c2fd452f0,1
af8f9f790a34f3a14b3478cd5ae98d219a8cf9e4,2
9fd06fa7678efd6838fbe7c47e2b65a892be4b2c,1
4696142a31fe74ad32a57a5939e3af1cbae23e52,4
435e1535cc6f3b06d82a62cbb2697281f7cedbc8,2
4628f0e237d452a7c6633c3d6127a460b3bb477b,3
e65deacabb4ada7dd13c6e5edfeb207e80f2a3f6,1
55ba5044ef493e2651c5a34951d6c0973aab9e1b,1
648269e0ec02887d353ec972359cbf30fd72ebbe,1
5b56d6698a2a9b78a5dd40446bcb606cbfff010d,15
62206c03864746456f09767d4af351820b30a43a,5
da1a60aeb6b1701941066d3e5a9abd62b5551526,2
3eaa19fdb08329d93241859bf0e63affd9461506,1
c539254101f33b0782dca6fa7e00275e033c6ba3,4
24d8daa01bfbb18b039045775f8fc7a33608d923,3
073b7f1e3a77f6d00d58bb144fe3aa96ce3770f3,9
5926bacea132744abacd31c83a4d6005f9caa495,2
c5204807e9f55da13364901aec94927f7a25d5a2,1
9d5a9621de30e5a2c62727a479a6e73007ced7de,2
9cf8537051dfb1bba75f5a7dcba34946bf70068f,1
56ed55ddba555b6550ee4da0a1accfc5418e0f3e,1
217bae9ff156c0c65c19606a32e42425ea39c68d,2
250bfac0ccbadbd40f3d6f3fe83c33aa96d09a52,2
57a87a278bc2acd958cd64b1434ebc2211063c6e,1
0b7d69d06ff58e01adace95bc08c69322c815639,1
79d41233191094e66d955c88e850cc4126af81fa,1
648e7f73a528783b31014cf4719009b0d69deff4,1
941b8908818b1e2004f54ab6d7ecda50e2b17c77,5
0f9eb480aa7309e6b876e2643cd26a9425f5fd88,3
0473f7ee5831691c372970c2d33cbf947f5e5612,2
3a89d34e7f2b69ad59246e80a66c375f862e984f,2
cd85fa3abecd1a24de0fdbdb21a0ed2a2074af91,3
979876e958e73e642b51eb655461c92947fe1deb,10
Marlin/src/lcd/language/language_el_gr.h,10
Marlin/src/lcd/language/language_pt_br.h,6
Marlin/src/lcd/language/language_zh_CN.h,0
Marlin/src/lcd/language/language_zh_TW.h,3
cf8316bfbb1c5fea897345d75ddf9de473688d84,1
49ca16c3fb103e8e29f64107ba664aa82917b9f1,6
d93471fdad8ebabc460a7eb697c3ac61ea2617eb,1
872516f9f903157fbd927bf6083996da70ab4e63,15
7c7e663911f859b511eaf5066e7c331f59148704,1
c04d5624da568c1069065902373f1abce11e03ba,2
d07ce9ef2192267b2f3629581ce90372563b4127,1
dcf3587d9ac2a34638de6e3fb8daa2df47f0591a,1
94244c1d933a859676a81e3ed241d5a7e74b98a9,1
ed39317203555d4a9ea17f7802ad89f6d5b16fbc,1
1917ed8741ed5c27c6a505c3936050e4f461d075,7
6f8282f01ebdb0f5594b84a1ff2462a8aba10961,1
4f390ea18f85120993cf2899753361b1e8031c67,1
cb9a34c6f75bed9d8782658d7680d77ea428f48d,1
6759aff22036a9fd4ae9f9398cd6e142a31ebd3b,6
b33f4ba30030c04bbb958020076d8f782bdf2f85,1
85089898be798e86f3eb4efc8a702781b7245e56,2
4d65ab5a0b483886143ae2cd937ed95ea496cbb0,1
abf1222f1d78c17b971327634e20775e3de75c55,2
b2ba9009d045fc21e7a923e92ab9a91e4275247d,12
Marlin/src/lcd/language/language_pt_br.h,6
Marlin/src/lcd/language/language_zh_CN.h,0
Marlin/src/lcd/language/language_zh_TW.h,0
21ee7be30aafa22297c788b582865823d4f2bef9,1
9b78138600da8a069fd0bda5919b37be96b07d48,6
160f70be6374d752a88ea5a98d351bc8d3a3903e,1
Marlin/src/HAL/LPC1768/inc/SanityCheck.h,4
b98946b5c1b46e9399dae8d1cc41a15b2a5ee15f,3
20ac0faa86dbd5ea21211abfb2338e7277e47eaa,1
700e0fe7d736de45cb7b1e82271dfa46e0288440,1
328d8b59529edcdc1beae4287ec6827fae3cab82,3
006b7f3f179e7a9b7d82936f72d792a730819860,4
6eebcb5e48abfde3875d186d162e812a7d66b42a,2
0b01aa8276788009b731bfec1f8918aeb675a9c2,1
049fbc92a99d83178a5b99b14539b4ceeba8d5d4,31
bc7720c0cd3917f44200c0b78e1b635e4c7b6797,7
40fdf8f0873c07f074094de556928b0642d8f80a,1
4fc1aba8482920bcd5905f26642cec0de314ea09,21
buildroot/tests/STM32F070CB_malyan-tests,1
828a582f4dfc719dbb519b89cccf621a5184d2a1,4
d1d8417a6127ea5b2a2bc4fea087f73197a2a4ee,1
5c3140811d499caad9376b1316b7a1f12f64b335,2
4268d86da18ce8ffffc8236e0895fd2f3ba7f95d,1
bb017038d4594eb1f36d78f9784260d41498dd43,1
Marlin/src/gcode/feature/mixing/M166.cpp,0
d3f1f3533d4d0f4d0ce62f30b02909ebd9f3c69b,1
a445746a8b6dd752de725eb67d264153c3b393d7,18
Marlin/src/pins/lpc1768/pins_MKS_SBASE.h,2
Marlin/src/pins/rambo/pins_EINSY_RETRO.h,13
b709baba7a437559ab285f0ed9c5c4da8e54606d,7
ef1d154a4ad28296fd7f51395795c33ad5d1ab0a,2
a4bc9e669c291f78f64ab4022f448eb594988448,2
5ea7a8373ab03ece1179b45d9205dcf8dd737240,5
f29baed54008b16284394459261f9fd316fa643e,1
d19fc643922e21ecbebd62126ab11206172c8d47,1
2b789ddab968cf7040b5c927c76e6c7bec944cc3,9
86b71b83fa1208ce47ee3e3c8baa01dd8d563041,1
486731162faae9f374d0038a2e87f3b2204ae78e,6
b6ab163814270137cca1f4bf57e8d3534f6c35fc,3
Marlin/src/HAL/STM32F1/inc/SanityCheck.h,0
2ea1bf0e1db0fe716ca04abd8a520ae10b04aa4e,1
d9ad8caf0281398dfe960b4babb4e46512e18b18,1
14314b68ec81072954a4ed445ecd65e1930d180c,3
3002e1cd60c2cd724c046c50371b3c833eb21a6d,1
00e738e485ad2c67e9aa80a089c580dce5ec44e2,1
1d6a92751b2ac5b96a99688a33ae73f305992a4d,1
e97e6865c3e587a04ae2878e72a8dfb137534b7e,9
55dcff746b7faec12b9b7d37aff4ac49d9222cfd,1
691f02acab43ebf1e8930dba82097f2da2aedb0b,1
1f25312b65350c9d500f381b0054cf65d4599583,1
26858fdebfff14960bc2234b5346f7caf9690bd6,1
7d8d0010e3e552e8a2e4d555b58fa6764482a7d4,1
277042bc4e79fe89824e941605e830391ebcd3c0,1
768182c69135aff36613857d66473fae61310aa2,1
ab06d5c7fb8faa486bbebe88c5446f062a9cd9e5,1
f97b8c835a71ca8cc2b92817a35d9326351b2669,1
f375d9bd7b9d8169c513a3b38bb839b909ab18e5,3
e3d855673e38d567231baa5bcc8f3d8f8de5f7a9,1
62268aae65b1594fb20b87230eb59bba90260dd8,1
09ddb5a7246ef8ec189d35f0e1303229ee6e5cd4,1
56c44b053d11925c67a32f26ad84c2e76c97fd56,8
Marlin/src/lcd/language/language_pt_br.h,6
Marlin/src/lcd/language/language_zh_CN.h,0
Marlin/src/lcd/language/language_zh_TW.h,0
2979da73cf9267ae11eff566335c28565b67a18e,1
d3ac4ba83d86be6efc889a508cc74dcffbd43978,6
203e44e0262322b0d764279b2f42875596f060b5,1
4ab4dbb8a16bac92bc38a5a00c164f06e6d16760,1
41c7ae5d5466c3a234ac52a97e7b91afa16774b8,2
2a72961be4a696c9d336d259e761bf3a105589cb,1
8d76d8c0810dc14ce1180ff1d7e9d6169199de41,1
c8995b91e2bde3e4be361827617f8a6a7d6167b4,1
e492c613f7698c82adc5d2317e4b1247536f42fa,1
6ac8f5abb7ce63e1538085f07eaf32cc3855f130,1
e0b413cf19af87e73b0476daaddf395817db9b35,2
a12ac5e1754f0f66babde400a0406b6cdbff983e,8
Marlin/src/gcode/feature/camera/M240.cpp,11
462d3eeab15d173ade700faf961931050aed9d70,4
97ec6c1be6f7b3b2e185be9f1637639815acbb1a,11
21070c0aaf433ddc2ff00d9959a8704a8185e884,1
a96c5209d13976ae0cccc90089c6111a2c468954,1
e8dcbd8300680f0d0f2032065952181f51d52874,1
cb75bec06db06908bc7a044b184411ad75a86f93,2
1e124e6713a2ced61a1b3113c02e575391184b23,2
Marlin/src/pins/stm32f4/pins_FYSETC_S6.h,1
84ad7cdc293f60b775c1132da6c081a3a4b98cd2,1
195d20cef2d7cf08d3a95899df05c9e67cd859da,1
91c8c6d96eb4046171c36d79b44906d2948132be,1
1a4b82a5d663ab7f68199bf77183047c1133e479,11
4955aa5b783794c6a600ad2bf162748647f89143,9
131ddeaeba96addcf573cbeff86b65225d3b8320,3
b07dd44ec21ce6f622591cd96a1f709588f409b9,10
1793de4a28c697c726f8b2b33ba9c0526de32307,0
Marlin/src/pins/rambo/pins_EINSY_RAMBO.h,0
646d90f3da2feda848dc4a50fe3661701dc881d1,5
bd9dc73d3d22f067b8b0f99d8f3519ae4a04eeef,1
5db62d7abdafe1d07c76e1292c6c32f71e6ee356,1
076f59c63004184107ecf5beeb33adb428f03e74,1
66694a213fb4ca15b924c25c49248e54d4278a7e,1
e2edfabc3c9e3d1c4d4fbd98d3878a7876b78ca7,1
f7fe499305b05455853db226568bc6cdf7b8f7b4,1
f67ad6fd70bb107ca08ac99af6bcffa2026266d2,1
c488070859c1995fe957938b1b6302c4eeef1ea3,9
Marlin/src/feature/password/password.cpp,6
4b124352ef89065561ddd7f40fd66ade95a5af07,1
5dadba432e4f824ef5153423db68460fe7fd4364,1
dd6cbbbbad6f14183f7005c7fc85674863202262,1
638f6f0f0607399bce82123663f5463380f83ce4,5
b36163d53ad1f3c67fa86f4e5521bbcdba7ed020,6
6036a0df6b8eeb5d7af97c82bbf0e6cb9636e424,4
bff0c68078664fcb229e2b9a9d4eb6b858df2dd2,3
34fb9c7071b33307a89a8650c8b4e07f1afd1bc6,1
d84aff701e10a49d5ccc69ce323fdb0fdb84b6db,1
fa5a1f7d7f029641c89c9378fe228782bea31838,1
ca105493aa1cf5098e8ecac52197683d2de4bd17,2
434e43cc42f782d5fbe89db21f97571c71ad62f3,2
a9f7e855d8c030d0d9f34f950a66824b576548b5,0
Marlin/src/pins/linux/pins_RAMPS_LINUX.h,4
Marlin/src/pins/lpc1768/pins_MKS_SBASE.h,33
Marlin/src/pins/stm32f1/pins_MKS_ROBIN.h,14
Marlin/src/pins/stm32f4/pins_FLYF407ZG.h,0
Marlin/src/pins/stm32f4/pins_FYSETC_S6.h,11
8cededa7dd8501d24bcfed56bfd82720b1c4885a,1
b6e4acec9df3cfef5dc733f8c32a7375715ddd12,1
aa92fa7ee3d9ee62356b9dc7e600a1633c100ebe,1
563eda4b6b42746641f82c2c5020e80c71fb4fdd,2
8652a7bdd2dada6b5dcdbccbbf5feb76b465083d,7
93167afaf5eb81526a1192fd70d3390af6c48425,1
02ea13b5119ff519ed7adcb08923d8b34ae381c9,1
d6574a03a113167f28ac8ddd2ad3558ac06c983f,1
ec02aee46cb2349646b4fcb4f069f50e8696ccbb,2
04909a201002cee986ad2d86b910f13196f0088d,4
6b549e19719e855555c1a9db5e3c0453516afb28,4
bb8606ac2991f00ad3887c6b59c38a9d460e75b5,2
45d22d4f0946ea3d7f9c97675bda63ae9ccf7801,1
a37cf2490054ece3c16f0caca26a02c3d33057c8,28
b8c4098de24c7876fe48f27a69aaa96f3557a7e2,1
4f67642122059a9270f9e3690978248355f88e72,4
Marlin/src/lcd/menu/menu_bed_corners.cpp,19
Marlin/src/lcd/menu/menu_temperature.cpp,7
e2ee05c97683e9b88b8979590144ee0bfdc1e23b,1
7e65464dd7812479042a3c1fd0e75a0a8cd15b1b,1
d10b11ad9f462d150fcb0172d67282559db41098,1
db8522b4112483e5d5e30151328d03b8a5dbfb16,4
ba6c41b7985a35d9ede4ff35a65f596676a0c7e0,1
bf316d9ec5e9472d78c6548a0a9e7a5988970e2c,5
7807b613d5c0ff74a26b884c1aaf1b253467c3bf,3
28a0650cf3dcc14f8dadf0b13ccc44b506207617,1
16e1dbbb216d79535bcc9d95a74d865fa08c23c2,1
853aec2c9a355c262001e0a0516bbb0decfd7749,6
38cd7b993884108eab13d9266ac69392be705b89,2
3426c7fc94beb62dedc85d5f5cd9ac9cac0859b1,5
64e181979c347ff5a12eb33b03e527216088eca7,3
a4809b3a47fbaee73527f9fc1457d3aaa0a0f536,1
a62ae2aa2d74613fe15bf2b8ca4390fca53ebf01,4
d3c51614760b87d4844b77f2459195ffc2cd9a62,1
60b61de395a02bce6f1a7b4663780ae9b8ef4d11,2
f205bff2ccdaea55e2dc9e6fa1f98820a9761d42,2
092aad1813fdf61d6f34dcfee6737ab4a1015a19,2
2cbc84855bfd2d1ccb6d2861573fd612b3e86d0a,1
167e42af996c2f8f745e8e2dfa6dbe0e9fa675e9,1
c55f47752069d687e57e4fe91a3b6e59828a657a,1
ed775ac9859e8b525c94681c8d8dfe82b7010dfd,1
19818a95a2bd10fe98431023a502229cbfa82f3a,1
e70440b7cbbabc0bf44db45273ec1a4baaf7d5cf,1
bb64aa7841b081ccada9384dd2401341601b24e2,2
0e8cdd19389aa8004f5264371dc05461675fe83e,1
f7ff3f0803a901c72ee7fd65736069f920cbcee2,1
8f730cfb6e474f98f4ac284d443bac061634c497,1
6cfc4b571149847da25f7b10c37e9ebc3883bf26,2
1b097d0467173ed99eb4ee403481522977303a9e,1
e69bbc3531f4545fb55a5d2699aa2bf65621061b,1
5038cddfd54cf4b8484d10e7378fb2acd2b5f2ad,3
1b28a28ced22b5b3c7eda639ba576826f28dce3d,1
b11c3ddbedf9c84352b58f6620a9d0b801f66004,1
56b35fc1039843bd6884fea872e424018335c0cb,1
aaba9b7880886d10f15d8aeb8eb6104193d1da9b,3
16cb4303a4d9c7a86df9a843cd1ff71f41da88be,1
506deedfdd2331947e6e5e4e996d611f9b964acf,0
buildroot/share/scripts/config-labels.py,0
3ddb720722133386c6e22f1d93554eb46f8d7abc,1
567d77f1cb62dd444ee2c13350b60bc2032fc083,2
f01cb240d7c3da66832a0ef1366784a73f0f4425,1
ff5c8d35705df99f385a6b27163380a249c2e646,16
3b9e0c3dde3d1879fa59fa1244a050319dc1467a,1
ee28a1079582b39fa97d563f4df4824964552638,4
ca4eaf92b4d1acda18a5ffba515efd5bd1be0e43,1
bd690f12bc7fc4abdd2fc5c6971b11b2635c4448,1
9590fcd85567d578087568bdc8c478073f9808b7,4
b14f630f26b95cd08ef047ba1a83cfb6dc2a537e,3
6dd054895b4566f7d63a629f3ab5f5aa890db8af,4
f62578efec85b155a0c969a1794b98bf1f6c19fe,1
d2d6c167dfb93dcd63a5f55552200f840fd3aea1,1
276d78461eabf9c1e16994ab4a1c8fe4930b5523,1
911cdd4d2f90104c74a6f5ee3a5656388eeccfa7,4
ce3df42e229ea563ef319f42cf5283f5a2ba3fa3,1
f642656bff4e71256ea491c344b3ddb695dd962d,1
b15c207d0899e838d41bd1dd684917769b93b89d,2
81f5973afc6da027bb2eb51f3f76a864585c01f8,1
f7b261a363d50f1ca071cd46d859ac3eabc3b4b2,1
837dc4727de20856ed9e633d42fce906d8702a15,1
8318d90e859219af9aa750ba2b91c7568f4dac55,1
852e5ae0421810ecc6f44631237208030e70751f,4
Marlin/src/feature/password/password.cpp,14
0a1b8659871f681464f24c40b16aa64cd2f7ca8e,14
58cfdb8f57bd71dd7a5ecaa8dc04388fd6944a5a,1
2ef6c8ba970a217259f1b108eee42086c7d8faf4,7
e3c0891d2b6f956ab6dbb8b27e37f8215a1d4903,1
c2d5b63a9882dc02f41017a5b2f24363a55fef8d,16
ee69fb00a6d9aee92074510de7f34f81d9ae83af,9
b84c69072efb6bf00ce17ecf99196c73f5f6508f,1
97cb0a8c3e3dbaeac07935938b145237a7285d8c,2
fd646d0d66f8e89972db83d2c1f8e79cea573c21,2
18adfe87bcd516436db001b53a0e09e58246c9e2,13
b3ca43fe7840cc37e80eff37e34a64992588107e,3
b68e591e58ee196f52760e654a9d97fe973cbd95,1
7b2f7a94fa596e4fd24e6f7b318c68514fcf1806,1
f2f1d8fa2113d077d6c3cb2feb10971122467f69,4
Marlin/src/HAL/LPC1768/inc/SanityCheck.h,2
Marlin/src/HAL/STM32F1/inc/SanityCheck.h,3
da4eaebdc9c1adc7387e302fe6516ed009974edd,12
cec035688df8e3c072476404f7b4cdb6fafce087,2
5e08efb0fc0e5991f70c19f55112025145128b59,1
35e11e5f8bf873a399e722d048669e72cc492a29,3
821d9e374eec799979363fd38f7a8ce3bd90a8fe,1
c3fdc7f81ec015fff664c4cddb61077e503e6a3f,2
4c8bb99059ae1e06319b4b9e9f5bb6914b5c8c1d,1
b2abeff9ad9fe5182afd0fd7d3e730c0894ff361,4
99ba866d8d3c9abc16558ca12ba34efb9a7922e5,26
6bcfb58cd4b208cf042fa4a66faf14f382d33d07,16
7a5d408bc0ad461c0bdbfaa4acdfe24356d7e058,6
d69c2a90b7721c2b779d31572faff5fd848d8ea0,10
a9912681b40ebaea6b452a41fb0d25ec9c93c8fc,8
41718cf55fadd1ded5bfe270c5a8ec73b8dbc76a,1
c61e980c9c3e8f04c265f1adaaa5be447a213c22,1
d922c002ca3d5de89f4ae2f309d1713100bec977,3
6da477e6bf675c10e1eb5c3279a06dffeb0c3947,3
3341fc6728581408222805d07e3d3835e1df8dfc,1
99fb65f359030879fcec2855a77fc2298c7aaec2,1
04b12dde492b44a2b1e18f2e38b126bc82edcfdf,5
3b1f84a9b74888f0cbdde33296f26da64e2288b7,1
181a35181b8c14c6304013ed31f28a1b86e4dab4,1
3a00ebd758e0325c30f6bf9b5b55ef67f48c2162,1
11b2bd835d743fe583065309340c9d99d1882a96,1
b615431aa6c01eb8fec4b7e5e1e63321449c14a6,1
4856ac50281291790405a0fd35be88d035416b7a,5
04c10eda92ee34ae45da75cd85c42211c23cf1e8,3
5823ebb446cc82a9a59eac9e1df5e5ab07bc291a,2
ca0ebf10d10d3c8e99c83c123c5ff2a678cda900,14
ef749bb69dbf23ccce343eb028c46a8a620b3c18,1
5e3411029d594ade5b4a496ac43864b9fa52fbdc,2
4d36baf3759dcf951e815ed18012adac2f504930,1
5701387ab9bc4f493f2db84694133e0fe8dce232,1
c175cce56e28e578b808309a09e48b1a92da70a3,0
Marlin/src/pins/stm32f4/pins_FLYF407ZG.h,3
dd587d45db4bb7b4e59d8d81b2ac889339231022,1
1d240ce5a3a5222ae43204fed3bbaf368fa93c2e,2
5847f9c71848ca26e8c5abe7acd4a62989f4296b,1
2465f2fd746169bca31ec43a956211bed15839c6,1
6b0d154956989e3222fce41f9563bdc8b527e386,1
b058aee1d4664ca7ee8053c5e3d7f2d12b5c5881,1
90158f9f679e2d18b10450bca0f3f2966b7756cd,1
cc50c4956d3743ec5fe11e1c118d105cf6672304,1
f3b37229fa9e7fead9c89fb4b477ba7f9d544c72,1
117df87d193994f6fbcd46c45573095adf921784,49
Marlin/src/lcd/tft/bitmaps/directory.bmp,3
Marlin/src/lcd/tft/bitmaps/fan_fast0.bmp,0
Marlin/src/lcd/tft/bitmaps/fan_fast1.bmp,0
Marlin/src/lcd/tft/bitmaps/fan_slow0.bmp,0
Marlin/src/lcd/tft/bitmaps/fan_slow1.bmp,60
Marlin/src/lcd/tft/images/sd_64x64x4.cpp,2
Marlin/src/lcd/tft/images/up_32x32x4.cpp,28
Marlin/src/pins/stm32f1/pins_MKS_ROBIN.h,26
bba157e5bd5a715e1c1e58061b9038adb981793a,0
Marlin/src/HAL/STM32F1/inc/SanityCheck.h,0
8faa31df5427be7001affd28a96cf6886e9d1f49,1
38ce5966e19094fb499ce7d647961c0594c5f811,15
73ce80af3a3f8415a7c3f7f5551b429d58019a05,1
95f990a656faefe071eabac107c1ffa012598710,1
251c5c47aae1451e5be8f1151fb248b5e6a9a68b,1
e549d474aa66a4f92eebd9512940b34e188b97c2,2
5eae8e78306ac570d94128e05dd3e6563b63c32b,1
fc959463805171f1f4063886d5ecaba7cd046040,1
05d95171cc4ef51e91c0c0f069d935f8f252dcdc,1
37b03dea8d34cbb6baa69f52ed365df94541763b,1
83e15f7701d36f3c8401ab0064278d233e2be6de,1
62da2c97d0f17fff6bc5bf3ca7be7ba6f9c8e0a7,1
159dcd8e8a6e829fa8caaa90ecf1a5140ea87989,1
f205cd7d2cf3b78c75f60648f972cd12377f0784,0
Marlin/src/pins/rambo/pins_EINSY_RAMBO.h,0
aaf1ee78a454969cf948b69e6afdd121adb80fc7,1
b80cc09b13dbac0b1b289a89568641a07e226345,1
de5cca6b1f660776e85d646d9c227c03ef60ccf1,11
5d14c3712f96e0800cfe30e85036f4941a5a21ee,2
b5ece63778cb3f1b5eb8f173643a9de621764820,1
a63ad32f71201b01e08f4f01a2088065587e6c32,1
cead93713fcdecd9a3722fad8b374f60722ff036,1
de68b3753faa675bed4c42345633e4085c1c072b,1
84b92d8f2fd519a41625ff2be080d503f1116d63,1
b9f0c06d834c1c4e1745f90b6b2b25f421caaf53,1
6924b2deaa6a790d54d1bd2814f19285baa8915c,1
f949287aec966d200dd14d55c33f974a75ffe9fb,1
3eef000e2a7623d0d1d1f56fbf3109023f5d74c2,7
d0222e5c76276d4bb1c46a4731ec63938f545eb0,4
e02817b07798b92aa31091c78c16581f0c867923,4
0bc8d315d8346352e0a1c2b993e21b87ed454c63,1
89722d2196741dad4b5981d9806b156a5486e4ed,2
0dbebc283525044688ffbc91b50b3ed0a2ac018c,1
6f26ed23ee0c3fd64bd3521f657e6755b5cacc1a,1
11702dc0596ad04a72628fd352622c2cf8249f94,4
bc688f27dc6db76021da584bc529f29ddb6f6cce,5
Marlin/src/HAL/STM32F1/inc/SanityCheck.h,11
d20d4591321aa467c062f0050355d2aca84e03ad,9
Marlin/src/lcd/extui/lib/mks_ui/W25Qxx.h,80
c5ec80d6c7a9acc40e4d0dd20d6282d6ec192461,4
60500c0c49259960d11863f9af24df039b7d5fec,2
0a81eb15e263282eabd1110548d176362c3c7ab3,1
97c655967fc2a2832b000891e204bdc2eeb7b4be,1
87ff532a419f3053c1745160a8c370c83f4ab548,1
451f48231d922d473bae27d2f8992857f0bc3fe2,1
Marlin/src/HAL/STM32F1/eeprom_if_iic.cpp,13
8c88c33d9f1a4166db4d5ad0079904d040cf18b8,1
1d2d616a7c010160b12131c2c344e36abe95378e,1
f23393c1ec8a821e3eca4277f73846ff018d05f3,1
2c61e6ba2802919ec8c2caacc34865335464098f,5
9156c32a54b52fd6fc151644025330f229897eb4,3
d1e20eb29f15c0dc4faa21769251709c455d18b8,83
715271190cf9c818766396df8489d9f8529f11ea,1
c5b3031c69ca9d844d463005514ebfd44b0499c2,1
e27f031a5585abb3e75e74be92c5a59309768fcd,16
e1191ded02bbc78a9d008ec79fb5ab3af794163b,1
42fbd527f3bcc317ae6851aca5a45bdbf979de55,78
Marlin/src/HAL/ESP32/WebSocketSerial.cpp,34
Marlin/src/HAL/LINUX/hardware/Heater.cpp,31
Marlin/src/HAL/LPC1768/eeprom_sdcard.cpp,7
Marlin/src/HAL/LPC1768/inc/SanityCheck.h,12
Marlin/src/HAL/LPC1768/u8g/LCD_defines.h,77
Marlin/src/HAL/STM32F1/eeprom_sdcard.cpp,6
Marlin/src/HAL/STM32F1/inc/SanityCheck.h,108
Marlin/src/feature/bedlevel/bedlevel.cpp,83
Marlin/src/feature/spindle_laser_types.h,48
Marlin/src/gcode/control/M17_M18_M84.cpp,21
Marlin/src/gcode/feature/camera/M240.cpp,0
Marlin/src/gcode/feature/cancel/M486.cpp,12
Marlin/src/gcode/feature/mixing/M166.cpp,11
Marlin/src/gcode/feature/runout/M412.cpp,254
Marlin/src/lcd/extui/lib/mks_ui/W25Qxx.h,70
Marlin/src/lcd/language/language_el_gr.h,10
Marlin/src/lcd/language/language_ko_KR.h,3
Marlin/src/lcd/language/language_pt_br.h,7
Marlin/src/lcd/language/language_zh_CN.h,0
Marlin/src/lcd/language/language_zh_TW.h,17
Marlin/src/lcd/menu/menu_bed_corners.cpp,18
Marlin/src/lcd/menu/menu_temperature.cpp,112
Marlin/src/pins/linux/pins_RAMPS_LINUX.h,8
Marlin/src/pins/lpc1768/pins_MKS_SBASE.h,19
Marlin/src/pins/mega/pins_GT2560_REV_A.h,22
Marlin/src/pins/rambo/pins_EINSY_RAMBO.h,0
Marlin/src/pins/rambo/pins_EINSY_RETRO.h,23
Marlin/src/pins/ramps/pins_MKS_BASE_10.h,0
Marlin/src/pins/ramps/pins_MKS_BASE_14.h,0
Marlin/src/pins/ramps/pins_MKS_BASE_15.h,0
Marlin/src/pins/ramps/pins_MKS_BASE_16.h,64
Marlin/src/pins/sanguino/pins_MELZI_V2.h,30
Marlin/src/pins/stm32f1/pins_MKS_ROBIN.h,20
Marlin/src/pins/stm32f4/pins_FLYF407ZG.h,0
Marlin/src/pins/stm32f4/pins_FYSETC_S6.h,10
Marlin/src/pins/stm32f7/pins_REMRAM_V1.h,2
Marlin/src/pins/teensy2/pins_BRAINWAVE.h,67
f9b1da7beb6f66959b6c6171809132ab591bd817,1
0b46fcdce6362197b92fca0a472da65606938f19,1
b4b19aef7f61c6dffa5ae51d76b5508296ac703b,2
748c8a7ecd7aa90b7dddbebcd7e2ecb856ee91e4,1
a9e6af856622687431c050e3efdb34758be8fc4e,1
2af216cf828ee2276769b565896cc7a374e8210f,1
1e5d73579cd0781e8ea50aeb8bc11ec53ce23171,2
2119e19bff477be2bcefcf9b7f50ff60fdccee32,1
6027055695f6fa49b857bec0552bf362e0b2bb56,7
469f63f74d4ee65db5288e4b69e1dd784eac0bf3,3
f34024af3457d1d5e2f6b4d7fe83f5b00f8fb597,2
2a72f491e4fcea46a00fc8ee095c96c198c142c5,1
f1ffca1d2d37982747a09050131825b4feaaff48,1
9ca070fa10f18e7c37133cfb37b0e756bb024ffa,1
e78f1237eac17cd53ecd2ed698f2310e65b36e22,1
3aecd922984b140d2e7b4295025d2352c6744500,1
cea097df833767271950a210d265be1d7a534295,1
0a86291e66f0c33d399b8698dd0e7d41e628181b,2
a847f37d43e4571ddc848172caa71e49c087eebe,2
4a55bdb1656de2fc63d3d93f53ff50a1e1ce393d,9
c6233b1ea8701026d7605be79c0609fdf96c2aca,2
805fb4cb1b837dbe983602f56f067417e7e00929,1
12bc63913cb5c05adffd5ea22fcb8837d2cd34fb,5
1c94033f7c0ecae200174f251d7cfceab5b7048f,4
12ebb7115563bff96af4306486adf51f185e85d8,1
Marlin/src/lcd/language/language_zh_CN.h,0
d96691f8ad6a1a35f0dcba686edd8cb1fbaf7fe5,1
cfc36684aacf0ed9443e039d714de0410f52f7d2,11
e85d828b24102ef4204d4792dad24e320d42cfd9,1
0ddef5544a12847eff9163996844c5cd329cecc0,3
d579b70b7e58b3cf49be668b5b87ea57a8971c9a,1
a3795e3e48effb244c9f7a0a5b60402875efb368,10
Marlin/src/lcd/language/language_zh_CN.h,0
afce012960e474c41e3b52ea75d19178cad6019b,4
6f0885a3a39deb1fadf45b11b88410c5c14637a7,2
b9d4b0ddce6be756ce364eefc8647cf3aadc9da1,1
f51388f287f43f2bdf11662a0d6a54c9b4cef799,1
c2363a81b47a4c5ced63fa0765c67c0a4ccf462f,2
f4aba996244604afd27cfcf6d5f2654aab597f56,2
e34684a9c7fac4b122e866e24f1599ad2dffd17d,1
bd0430dc38baa8cbea3a07150464ef62bb17bd92,2
4abad60bf199bacd4d43795de54cfcdc77610028,7
e90bbb37d4f956ee4050ff02a4f9b1e0275a87cd,4
6dd2b1210f2810fc410af6aad1f50dcde4e3406e,1
9424567189a9116f969eb786b41d9a5ca5f02322,1
1d6868852ba0f05312bb2594073a807ae98ead42,2
b8807128893a0ccb2b4633e27a91024dad36ed4f,2
6b0e8e5fd593b118e6acc174a669a1650da47b67,1
11e29754e65353e5bff9a0a0d990d8fbd6c1bd07,1
ed3df41a7e0090eb183ea840c587d3f02ff82190,1
0223ca8abb96ac45dc02fdf8871ed508f0f48ec6,2
05c999a809ce57cb7b6cfded72615bf5ffb1f2a9,1
246eac0c828e0ed1a4a00228b62f687bca387727,1
ef90cb7c97b93223ecd3147bc2ce80b6344bf8ff,1
76b67d55e2b55317c21c8d24d014887f2c2329eb,8
55e519a06f47e8c29687ebf2b58cc8117be0afdf,4
e78f19bc87a9180148866df1b93beeab083eed17,5
2d33a9fd7c5485acbcf69c506470a67c870ef113,1
Marlin/src/lcd/menu/menu_temperature.cpp,2
b40440cf3846bca4a0a10bb43d6d60f725a26cfe,5
3513ea7ae11efa1c3d54392a4f8a398400e3ca19,1
0451e43adb2bdd53fd7243f98a41afb413499817,1
95b76a65c3fa39c265dca000ca75ce5ad7025720,3
c9718504c5f98b09c062f2b56db1ca59e92d27c9,1
0e1cb10909b47d939d0766c35cdd3cbbd1d37def,11
b67000126984718e559e984da92ee99bedcb04db,1
7a0af01e692ddcf2ee55800a035c2276c40bee7c,1
0f6826ffc0423aa4485c759c89acc467f4a8d784,1
56c3deb423e15a6257f246d13591f71438e5ec14,1
2c238e4fc2f18da08d7cb171bb7236beccdd6f83,5
4457b9d5d2569eaae99e70ba5030be73402a5ef3,1
d09347d603e506fe014e16e3102797296d0e1559,1
c4dd0082a1a24a6f457488fef3fbf8161e761b46,1
c765bb05d78ca26be6a924f5455a185c8cb759d8,1
b6051efe5b13052aa7654269c8bf8c4f5fed03d5,2
8f725e25b5242121662248a66d96ecb69ea59d72,2
e35a1d396f28a859dc07783a702311eb8d9fd772,1
69490e112240362c004e192e3becbcca3c2292fa,11
b64113411c83d6f6f6947d9ae94faa65406d32dd,2
0f64e7912f950c617d1cff2b3270c70c338e4a9a,1
d884d1eda819dd37521013eec8e1a74e77b09038,1
b0c6cfb0511b8d71fec26ab91cd945f3d623b3c0,16
Marlin/src/lcd/language/language_el_gr.h,10
Marlin/src/lcd/language/language_ko_KR.h,3
Marlin/src/lcd/language/language_pt_br.h,6
Marlin/src/lcd/language/language_zh_CN.h,0
Marlin/src/lcd/language/language_zh_TW.h,7
Marlin/src/lcd/menu/menu_temperature.cpp,3
abc5c93986cde6f98916b0dfc259996e1a6a8e72,1
95c2cc3966f1c1f1cbaeb5085a4f501a07572700,1
73fc0778b864ab1f5e5c3f065f5d8db75a0bbb7c,18
0eab9fc08cbef629b43ea42d77906896d64ccce1,1
ca78a57b1dd5bdec1aac9a2ee7bfd72fa3d7bfc5,1
915847b75aeaece5d9f4ef2f2c79ec464fd30a4b,1
8a55f9405c12b02263df4377e3ad4fa26d4404c7,2
c2e0e61fe85967ff4ef4bba7f1f49475f396ed53,5
1815866877787b6f6c6a2315fe565362272452c6,1
f52a1eb111d7654fec1e03db7fa87a59a8146730,0
Marlin/src/lcd/language/language_zh_CN.h,0
d6c177008f465a6369415015bac8d8cfe5101d41,1
67b2b78717ed1dfd1950872832e94a11e77357a8,1
759d63d76a505ad11742f5e90a331b4401a99900,1
35bb616d3230537e09fdb83afe054508ae2725ab,1
588d40aedf4d0f148186280cf6f387f5436302c2,1
ea94716a87885653ae88d2ba92c6cccb22286f12,1
d6682c860924ca96ee51c15906beffc8e4b4f37b,7
9546847dc1af1d4df4842b99576010890bdaf8b1,1
d3b2c092219c238cdeda7d2b601460bb6c449deb,1
12e7106a8afaceb01f41a1bf61e24049c6e7b49e,8
ea8c3a9388f74ab1a05f5261b3373a1682575899,1
378b5685b3510d59d5b1b0b46942f2cc9df0c8fa,1
9a0b9de3ba4747a7eac0c714e361b56a1f86fbeb,1
9ee891c4a602b8cbdf1f477e28b4e1bc9003fd99,2
6f14d2d37fbd4c294401243dd2575df1fee9c2bc,29
af8be58d9287c7c49d68bb5319ca2dd262042351,5
764fc81761a539827518adee094f700889f84918,2
9f5b8c9bbc9fcabfcbab8a0a2e4de2b7be361da3,1
e48489482c78c9f16786405794ea3a1c4476271c,1
62c00aac2c7c28c395c7eb9aae15cc56fc9a9eea,1
a6b8b12a6a001a25dc73e8ab08f71e357ea58e48,17
Marlin/src/lcd/language/language_pt_br.h,6
Marlin/src/lcd/language/language_zh_CN.h,0
Marlin/src/lcd/language/language_zh_TW.h,0
c02451b602d6ee24d09f4f41269c85c0972a2279,7
c8f7aceb20fb861b486b17710001c6cdbc05c3db,1
dc6d8357a681cc99e04c5980c0ac66009c173e85,9
0fad9535d19001a08487d17f0e1d95d18e34b0ab,0
Marlin/src/gcode/feature/runout/M412.cpp,0
f9b6c504dfd122d302789214aed00d118c38862b,2
52a08956353088148c892e00a1f032108fa3f85e,1
db0436cc617a73e248ea151c29086147a7695bb0,1
2266a4c68a63273e40975d66d0165e3c35a085ea,1
81cc803ade20f61c9645ff5454486306609e65a0,3
67db7c02948a4b1b3b69391881157b843cf5e91f,1
ea520e670a1c5fba9d6c587c944a787dbc09165e,1
6df927d3b24c539edd3b7dc6e8717333678c6ff3,1
6eb19cef115eeb2bb6930dee0a773c1c3fade2c6,0
Marlin/src/gcode/control/M17_M18_M84.cpp,0
aa40deb90192fe6c1cb77bf1e7cd697faaa4774c,1
7ca0a7df190b46a58ba20920c175df7722ffbf7f,1
3641972d0d4adc6198ca7489109d9b5cf92001e7,1
91dc74ff16d5edb0d8ab5c809614acad25426553,3
bb89e33e24bccf52fdcbd963e5edc07693ee0bb6,1
382c566a7771badce5161c5418ff1a329a6e340f,1
7448b65567f15d340b76e5435e1f1f1bc144573c,1
90380d566404af9cca38d41d0ca433c3d4f5f954,1
8c205c5ff69e1c09856bb874fe81ac736c42b631,1
f6a2b6409192c4e349321f42a5c0ebfd4e278b82,5
Marlin/src/gcode/control/M17_M18_M84.cpp,8
2c15a787c7f235a64255beb7fb6264a7a35e3d36,4
097347b5756dbbe54a4463d07e0c8cf3db792123,6
e401b0c8ee57c63bb129415aa6cccadcddc4aecc,1
299d1fea24a03a251bf2a1ca129c668fc297fa29,1
7b6629c08c66987bf0e071cffd72a7d05a6649f4,1
e25da63721832cca3ee1cdfea3869d9cce4302cc,1
652c75ceb906c7e7993f1bca59934460bad23f1b,1
c43bbcce152b4d3b4697e1e188d3bcada76a24a7,5
Marlin/src/gcode/control/M17_M18_M84.cpp,50
70fa4c9323543dfb65d10969838899575406cae6,6
e5bc9d31cc87be5c7ef2bd3cd70c2599f76d2bd7,39
39105384ba1acfc387a687d053450b4b645cbb94,1
d7e06198c5edfe76027789009581ca4b90704add,1
992dc14c86e6e4579481461375d3eb743dedab68,1
21cc924b75c037d87152ad57ec22cde8ada9fa8b,1
2d6c17b044fc14162727fc5933de57d94973dfd5,1
34b84d3e63ae313261e736389c60f8883701a70e,1
bfcf7ac2fd164cdd079d419ad5ae48a5649de1f5,2
69b5b91c9123537423147d7c76fb99dbd807480f,2
ca4ade4c44e50b65a588b041735ed852b71ed721,1
48151d177890d102c3e7adbc00ec5ee6f367a8fb,6
30ee0d380090487eb7a78a940b07879e9d71cfda,0
Marlin/src/lcd/menu/menu_temperature.cpp,0
f4e15967e8887b5e0010af73e64a947af0edc40e,15
ed96b507b90836940c05840206dc4216c1682646,2
29753baeee75a00d3085c07643629b9e8439f447,4
31349fd69af69dc855062ac7f8f6b3750ec5f1ca,1
59e4de8a55abc7eb0fd0b8c3c753e22c9aee0fb1,6
3b80690a71c0a97f75efb1721fc007ef5a018c1c,4
c1dcc56a0b5bc110289ac9c4aeefa8263c5174d4,4
e392745c86eab629207b40c861994efe1d54e087,2
ad1470b5d251e3584325ce243732b95f447f5209,1
8474050adbe1bd4d363397cfedefaee996ac1e98,1
a907e15ae63b403358d831766d6773c76614702d,5
319e93f55d616d4c6e4a028888167a898dce7d1a,1
5a96695ead5986a8999455424b7eba237d33be0c,0
Marlin/src/lcd/menu/menu_temperature.cpp,0
90135803a3fc976fd7b9700c121a8f1485c7e662,0
Marlin/src/lcd/language/language_pt_br.h,0
2330ee48f233724c27aa9bca33c3dc3d6ef1c973,1
ce3fb616045404608fb89b636374decf2ff615c6,1
c6a066c0be1dce2cd7595d8fb38d0b82f924f786,2
aae5f7229c476d606c9bde7ae95b143fd26cfbd8,1
834c265e2cb0fd16c388c732540c103687baae4a,1
452072cc08efcfdcd01c712c69cc81a014ea3626,2
f445bc26e52de36239e595ee3fbd2d25abc97258,9
520c0ab96b12cb8b4508eac0b941047b0cc7cd6c,1
4ace981ba06cc0a49c38939de69667d3326e9979,1
Marlin/src/lcd/menu/menu_temperature.cpp,0
859ccd2e2893d4e6002b43dde0dd7b19f663d99b,6
43a994e0dfdba0e6fda7f2b5cf5db3d622e97435,1
Marlin/src/lcd/menu/menu_temperature.cpp,2
d0f2fde920ace3448fc6072cf394f793b96131b0,1
4275466f4930ce554419f5f03f07119b8a9aec04,12
Marlin/src/lcd/menu/menu_temperature.cpp,6
b0aad414ec1e9a08985a16ee7ed6439e9e8618bf,1
eb5f8b693bcbc8adc41e0c351e1d4be1c9b940c1,1
c135db1ce7b8274a014cf9108f569b6cb442aaaf,1
2a650a2793be724077d624359d549297d0a1daaf,6
c3d2ffc09c8a15398894bb2050397b9653878923,5
Marlin/src/pins/stm32f4/pins_FLYF407ZG.h,0
Marlin/src/pins/stm32f4/pins_FYSETC_S6.h,1
1fb2fffdbf14c8970d57c8a59310539c814bca89,3
2a9ad52ab104d29ae496b691b42535da241fdc4b,1
f011c6968bd6bc92bc4edc36270c5b58297ad977,1
d55a53f9bbbd47cb95365dd9eb53efcdd5f56b2d,4
ea569ca29eff699f4e678908660f69e3a1e5e78c,1
a0bbdde4218395ba61538a32c0ace5b3f1b44ac3,4
40fce56585594647ae0da610682909048f084eff,11
buildroot/tests/STM32F070RB_malyan-tests,0
buildroot/tests/STM32F103CB_malyan-tests,2
buildroot/tests/STM32F103RC_fysetc-tests,5
buildroot/tests/STM32F103VE_longer-tests,1
buildroot/tests/STM32F401VE_STEVAL-tests,22
2139141f99d94cfaa4bf5ec06605542a2601e9ee,1
25c7c43a829e3bbc581aae20d24b724a7ad8fbdb,15
1ea4e393c9e955ac71455ef5f5d703eb9f9028e0,1
7434d40f8d39fe0e5cf0f06a2164d3ebb1d88714,1
e65e2f33f1e4a0a8f47a444b1c14fe659f3bfd26,1
07966ea82b6bde36c13aa2265165a9d4883d8445,1
3bfbd47c6dba54b3628e55135fd93b87938d9881,1
e52afa8b19baf13fe0e6b1818a62fc658b2600c5,2
819e48972d9cb321275a37fcfccaf2a990f4f222,7
Marlin/src/pins/sanguino/pins_MELZI_V2.h,12
Marlin/src/pins/stm32f4/pins_FYSETC_S6.h,6
b6cd8b230eec8e700b533c2912092a6bf9bf325c,1
2b286a101a676d6139f1807eae047cec9125e53e,1
8982756b4034226f7c17e4fdfde36a42cb8cf3b7,2
31167c158b6ed7fc7a5105c7f7848ae85058c11a,3
d236b3dcf5c70498c07ec8b9252a9ae13b22a457,1
f604560c630dc05e51f9b6cad26569153e96de33,1
9944403cbfd76efb4ad30da86cc552d9be64b9fc,1
106cf0d71e4bb405182a1b3b1994b121777e27f9,1
ac50a355a37673e521a052dc2d38d991144b4d05,5
900d4cf8e713e282466c67598ed5d254cfdb72ee,2
e424dfc8854378ae9ea4448770a5510b070654b4,5
8000182bb9082e544793dd5a8ece384ecf566c90,1
67db50c69950e96425005b5b165558323d41737f,1
1399d75022036fd1ffa1094b5c36bd5482d3dd45,1
6350b98fc21c7e622a7f57a657830fb4ba1075da,1
eed32457e316c2813bb7beac3a68e61185cd8e85,1
8225d66b554c7f51e955fe0026a06daf7eed4ea1,8
bc9e5e2abc6a4c6b87d6c2f98af75cb0d5e58be3,1
eddd0d91a4b23f6ee04f4f60d955911b1f4743f3,3
d8c3aed0383202341a29e65fa556a55c5af47185,3
a173f339977c3a2efef6a6f02d7d1214a15f3df4,1
d2363c5b35a95ffc8adaa59a4a118faf64fe34e9,5
ef2657d5657c6e4446db65eb335d112d80c7cb2c,1
88e4dffe883036b73c224df8aa45d877e65ff93f,1
8e20691f423cca37e5b0f4ee301f6b4002a269c5,2
424569b4c4bf112a3939724b30bad528a76a2b08,32
c8e99d572c4f865f27dea305bfa2ab8bde2e6848,1
fa3cfa19be7b4d6de4d0cd6cab8a433a65ddbfd5,1
f13ca24ade7f4159eb64de12ba4c928fc5e26f8e,1
031f308d397919616c5128739c4f6e13cb92763a,1
c7b553c7b2ff4772c9a9b4da6629087e8869d195,1
697b5fddf71af781e0cf018d2b29e9fb5aa020e4,1
e58c2d27fc4239f06ccfeec8d7592e4ca7a9c1d4,1
23806aeb3c5db7248ca8a390d1954f444ad2dced,4
0b30de1b8ea4fe94075b779055e77e6b87e7b85a,1
1c13428d842096949e9aa9e828127cd79a5dafff,11
caeba33d28b420acb868599914abab3d2fd7cd49,2
51be5955735a31365a0f61712135b67149d80e03,1
2603a237f9553fe55262e4612a7a78fb98f030a4,11
749589b088698bea5b2203e16c8a2e9f849f9c69,2
c4b11e03b970066c2089443580c9f87b86eeec76,3
c81ef492e3d0efebfcbf78cd03b303b460211d78,1
8b96d885e4b8e00cd3ea479290b82557abef11b1,1
b5f5736c9006b29f379bf4c14ae97d44a5615be7,1
f4c258dc2355fee871bec6e11095c7c4777b160d,37
642112d3eb7c1af9a52feec8134c85ed3e34891c,6
Marlin/src/lcd/extui/lib/mks_ui/W25Qxx.h,63
6d571a547ccb0b67625bc2212b4fbf22de6bd3e5,4
884e2146a16ef5acc6ce03b348f1fa0034f5f5dc,1
420efc18f4f10988c2f210f6d7669e8cc0fcd65b,1
8358f3eadb621f361233ccae6b72179e94573e5e,3
636813a83ad1b245c3b33e65a5ea07d9b6328eca,1
fe467048484c4cf942df5c120adb061bf275fe79,1
a4b46eaf8f45ef9f8c212b9f17692682cae08aaa,3
aea60d94507da282c182a065c226734bc83f4d52,15
138d0622ee2d8f6fc571806ef0ab8b5dcb8f1ebf,0
955971486b5c53b93b7ac9447dee3379bb6d6aef,2
fc99665c01d73115485352b9e2c3d03596fc2031,1
bc43a2858711610e9d2896d1b18ba3afdd119467,1
10601a932ace48207f7597b1cfaecf73aa48f817,5
e1d07f9541725da406b5e070498897e85907538a,1
9a52193cc6c562481c7645e10e556bd13be67e46,1
5ba1cbaf8eebe5474c657e0044c56dd5dfd0d41d,3
8609f5b2f2571115d35a82f70489fd19c53d6072,1
1e41998dc6bf58f3b6e63df8d217a2e241ea2af4,0
Marlin/src/lcd/language/language_zh_CN.h,0
7db3391524ac183c682dacea3e1b7bb927ddc245,1
62db10919a97b148f4f2d52c805e90494cc6f21f,1
3e5158c4307ade61ae58f253f0d14e1ab119ec3c,3
2668288e6cf14927282dbb6bb35362ce481066c6,1
0c4cf2ce321cddc777b23178543f641561dad958,1
40f55f8b983bbac5d2bb08785b4c852926567fe5,18
0a49ad1ccf1122f8fc9a90bf8c103aee10e1b9e4,4
1d504e596df79b0572de23f628af457a017b6be3,3
eef29311500dd573177afea0c9b213176d8e497b,1
2ddd7d2d8def661448b248ae062e76ffd8a96a9a,1
92435ef5ea73224b5358912e5be156559c46da19,4
c12111e2cc8c0ea2f3a50f174193c778ba562038,6
ea20c77df90b5618f00dd80905474702dc3881e3,4
85e48bbb0da178b2e41946fbc795243d3a6e6190,1
c6f3511d8492b54eac1829ec7a9cc39595b85d7b,3
fe969ec6d36fa3ca9645e9a33b12e6ac583cdfe3,19
bbe8400c5acab77e0ecde71bf824820c2a821875,1
b1609e82a0c8f15fc9210220556ce07971e51c9e,1
67305f7976c8ec66459f22e80add8b040fc4c6a4,4
3bf990ec346b0aaa536bc1d46b668dd2b4973916,4
2de22aae2d1fa48b816baaecae0f9a5a72e57950,1
e2cc96662155118f16179518770b03e87e7c05d3,7
75119c433af0a66236de07ef1c20548ea672104c,2
a9fc8c3f2a788b1e43d1c9a6f83bd7df27a9260b,1
3eda8b5a8fad7bbb042352e4baaa6915e122dfab,1
ca5a8ea827e99a681fa1dfc7e8d4949ef0c45d9a,1
265ab19ed24eaa93120df07b1a46ffa1cb48b141,2
bcf7ac748378aba93c3aed21a19a716ba9e18f07,1
63c280a6cacbef8c1d21d2c373f93d8b577f36fe,2
f2b2b391db124dbfdffe35e82bd9c4540a576e47,1
0fa345f98f7223f2546a9a6808d5c67039fb3aab,3
2f28e8ba1399ec4a7adba1c8e03b4055cb8ef1cb,1
bac760207c3e85b9ac97a36c37aeb4ad601102a3,9
8994cc8b261d904a6e8813780f4328a2bf236750,1
eda2fd8dbea69cb8f571f2992cb11334b2cb7a2f,4
Marlin/src/feature/spindle_laser_types.h,11
5ac66b0f959f0591441514754d5b2bb5b4ccb44e,1
215b400038806b9e9682898390478c0bd61e2b48,2
d7561c4b98f960551b084187ba445da489336f48,1
cfd31ff70ee949eb5eea61bf30eac24aef9fcb9c,2
Marlin/src/gcode/feature/runout/M412.cpp,7
45488a431ab09fa6a2c898b83fed27e27d23f13a,4
1a5663fbf4fc54efd8a9ca9ecad888fbae2cc76f,1
89704ce7f92831d9729bd8b348f932486cee8717,1
19024306fc834fbead89e749d64d352194befa84,3
941d72fd8d06c814ad323dfc91da01a9628bc649,1
2840e3a8f9be71b19155602650a4097031f2d2c0,0
Marlin/src/lcd/language/language_zh_CN.h,0
968979f42db67767539022166ac1114ec932a69c,1
859b047a23d5dc04f745b2e07e3938467a01c4f6,1
8313302266d35028e7ff00a0bcc8b65f2f8f19d9,1
9a0b0d84695c55ab8bf28ec8a7a5ebdb0afa95fa,3
fda1ef2dd3418dcd70420aac582211c69cf82d3b,1
bf25cc84127fcc18707ac5b2422087deff5bf3bd,0
buildroot/share/scripts/config-labels.py,0
63717822637064b347d046f8f39be824eff51785,13
f350e9d0cb6387705cc44d1aa8031958469ae3fa,12
9e2f142391c762666b0152785d8085ee08a007bc,6
Marlin/src/pins/sanguino/pins_MELZI_V2.h,1
fcb8c5a1c1220c0f9c48fcecdd848a060c998703,1
a500862dc6a01696d554e4f714782340fbc17d54,1
2d1cbf8e1d9f4d55f79b5c5d0628965472a7f92e,1
d5bfc5b07beb624d30fbed15b6eb4d2b258e5095,1
076b2112a39966e3c5781dfcec393c90b70303ce,0
Marlin/src/feature/spindle_laser_types.h,1
6f90967780baeb369f6ffdc14a41c3b3e8ff5e84,1
8477dbf65db4572d6aac07f5c732130607f31545,2
419f31f3713607d6867e342ee4e907f28112f945,1
ce62209bce9a1bd64cda1e72d5982a4ff0b593a2,8
a0b27e67022859bf2d9cad5be8fdc02301e50d1a,1
5f9624f70b78fecd7f2f27318b01578bcd038a06,1
142e65192db2ab4c275a79ffa00e70e3069cabe1,1
a1f3d2f3cd9bf8bb4da16da0e55cdb5ff264a15d,3
c9a260ee12c9cc6a877a9e1155ddc8c619e4b7a4,11
ad08722d0de51e3bda05985416800818e7f0d310,1
71195961701578d91bb348d71f5adcaa028ae9e9,3
53cb2963dc3091828e6aedc2deec8a123b3634eb,1
544f7202a3d15396ae42063d2507de1e5fde9b55,1
33d1e77e2e252f3a3825941630718ea7d8f67451,43
2bf63e29c627ec6396cd2ac84e76c2cd45d03780,33
48d9a5367b6b52f16ed8a38c71905a33a5c8473b,1
785f442c8c937b49d9d90bfef8b1e98314ccd524,0
Marlin/src/HAL/LPC1768/inc/SanityCheck.h,1
Marlin/src/HAL/STM32F1/inc/SanityCheck.h,1
bda380513addbb6d69b1aaf287876225193f240e,2
e380498512a325fe1e70b20d4c60a81f606eddbf,1
6515100807762a2ed430aabfd6d20b011ee3d2f8,1
657eeab0138953d59264cc06c872c452d5a62858,1
dcb90a8d61849e8ccbd5dc83fa88b56db1d7df33,0
Marlin/src/HAL/LPC1768/inc/SanityCheck.h,1
Marlin/src/HAL/STM32F1/inc/SanityCheck.h,0
d2d52e3c348c8b2f135d59fe2eecafc22ab15db3,1
815c8d2b5562115932783c9b3b93372df157f30b,1
46112b9d500f2d568ba1babe6ca25149b502f001,1
801f99edadbf37966f231a8ae4b06fd93ff58cb1,7
2ad3da98d4a733791eba595c9c79fcc9d4106598,2
3430d45f533ecbd7ff0dc253060e403ac2896fae,4
7628895ac861460bdc6b916e32de8e6a32bb738d,2
6ee81f0d26b6c6a8fa7fa19d764c00701ffba84b,1
200ba87d63f97c7ceacbc839f2077e6734f994ed,1
30832ce9156fd21a82c494a35681ad25f35f12ae,1
9b92d5fb0e9ecf570181f4ebd5ab436a5870dd55,1
a740b6b3180f2407dec41f944faf69b8f2100615,1
11ef4833f8ac68aae62b218c1cbcf03c344ab460,1
84c43e9ee799bdbaa1e5d53f73b63cca85a57d40,1
4724af1011010d6efe273688e2aca523b8c083b4,1
3bf0d8d1617cd2cf088499963e49662a3fd9c2fd,3
a49319f3dd508add96b1b057782d42a601aa4bba,1
094bf400633b426b4bccec5c5f554c498b56de73,1
6c994002af1ef13004490b5e15501e6cdc70dd88,2
38ccc769f79844f1e44be5167b060a5af5cc4937,7
8b320f909541dcb9bf770a32628450f9865f4718,1
f402ab7afb8bf7b9989bf0b75769be30c302d921,1
5fefecc5268f596ded2154ae323249c003e5d934,1
f3bf343c89a1452af92fa7f57f3a4eb2761c77a8,2
5fbea83840dd947790128ec19fab90da29679d20,1
f776260d7aaf47e54967870effc44a55fa4001bd,1
de89a4b7c1f78e16ea3ed706ea97760ffb1523c8,1
7d7f58c3e3e2ddb633ea81e67aa55ed7ac646d84,1
fe7452c5cbc9086abfdaeac316351cfa17de61c4,5
8c0c8e40463d2145e8a48fc1e23d4cd86b0a7849,2
59dfba3bb85e29a116663f6c03d0be1d5e3b3d58,1
9bfdc88e522e273c9e03310b563f254c8b2f139c,2
929b3f6af9cc6ae551f67ad9ed844ceb80cec9d8,2
0578bbbf5d744f025978dbc81d7941048a45698f,1
e6e15dd764b094f51dfb9088b7fc4be64ca14963,1
7554836589d98dc8aad41651cefd12033161a725,1
dde8fb9efbe5ea78a718a39299c12270040a9e10,1
8292136f776424aa6b48e7193b531713d7d7ccd0,1
62e903c463f49528ad2d9a82eb5b0924ba45776b,1
4f1ebb4440ec3ea7d694c229b426fd5af1a66473,1
461647fcee5f9d519e0e54f809dbfb38bf573e59,6
Marlin/src/HAL/LPC1768/eeprom_sdcard.cpp,7
Marlin/src/HAL/STM32F1/eeprom_sdcard.cpp,6
Marlin/src/pins/linux/pins_RAMPS_LINUX.h,21
Marlin/src/pins/stm32f4/pins_FLYF407ZG.h,0
Marlin/src/pins/stm32f4/pins_FYSETC_S6.h,4
31eb487da5778f653c771331bcef6b57e3511404,6
f7346b6ee12b2153f84fd34faf6b954a5d76ab91,1
8cfcabe14602b459923c02e43a730fec4ac70e42,1
4e512405633911f8809f774c175c270d288a8586,1
9bf768a3fbefdc270efa237a10a9031c975878d3,1
60bed3434bb7aa51b02978e93dae5985ff24fe3a,2
7b2a056656938b19409eab44a3e7874667cdcf3b,1
0b0ba7dcf612a5ae0f59d3e3697e2baff8ce4464,1
7be748b9b767c5095dc90b9527bb4329da2e909a,1
1e32df4c7533c507c8271c570ac8e90f47b8f644,2
7696dea1c6eeddb1f1dd99e8acb480c2aab8f28d,2
bce952770992bb9e1dbb7f943d67d9839e32b1a0,1
63c43de9b425ae042add4d14041053a3c5d2f157,1
94063e3a873d3e3644d1c363cd4d6eec82de649f,4
213d4b890ea4997db63b0946cde766581d7f96e5,8
6e01079b481665be8e7ffed903dcbefe7f422ea6,1
e275cd379815df003ce21df1022a81f5bb0e8f25,0
Marlin/src/feature/spindle_laser_types.h,2
daa5bbc5ebd4127db10eef99dd450313de64c457,1
fac3a7d14788d7f80112d0c6456ae460b18764b7,1
c60600ebb92169bdd2cb983a86d3be53b6f449b0,1
d9077e51e878fdfa690a52d8ec177b6bc61c54b4,1
d9593c8ed47a07bdbb56ca5ebc7009df826fd141,1
c73894308c37ebf0144495a2544debc25ac22713,1
b8fe3bbd6de5141d38295f0d7a4937d4ef903726,1
2ec482a10263fbf6eaca7c8cbeb51d20bbe2be18,5
df04a427f340ef4950dd5d02cfacdfdda35e17f2,1
3de1421d72b25003f253c76f3dc5a8d2d44accaa,1
847bdeecafd14ea611af0bda723ebe99c8d2d29b,5
45a01a3ecab5247826c8d1cb3d7b531724d774e7,2
76a65ffe7417eaa15e16bde825d36ac11a5ea56b,3
3e739937346565a9ee1f79638dfe9f047316c036,1
64876f77817bc768f5e26b0d2ff1268f35c88b91,1
6ae7a40f994ffb2d2be10a041bdfe89f4585db91,3
1d654b559db77e866351d1bb18bf227af8d87bd7,1
6ec89031ee192c20659fb6d274c9ad7fa890451d,1
5a92462c0fa8fdd84ea315c62c89f5fed0978224,2
21bfb94357d171361c30fd6411932436e8c23d58,1
6d92f5658219d5aa3a121300319836106166ca74,5
104d0202225d9ff65f289e363e27b712012ec91e,1
27beade88884b42513b4525f79df401c18f5b991,1
69d4bc92719da1ad62e5d07b43a95534072c274e,1
18a01f2c40410e40a357fb9a1e5333d0771908e7,1
b88cf2edcb306d2878c233361cdac27c2a293b96,2
2e03c7939ca351431c5c6bc727d71d8b8f7eb374,1
219812e3bbd1dd90cff54faf64b822dc2b05bdd6,1
ac6a58010daae38b7fb9d96a704597cb727ca2cb,1
73e0937f499e10db35e8735749a1549128a8832d,1
d853a70556f89c76dbf02b3723d71d9b56c2c4cf,1
d4aa1977443d51c483f22a177dfd65bd241a2b29,1
ab19a27f6334a12519b5f66af167aa4518cea4f0,1
181739d0d1a54ab01c4f97678f04ae43ebb1facd,4
a06a0c5b88edb923db5b45414226ad20fdcfda1d,9
98fdc67f1d011dbc31981542a7461ffc60abbc40,3
798dc688473fe1d8c3faaec47b171ff8778d03c7,2
c2d66a5df05caf15cd2af16562cec87a16971626,1
7664e552f10dae45935d3ba6c23dcf51c2f2f9eb,1
0fbedf5b4ccf84344f54429811bf239f75e2f189,2
df9cad6a53ed16c68b182328b17efb5a4fb8a619,1
d35dd2a47e78be6a39e99acc1bf5a8e8cbe71ac0,1
e6079bd14e3c8b68ff471fbe19cc3ee7a8d2f0d8,1
aecfc05748d7c82931195831677c7a62bbd9a3ce,1
8a22ef0c83a94f742be39005f259226e005ded2d,17
174e41c17d0be1c969ca800358ee17aa2595f866,1
2f3077f2192981fa26659f990f37419c03c77159,3
1475fd312a1572e1d43978f669bce02a72f63dab,3
4680aa659cc9deef619faf2b0a58f2a626c28e0c,3
Marlin/src/pins/stm32f4/pins_FYSETC_S6.h,0
25aade1cf13d6d8936859328addf21307b63d91e,4
9d545f1231cd8405dce65eba04c461e205f814b7,2
3381a4ab0322af75124e920e61840c7a753ffadf,1
e22e0763d94a94776a33f8557dddadc3432342cf,1
fcd1678a17e8fce115584613e14e80a56276bb50,1
00e7599c8caaf9d76024bcb000df169bfe3bfe8a,3
3b87fc19e4ab1182d22b83197cb75a470f3123be,8
df7250baa84de986c3351e7c9ca61617efea36c8,1
33127f4476dcce07c380fae5f2b708f73de2fc87,1
86c112538084f7718252966f5f9d9278c4837fb2,1
e5b0892f08f605a99dc15d68a6fef4b8f85cbe72,3
32dc874928bf78b9192bc1a790b9151a9f6cf3c5,1
8d3caa9944da8990b07494974fe0ab710c321dd1,1
de6a725b04f9005fa53fab240edb3d2c576a6c97,1
ba9a9bbe587f21e4bfa3552aa504a16213b6c28f,17
71b41c963b617204f45286cddd029d4c1a4c664c,2
52aa459a2dc08a8f803ad9ffb7aa173dc449637f,4
Marlin/src/lcd/menu/menu_bed_corners.cpp,8
91fe0e1022ee740262792d6a857c7226745f8c75,1
7a9bb6bc864c3c0d4fa254cc59dd8e303daac497,1
37f86d9e08d3ec3f39e6686bc5e5b478c2892931,1
209fd2d0cb8bc7a7aa94206df2aac08cdb569c8d,1
2af270ca42d73f90f4d3bdf22f5bc15073b89194,1
60be3b19be74bc993cc5ea29aefd62ae8d2e7a2f,1
a95a60c7ea546fb1a2506c5bd0a4535d193cacb8,1
8f3d17699aeccd04ca23b933e43b4aad28e66c42,3
8fd3af0c79e59b464df8cdaf9ce227d73901c959,1
34a2fd7b09f524ea124492bd465dcd62a3b3d16f,4
703e97b7af7da222c8d6a301600712678ea2d187,3
a2153c15eef903181afe522dfd719dc6aed90316,5
c262b9c5a36e1fb8ffa075f518b8e6a16eda07c4,1
6be76af6176676828f69d559d41c02512f0baf74,6
Marlin/src/pins/rambo/pins_EINSY_RAMBO.h,0
Marlin/src/pins/rambo/pins_EINSY_RETRO.h,6
Marlin/src/pins/ramps/pins_MKS_BASE_14.h,10
10e875cd7908d89b50f1cdbbbc34767d31ed2199,1
6947dc139e4e81fed3986510eb32a93c58bd256c,1
7c26a54d3f2434c4d578f58af011a76dd298d4e3,4
1aa9d44783f3946f36a49144492b056638dda9f8,2
0332666d38d494f52f46af575f0bb5cbc3b9546e,2
544b16639e314af3db5bbe4673089556d7b63ff1,1
a4c981469e317b30ff21fba109e1b126e5dcafcf,15
9ce950e3c1cb0c15a27a20db3f3f02f3c8ddca17,1
7a03c5a0c6edb26bfea66e70433d4fa158d4687d,1
9df7992de8a6b6d5794c837c8cb51f9aa01f7a7c,1
39f703310b8da3b95ad08c3eecd642d76e88fd78,4
7a2cc782b406f7e89a0a61d168cc7a5d90835c06,3
852a8d6685ec1137eb65e78fa748cae41fbd36b6,3
3fd8ef52c5d4a51a25207ba2e3d67a783cbdea88,4
2acdd2fadc0fda6e53ea70957273c7c0f1c931a3,1
973a6990b53afd922006f73dc7c7d26bd027f85f,2
ac5249a76c1d277275fb6ede8e4ca6ed406aa264,1
d2b7671253d593d4b6207653a80ea064043ff4f0,1
eeabe66fc49501222fc458f5c298893e4d88ee17,6
39263efef742ba8d42e3a93f63fe19bfbc5ce7c3,1
90e1035e9bcb4dedee41e698a8923c71fbbaf060,2
97e47b4494cdfc3c48e70e377ca16c912fd5cc5a,2
65104b7d78cfbcab93ca3c9a0b6f00eba5686575,2
bab37dcfaee9943d6b266ba31494306212257dc6,1
0080305fa6b81340f30e7b05068c68def6136199,1
7655620fd0ba3c2f3d38eb71d5c0d7fa7a56c181,1
c55475e8e7c7b389b30ca1d154618d73faba52ab,1
d571a4d389c60d8d8768c769da3369627197cd88,1
98196673aa1dca9ed936b94c16a23e8b4f607643,1
9fe781ccafb6be8a8b86f6e24c7d19642862c962,2
b8947ac8a5182b6b54165fb6ddc4177efb32091a,2
2efe28ca598f8d6fb6b17a2c5d29daac79d89dcb,1
cd8e6a1ad75ae80974fb61348eb00a0206d723f0,2
4c4be32ad7c8096ccda1b12ef1e1f8fb8d57f005,1
ebe8f2c605b6d07d067db3e013cb26741bf1e207,1
38d1587091ba7b7258a194f6ad950e80c1490225,12
1c32f1003978417c7fc2b248e6a561effef88c55,1
714df3001ae3130ecf1bd639a6d5707fc3e08959,1
2a959cde6fdd5edea5c9ff20d613db024eb96749,7
5e23fd6ef1bfda86fb79ede937b62e45085ea590,1
9a6934874a920afb91f0473add66f102c18f4798,7
36efe75ad13a8df9f642cde1fe067358d9fa8d25,2
0c68794fa920838c289373314c9e1b172bbfa676,2
9a4a768ee393c269e95e93005991a02c82e11787,1
120fcd1215d9f831665a3e3681e64450adace9d3,2
3ea1c8a6faf941a7e11e9b938be8d050fbf6c1e5,3
6b3ed0f320074a266d1705fbd0120fc444292fa1,1
ef02358378647666cdb00ef1fef73752c78399c8,1
7613383e7b5d3c71ad18e4ee9823d353403d01c2,4
cba4c5a756997404a3ea7520747503754022af80,1
739b738e7f4f57e7d4ad487cf5e4ddd10db48e44,1
8d425c672002bd90fad5f2778bd544ef69fb9e8d,1
db32af917157d6187b5fac4a39b18a2fe7f521b2,6
208af8cb15ca35190845efdca171f83915a294fa,6
52f3f3b5ab857fddf27ba97438cd165c816f6f46,1
9381a76d757c348554611498b74f4aa6fd028504,1
288447d01ebfe73b4bc2a0d10bb925d6edaf8143,1
93946c2868a5c773497cfce1ea3657996bbae802,2
9b7807d40fbe7127874038dea920020f6c167cf9,1
dcd02284bea3ddfc3b9545bde2121a283d08d518,1
2e21c725423e959904b9f09f7177648f849bf744,1
2107bc583626f4c28b6bda2c81140315b070ea09,8
a226b281aff5d569bc18afb9879149e0e89d29df,5
6edc2c3690ff326fa1ada28ea036bb719962bdba,1
b4aebbe78d67ec16e63bcc5240aa50c351519012,4
76bc7bf7b8759e2e2dd2975de929137d5eb135c9,2
306578d7be75a23c5b745142023d1aa5c68c79ca,1
3efbe9a1c4c80a6e2b52eb62d8cbe1da1f0b7e25,1
0b762189b462d3862a9660ac06193263c2e6c088,1
9b820d71a62a6f826beff0b230b1aefc4c350212,1
bd8436d1c54e347881ea632e233175c58160ffc4,3
7f5730ea3b5b3b3027b5335a3e6590565c2d094a,1
Marlin/src/HAL/STM32_F4_F7/eeprom_emul.h,1
3c080ee3e6c6b73a9867cbd05456b77aab5caae9,10
a521b0edbb27c86b344e20768147a157c98a3668,3
b335c3816236bdac6b386aba0e703840545ec778,3
391f7fd7429112992969a310d50c8ea1f726ca0c,1
e8b0796fc70d06f59cb217dbe11a2ad695243ad1,9
Marlin/src/lcd/menu/menu_temperature.cpp,2
c26725c5a08b16cd7aefdac1e6ed7f235fb48699,1
5e6faa999d1e1e7ce7dfd51943e1259e56399115,12
Marlin/src/HAL/LPC1768/eeprom_sdcard.cpp,43
Marlin/src/pins/stm32f4/pins_FYSETC_S6.h,0
Marlin/src/pins/stm32f7/pins_REMRAM_V1.h,0
2d758663db570d8fc37255bf75c1bd3a98c333fe,4
36adbfa41c6cd41180e09b0603502df22c17f5eb,1
ef43520d56aab9cf55ad1140b6d1e60f3e648bcf,2
2fbce229100c0be54fa918a43c2d8fdb5654d5f4,1
7b0891b3faa83e4125acdc9561d41e8d301e73df,1
3d3d2a923b733be0b9ad4aa2c5c596a6bb5f93f0,0
Marlin/src/feature/bedlevel/bedlevel.cpp,2
f03f76ecfb9c5b23e2ae17734ac8fbdf1c10c44e,1
1d714512f088a3f5afb8ffd1d946cdb03b4b11bb,1
e7a6a52eda99a0575584ca2b1f83f8e38db0142c,1
bd82b8bc7ee506d89a99a408fccdad5853ab39b6,2
4b35ff1f070619ff455830ffb9b08cb1741a20a2,1
56e3106b631a77c3768369364a7d1d832c97f5dc,13
2c959123e5972920bfb40ac519bfaa5b0b7c6d67,17
Marlin/src/HAL/LINUX/hardware/Heater.cpp,26
5f7a75979f8c1f7cf1f3adbb61e862f17409047b,16
Marlin/src/pins/lpc1768/pins_MKS_SBASE.h,12
7c3909bc3f5ea84a59f7dce4e3a378f7e2c4e5ba,3
07a6bf9b8464346326e9b35bcfa88a20fa2191d1,10
0eeb5e2a29f2f76f0e5eeff661d3161c2910736b,2
89b17b54637200838e52ae39a9e4b23f3c2f8d35,3
Marlin/src/lcd/menu/menu_temperature.cpp,6
4f003fc7a715830da7324da2c90f8411df3b1efc,2
Marlin/src/lcd/menu/menu_bed_corners.cpp,11
Marlin/src/lcd/menu/menu_temperature.cpp,2
f709c565a1782111d464f1b0659d7b46a12a497d,3
Marlin/src/HAL/STM32F1/eeprom_sdcard.cpp,1
Marlin/src/HAL/STM32F1/inc/SanityCheck.h,1
9fa5119333e47bf56075eae09f4972ca06f0ce3f,1
630b4ecfff2eb3f345bf5c9d4050040417a01227,1
919e53a5d4f8831f47021a687d4cc7f1705494f8,1
01c646a892c9cd36baf577ca9be344e3490a7727,9
94291eb59fa7696009be8eafd5d0f8348c286ad5,2
f6e820b4e94ea47f558d13009ae9120888c9d694,1
cd2652b2fc7efe7b38077453f81051f23928d2e5,1
66676e6dd422f0518102be5375648a68d4de07c8,1
0b3a96412ccbee8e4a3caeb0edd950852280440d,5
035d6cd16d8edcbc76d8a1aa4a1d2e2e3cde60ba,4
9b90dfaa482182d964d291ad226e3123f612f266,1
267c25fd536f7a131764c073508be2b4c0a534d6,1
7eac76d31bd437f62abf82f82417ccc3938681ed,0
Marlin/src/pins/mega/pins_GT2560_REV_A.h,1
c56b66543d57d7fc7148df8891f20e30718dd491,9
37176ed2b9c3af5fbb2436d72a090b6d880f921e,3
Marlin/src/lcd/menu/menu_temperature.cpp,3
0777e391beb84f2f316141b5a24c8f4de5503c24,1
5d1498f2cb8a4bb4e709173184a96e46caeb306d,1
5507b6073c0215894e9d00f787a64a9b57b16525,1
c536b8de629807b489f054051bb120457f112a11,13
967c1d853489619e09381dddfecdac44a8fc1805,4
fc983836594dd1486c13d5a5c7bd01ab712a35d2,1
fec416f9dbcb365cfd14116eacb728296bb23874,0
Marlin/src/lcd/menu/menu_temperature.cpp,0
5ae45bab1826fc9c743d62a52f55cea5fe124b6b,7
65daf3ba4085888661c8f3e78305b670951b0844,1
c7f9eb7b213d1f727cf62557737a24ee80f460eb,1
8f7f7f7c456198256aac208a3917d79db90cfff4,2
c4d57462dc96f7da5c9e46600a9c6c2da41f537e,3
33217b0dd0e2117905813e3a45632fdc9c66d04f,7
Marlin/src/lcd/menu/menu_temperature.cpp,4
8b3c7dda755ebce5bd57a7ce52891a137ea12b35,26
Marlin/src/lcd/menu/menu_temperature.cpp,8
3d45a4bd232c83450c269bb3f0fefa6fc67c788d,2
Marlin/src/lcd/menu/menu_temperature.cpp,2
011ecc341ae3908ab383130331b535611e661866,1
e1ad955897f8f2fec1a3797ab45453b2581ed5b3,1
8f86f7c601d6951496f1233135b5ebbb767bc461,1
3bee705febaac5be7df4984b5eeda79aa4bacb8e,1
ef74ca60c00422f798abc25ae30eb8f9f43a8dc6,1
eebb68cd7f260d02a21e403b528547922203cbae,3
4ed912eb23744f750bbb4658f0a1822f5397457f,4
21067ab06217835d232e9610d8dace2d243428ba,6
02a054cda466fc8d4e417b0049a0272dd78f90ba,1
1752cd4fe5f6e91ad6923b59aa39cb794d435dfb,1
489554623822017d10249daf640c8b7334f25b9c,1
f907de272aa8bbb5c9d25ae1473d395271e94044,1
75c17c7a67843b0464d8dc005bf93a856639da62,1
28518c2352efb71e335990413f93220347410618,1
aa832a05c76c133e7680d5ed76bd268b36ddb3b6,1
11f7695907711041a6d716f229367d06e6a09db0,5
b700b3cde6102cff68f25555bffe5f112e2111e4,4
307c48fe0a80cd6991f36ec336400db07c386a56,16
4d3a2bd22cd259ae5fb05231d0a70c6b55183187,1
be7e04056fa6e90eb46bb339ac4964a551b3e62e,1
58ac9f257cb73a0607e3821591f3dfea75670d27,2
d2a5d51f69ff35961d65577f4855e63d123381fd,4
3a27933ae7c874c6a33c5300ebee517756883c76,12
d7f90c36dfa5062c49206b6084137dce2344512c,2
4af83430b523bd44451aae85ea507bc7d2f2f2c3,1
75b91550f37935afe52493417bcb9f075a489749,1
e25402b5411c8ea77e05f7f925e588b40b7e02a8,2
94dd9ce73d09dfdd07b7e0fa42c15ca91761316e,1
cf8c14b1b0092e87aebe29c79bae0f54850c21d9,1
2efbca55352c907e933ac31c6d4da9d1e54cedc0,1
e11a806460d59ebf11b7ff75864ad4742222d975,1
ab2b98e4255b0b9579af9627e884ac3dfc1d30bb,12
Marlin/src/gcode/control/M17_M18_M84.cpp,19
Marlin/src/lcd/menu/menu_bed_corners.cpp,20
55d66fb8971d9e5dbfb15e7ae5c952839b488f59,16
df22b96d721e0ebef5ad0bc14f225ecbd55c55a9,1
07252ad0b36a9e44d818deec44ab0ae01cc073c5,1
b151feb31e49f10e421242e6d435da24d2191da6,1
44b71103dfb7ac66847122ca2eda475beb16b4a1,1
69f211cf78c1b25469fbd1f6e4c28e0aa6dd6b0a,7
239c45dc114c33af2b444c154811c49659afad30,1
d5b791a26a974a1ca134f4b91c5af1a042ad89aa,1
76efba686be1eaf3631f76e7bbd11d4457eab55b,1
2f6262c27b11598293839f6d46f3b340ee6a1f4c,17
Marlin/src/lcd/language/language_pt_br.h,2
Marlin/src/lcd/language/language_zh_TW.h,6
4dce03fa42867773fb680733ea1c9615faf8eaef,1
e222ba4c813cd6769bc67f5eeb5ca0ae08a78c2e,3
19873f04d4f5c3b675ad8a28deae2df6e50f5ab1,1
f263787f071f0f0e55cb3ba400262bc6aed231e9,1
c3aeed0dcce0203684cf951adbbdcddff2f87670,2
468b813bc1f2ce5026736f27f9e48c36fefa9e9e,1
6d90d1e1f552dca5e21bc61b676b8e8ce731b280,32
Marlin/src/feature/bedlevel/bedlevel.cpp,43
Marlin/src/gcode/control/M17_M18_M84.cpp,45
Marlin/src/lcd/menu/menu_bed_corners.cpp,9
Marlin/src/lcd/menu/menu_temperature.cpp,29
88bdd26c9998dc7524371f02660e76f778091d73,1
fd453d23b966a27935b938e7fb0dfa537a505b6e,1
33bb7859d446a42d699761f6b5c0a449b40a7d35,3
8a9c14ea1d3c39e803373a4f00d6ab28e4a6b6b2,1
00d35ccc1453f41060ecc2c24938b9c08f68acdf,1
5a5be7e287183e633ee3235ee1bcd79a72a1a1f5,2
0fec478562c4fb0959831aa169c24dec90e9e74e,10
d666ef00e03f5d7c219e9c6ff5a56461bbf194d3,2
Marlin/src/HAL/LPC1768/eeprom_sdcard.cpp,1
1563d128d8a856d081f96d27ff2cbd5d43bfa733,1
d34c22ac22dc20503f619449fe55161e82651ad3,1
c3946dd0174b63136f9c8437ca159a17ddc68512,2
5de87361e90a1f20b19e9c04e92c2207579135cc,1
d96c769fd6c8dcbe33b376ecbce19bd8c3c163cc,3
2ae00db43e8cc987c3e29cacd3368e791516e910,1
a5b2e3e63c1b20dfd3657ee58819deb36454488b,1
eb91dbce421fd766d82a80b41e5498cc7618c5d7,1
abd42e5dea4670fd3f4c9177caabb31f391edbeb,1
000ec9fc139413c7702e8e295a29a21f6a6226e8,13
875cd4e081ef6885aa2593d125b2db5ff393a391,14
Marlin/src/lcd/language/language_zh_TW.h,1
ccfd5c1010270493f0c7ddc7a5ab62dc5e09def3,3
cba58b1027b8192d71cc0505a8667d0b1b303218,1
90a432279bd53726e0e31ade3c88051c0eb938e0,1
9338fb87e993757c7f403e97e9d607454a646171,1
b55dd2cb82cbee78325f6a2e42458a2d48c06114,1
f779d1be3f53873e5b8b30d031b7c41100ca1068,1
27f0f105908e73d91f89964b49fa9d7afac4ae1a,1
1af6a6d4f96b7378f4437b2d1610dcbb96d21a7f,16
a0d0ce464e4bc6b8115903e144979c6a1c0d1a8a,1
15f6f53638a6778d22a17e1900fb3a9fdc92dade,25
Marlin/src/lcd/menu/menu_temperature.cpp,4
Marlin/src/pins/linux/pins_RAMPS_LINUX.h,7
5d0deba938eaaa47c2fc27fdb296499698006f87,3
78fe411c7d75131eb9868de0311a519688ca9633,3
776d7761d954074154666bdb169d10ff1bbbf196,1
1bbd77646e4400f556eb916acf829a5f626a13d1,3
Marlin/src/lcd/language/language_zh_TW.h,0
87875e0de8fe2107642dce3cad0928504ed58d74,6
ad7a6e10a7e8f2d56ed2f585b485a3900e7f5bcf,0
Marlin/src/lcd/menu/menu_temperature.cpp,0
b420fdaa87d0612877e4cb754f4662db09cbf0ce,1
4a5a3d27ed29d7bab3de9b64b1a1728fd65c755f,2
Marlin/src/HAL/LPC1768/inc/SanityCheck.h,10
8e8ba46cb6eefbd9bc0ba2d7d8e6079ec1c5c75d,1
8ad056013cd14907dc1a2aebdc0f4a31308606e2,1
a12b021733bbc5228e9fb155dd08d5140bb9fd5b,1
50fa87f1cfad92ff88f7c14ecaa39e1c2b33639f,1
d78ce58b6f3758900d34d8bd7b2de3e365c92ba1,1
3a42b6c5c60b98d38f1acd353f5bbae4e15857e5,3
f94ab84dac095ad57c9a465712ce66e625f303ff,6
360e07c90f8149cc4ff6d91082d9080ea8f3f474,3
a794538c5417a38288c1af912f305755aec46894,7
cbf349b5ebc21ba3784d5fe708614953fcd17d24,4
e7f3b625b00957d587e9f2835b9a813ee72d6229,1
880f73d471d625f3e5eee7c4eb938bce7fca74cb,2
3fcb36d8dc82a6c50e329d559184e108a2ae1da9,1
bbe2cb75adce137bfd11cd1283ca4e0f9c0ca647,1
927e29b93ed433f1c55bb8afd9093054dd1bac80,1
3210155ab7735e97fd8b4a6568b3113b3a43f4eb,1
9110f756add41410a00559aafc603b89fd2d0af0,2
fd4c025e98783cbb55275cb5b58b6574a1311a32,1
720795ac7d18522e5403412c310b5b63b02b1e98,1
847ea583f624328f9fcc97d1354f5c2bcb991960,10
d353d67a34637c8ad2039444b79748b6f913767c,1
f5577b320b98bf515d7c7fe69e6306c9e21547ac,1
c16818b26133976ec9cf90c909627d34d6e24f37,2
78a50795584948a3a17c044dda944072d0586ea9,7
aca2e149abc500a86fba0fd3166ea6a5215550e0,1
f5d809f3667846e962c86d1d4f4b8ac97e8a3e5f,6
Marlin/src/pins/stm32f4/pins_FLYF407ZG.h,0
d194688020d37cb53676f77693eeb5d18f4d5b37,1
7d0ea3e2c46698942c7262dfdd003128013f49a6,1
0f0b1aff551ff8cdf52ea9f3169a5a71b84c21af,1
0ce532547af9beeb3900b03f1cb42ca4ab956efa,1
d8b8d88276c862bea30f86e492fe52712cd4bd16,1
1c43870cecb76b67f8c7b0f260f0a685b4591bbf,1
03020dd31ec3ae05135d074f4e9c07f8482f5ea0,31
Marlin/src/pins/stm32f7/pins_REMRAM_V1.h,1
3a9f8a00bf7fcfa0cd6142c334d7b699ca475cb8,1
Marlin/src/pins/stm32f4/pins_FLYF407ZG.h,1
880f63b008d13f0df89ebe62e6c11193748ae828,6
bc856fd8ec5a157e1d58b5afee25418a8fa0a0fb,7
2824e67d95a115ae8bde00608c5768cfd4cccd5f,3
089a0af119e81d270435d9ac25c6f6201862d6d3,1
e990a9840416feb002e289bd5f69459439edfc27,2
791873b10d473074c918c00eb3cee41e46d9ee76,3
808f6329970a3ae4794b7117f1add14c35c65a05,2
4edaffebfbcb4b3f98277b7b074459a33f7ae622,1
cdbc7cc52c9bc0f1889384e8db2dc46a93f3fb94,1
cae2b7bf4e9995f26e919a6a1534c0bd3473a717,2
3cdc9b81568316958c288f9bd90b441b9501b90d,1
c834b313a5fb90e9fa51b7fcd199376e365c250b,1
90382787350b0a135495b1e5d37e5929a89f0fb9,1
f59c0ab842b8c4967177d63dcdc91c157d22b84a,1
6ce0c94d125c62107f65a373bf7fd8e6337e9e4f,1
e9c8da35c503e68d537091ef2265f5e906bbdbc2,2
421825259e5ccbde6f4b682279555123b020c872,1
e6ccec17a6a0d78983930e1d00822e21eeea2aca,1
22da1b2b310158ae3362c54f2534f5f5af30fa83,8
Marlin/src/lcd/language/language_el_gr.h,9
Marlin/src/lcd/language/language_ko_KR.h,3
Marlin/src/lcd/language/language_pt_br.h,5
Marlin/src/lcd/language/language_zh_CN.h,0
Marlin/src/lcd/language/language_zh_TW.h,1
a7a76f123df7a869319532e017e8edf1f9d9cc17,1
e3321920f3bab800812ed0d2395fb00fe80072fb,17
Marlin/src/lcd/language/language_el_gr.h,9
Marlin/src/lcd/language/language_ko_KR.h,3
Marlin/src/lcd/language/language_pt_br.h,6
Marlin/src/lcd/language/language_zh_CN.h,0
Marlin/src/lcd/language/language_zh_TW.h,3
f090a927f4094f42efea3455314c46c9ff307a64,1
ac7b484703fc04afb3232f997b76e64959d8ba9b,1
a2e9a02429b0a15c88b57dff5b5341601b90685d,1
789493773703c7e3d16c747e5a6b6529a2c03e49,1
4cdd51cd3a5b57862bfe4758fd8812d1e2fcad94,1
37752bd8bb3be8c903ad0fa7b143f4285d5e0a47,1
333092c48836513525ebcc2b763dc8642ab0c401,0
Marlin/src/pins/stm32f1/pins_MKS_ROBIN.h,0
2493cf0364edcd0c28578bb5044c50cd8e775ca1,1
7aed32df00ae33b6ab2815006ad4c422a9231b69,6
a97ae51cc7d3fa4b8fa1180d71023964e495b304,3
e4903396d4ac2fa9b89dd535dae9c3e8a68b3526,12
Marlin/src/lcd/language/language_zh_TW.h,5
dfb5968bfe56b0e4450ca3b224e601c818857736,1
07c9dc414219af67ebf016f1e2f1b4e683c4a3b1,1
a65198882f04622546ebf73903f7618f1eccd92a,1
8647d6b8d83fb27de4f4f70b9d47a495e27a4b41,1
48919c54fb4e793b6bb17022f9badbd3530733ae,9
Marlin/src/lcd/language/language_pt_br.h,4
Marlin/src/lcd/language/language_zh_CN.h,0
Marlin/src/lcd/language/language_zh_TW.h,5
7af0da7f930e8864dd4ec6df05a20727a2a090de,1
c2bd9dd4f50a7d501adf31453b348c4c3b70888e,2
dbdfe61644df845a4bdebb62b4b7d1cd51fc4a07,5
397fa59eee70290dd0f0b16227f3f34ad75f42cf,1
5158106c12faf961eb886cbc6348060ce093c340,1
3645e59893825133924a8af1f6ad5773d21f7f15,0
Marlin/src/HAL/LPC1768/eeprom_sdcard.cpp,1
71a4ab3331bf40b985ae9ed214459bc12d0679dd,2
556406a127c99d3d4501a24164b6c05b5e5a2bbb,1
a1523d64199b69878d9208c335eaca293260077e,1
3ea23712eb1acff7dc25b29b3f4778aa3beb5db8,1
d6badb77a41b79c3b5a8ff40cc87338c413bccb2,5
293a0997c9a7a84de37018581c1ccc6ef454c298,8
079644d01244a347c1535fac4beab61e5c1f853c,1
e1fc6f7e2508a73a760f8c1294f9aef405194880,1
966e0e4a77f6f62a173a2b08de73c25512b40072,4
d6f39a69af1d5dbab09deeb8a35bcdc050488b83,6
1d81bb7a2b7692dff37d2a35dd547e6a8a25c49f,1
c47feb1cfe95c10b7166ef12d94c7e5b1b615846,2
fad9235cd80f2acdf1c0658d9633857fad94edea,4
Marlin/src/lcd/language/language_zh_TW.h,1
07b3f38269c605fb79eab53516ddaef33155fb05,1
86a3efda6f1363ada61f3a6c1f469af18bc8576e,1
8dd9afe4f9837df50d905b25197847928cefa087,1
da0f63cd1c854cf9018720ebaa3518e751f7a37f,1
0e06aaa2bc5c58e018fcdd466ae8836ac0c38e13,10
723d4d6f610e922dbdc56e7f4f69e4a15ebb0fc8,3
65f6a373b0a77da23f0758d5d1520e404436cec0,6
bc01d8d023e1dc95d4cbff50fc22edde5a6ff3f4,1
ed0799d65341f0efc30fadfc0246aba62e4e67a3,1
df8b7dfc406be095a62b5445b69c40034d418823,9
Marlin/src/feature/spindle_laser_types.h,14
e7e9304819f659cfd09d82597fc6ded871df405c,1
2b9d2dce16dac5be0e489f2bc74be6555e245763,2
be0e313c078c7425de7bc45a0371756ee2571056,13
11ce281694c08565e14023f379f72e4765738442,1
9f86dde19525af511b07239c23d93d586a045122,3
f263782f1b1fa981c292f6cdeea8e00bc6f73df3,2
62e8c2dd871f62d80122fe919d065ee3a3e5d520,5
514afddeb4b3a7ede9ff481504aae69219a95f68,8
7f5dc7b91920ffd4ecd8b70e58bc97cc6be39fa2,1
c47bdae9f20207b08f3f8b581c2e9a00bbf6b15b,1
192c7c27b9130d5e13f6a1a96ccf490c48d2e26c,1
178ca2bcdffcdd185cd38ba77627ee6e64cbec0b,1
5236889377c3cef48644696372db7e5bb2a92d3e,1
e7f020f3f208db23450c845a6c4b67d784a64058,1
d83ad6f321af6511d35e0396776f557195fcba9f,34
c759729478b7b41a4f6d276380249dd482e24bb8,1
ac0a7f2281a5c0df22a3df3fe83d4f112739bbe0,1
e0e87ca19a57dc42e9eb5e22d044b8f3c1116544,1
528907cb1604ae2f5c8807e7512e2ea1a98289bf,1
96ab16a9dd7167840d9c9a871c43c60bdc7c6b15,8
0ea26d538bfb883bed57c005a6c0c3a365c31acc,1
747a4bb62360cd6bd44557f117e83140c7cb940c,1
9b886c2ad460d93324f9e1a016fefdbbb2e35445,4
223aa5cc4efdab1ad987e490abe2e3020a7b211e,2
d029a098107334aec718c62adf82817b34950f3f,2
765a9f3471b8a6b67c23f79cc6965e2f795f284a,2
Marlin/src/gcode/feature/camera/M240.cpp,4
fc11e7217460056473f91dfb7dd574884319f567,1
add34aa286bbcbd081aff4a25055505759f3e9f1,1
b35dc5f0b41dc592dbce29682cf617afc652f11f,1
fc74c6a7b6646cf608f96bdf362a136eb306415e,1
2f7e5cf7ddd04ae0474f104dd1b712b480fe692c,1
747b964295118d425ad41cd7593dae48ccf9f14f,15
a84990961a62e4190cfac10b500ce9c693896e83,2
53fe572bbdfe4d51e420f6d002197cee533e17fd,6
de648bfdc1de5b3b3bb93e39d4337c3f9bff1211,3
Marlin/src/pins/stm32f1/pins_MKS_ROBIN.h,0
e71b25a555e869338723fa17799bcb9d4ea44fbe,1
8752fbd92c8edcd777b6a2afe54f4d70d3fc4d85,1
bed41af868f352bc0ca72b0b6936a97420c64ecf,1
129b270628781eae776764e63fd514553e6c2204,9
Marlin/src/HAL/LPC1768/eeprom_sdcard.cpp,14
Marlin/src/HAL/STM32F1/eeprom_sdcard.cpp,16
3655e240f5796a84d4e89b3524484e37091efad2,3
98ef161bfe7545afda2c1ab432aeb420637eedde,1
54a12ee1d6557d820fb353a318525aebd7f6c082,1
d6a4c3079dc261b94aeccfc5f2031b589744bc67,1
8122468a361cf9fd25261dc04fa82a9ce1796644,1
5c150c0c941d9ab3fd140e0a837dff40432acca3,1
5ec1a8bb2b0708c3f94f162e71621f662554ce6f,1
dd6781217a1571c31124cc5c331a0c39de1ce4fe,1
0175189c34807733c2230d36e470a713a8186d49,2
adb6334ba031166e33f256344fc2b01e909cd99f,4
4dea0200500bedb2c9dd9e90ad74cc9fd845edd9,1
c86ee574ec7495e926bdfa52d68571758fba7a59,1
f2ed18d150a070b5542b6113c8bea6e62a31ab02,2
1986e1cdf851579958dc1fb245486cb2099582dc,3
0aeee64cca2364be6025c58bbf1970ff4c77e710,1
075a86b076719e0d0cb3d390c71b590a6f3a3750,1
5d515c3a2fac22b7adc0222f64aac6dbf7be7eed,1
68face848ab75f987ce4b679064f3546715afb20,1
7455bb09b348c5126d651200f0fae9d00d78cc39,0
Marlin/src/pins/stm32f1/pins_MKS_ROBIN.h,1
41e944da002f38da71deadb092f1803e4501233e,1
4113481c4eb1c218cc93e7928c024ff01d00bb88,1
326022800988855b32ede249e0bb134b93466564,1
bef9b9b07e90b5e81e900cb9d740145e8b494e6d,1
edd6f6c5f293c510069d4f60587e6f9b3ecac939,1
c87d73045b7bb6f05c6e7c149ac07751e7ff963f,1
e3ebbe25e0f643d0423edf4b5c43db18e54ef5c1,3
cd4060a99cb11b8cb0915294bb91ea427f89ff33,6
adb7a88428c04fe73d0923ba50782ba726968da7,6
580d314fbe72cd398a90bb62f4e33e186761a9e6,2
fe154fa5dee7c2c3a796c9fd634fd422ee944103,1
717c2168519001a2f5196282a75eb6cf0eb704fd,1
27c281eec3729e819d1329d8eae4450a4cbf2d38,1
e7a9f173718198b6196de0ee7f1b9d4aab84ecd2,1
2460a3dfbb3e75fe273f15bd07ded1757dff1b2a,2
2c325c2a7d9b66b50d8585a1d5ced422ed88b1ae,4
Marlin/src/pins/linux/pins_RAMPS_LINUX.h,8
Marlin/src/pins/lpc1768/pins_MKS_SBASE.h,17
Marlin/src/pins/mega/pins_GT2560_REV_A.h,17
Marlin/src/pins/rambo/pins_EINSY_RAMBO.h,0
Marlin/src/pins/rambo/pins_EINSY_RETRO.h,18
Marlin/src/pins/ramps/pins_MKS_BASE_14.h,0
Marlin/src/pins/ramps/pins_MKS_BASE_16.h,66
Marlin/src/pins/stm32f1/pins_MKS_ROBIN.h,14
Marlin/src/pins/stm32f4/pins_FLYF407ZG.h,0
Marlin/src/pins/stm32f4/pins_FYSETC_S6.h,8
Marlin/src/pins/stm32f7/pins_REMRAM_V1.h,2
Marlin/src/pins/teensy2/pins_BRAINWAVE.h,8
9340a339807da41a6b7c91325e2874d193d0a370,1
e62b52da99883202f58aef71348823becfd61984,1
7988e31f5ecd5d6e67b6290db9079cf2c097c56f,3
1674df00b14009e7c3c2daa5c8585cabe3fc7fc4,1
29874b21b6ef17bccd6db04e31c84aff79ed94d0,1
04cea864bcc197a91a162f8cc48cd6588260f8af,17
Marlin/src/pins/stm32f1/pins_MKS_ROBIN.h,14
Marlin/src/pins/stm32f4/pins_FLYF407ZG.h,0
Marlin/src/pins/stm32f4/pins_FYSETC_S6.h,9
Marlin/src/pins/stm32f7/pins_REMRAM_V1.h,1
3151856e981a14e836074e70836c780e93a2be55,1
1738c13bc27f7cc233fc99217348c8e0413191dd,1
71db5c16055c2d68c6fda8a6a2192e428538f8b7,1
14daf1ee5ea831e0c7229988c9aeeeb5069e8337,1
84dec5da1065e1d506d2b4bd18294e5837ebe976,2
de45ac41ad175dafa799c15a85c05b812f284b42,3
83eec683c969d793b473015476d03f868b470c04,14
abea6d5787654dc67bc86ac75207a997da9a7219,4
252178fe6249ab576bd9c1b542dcb289da8b161d,1
c768605bde89d636cd021e953f0ee4e5d3ed025b,8
1f5824247f632af71b1725f8bb41e66f55b14919,8
e8205af6fb131f0f8ced2a860ce721787a33f58d,0
Marlin/src/pins/linux/pins_RAMPS_LINUX.h,2
Marlin/src/pins/lpc1768/pins_MKS_SBASE.h,18
Marlin/src/pins/stm32/pins_RUMBA32_MKS.h,0
e5dcab8fd26e0c755969450f738b1e7a2ad21d9f,1
40922c7da76f536632ffda809f13785ee4610632,1
c1672220fd01d90f73e453b87877f7c605d7b5db,1
f6e80d576dc0c538852fa32dd09584b564314916,1
b14c933171b50c87808367bf14872fb7acced92d,18
Marlin/src/pins/lpc1768/pins_MKS_SBASE.h,12
2fc0df1b392e9dc8c89f77b64fd64865785e24d5,1
a662079cbc6bda43edaf146a996d39195f0e6dae,1
775a4294fc280d7e8c90e429118a2e1dacfb115e,2
3b987dfcec653bfa8c79412d44cc70fd07941bd2,2
c39873759f1602e30343369bab2a0de7d5165058,1
85187290a78f0947eed8f590942e34da05ee447a,1
695e01407565f082b191268cab81d0bfee0867e6,1
090a90a0364fec1f13ade0680bbf26aa5aef23d9,2
095a1123c191db46040688daba4b4505d4615d6e,4
41ffe9851d3d902f450a5b1bd85b1197295dcd7a,1
5c1970a22978c405d4d945a3db5c6299f3783426,1
9f85165101008a87f37cb935591522e45910e848,1
8b2d55e345c6fadd4ca64209df323dc795af9969,3
cee07f3f6b3fad54919283529daa65a964266000,2
118bd2f8b2a1f81884cb55a8fc00b708a51aa15b,20
Marlin/src/feature/bedlevel/bedlevel.cpp,28
Marlin/src/gcode/feature/camera/M240.cpp,25
Marlin/src/lcd/menu/menu_temperature.cpp,17
a96be32faefb9e054f923d9204b04420f075a62c,1
983a8cee45d39ace14a80b43a9618ce61beb69b0,1
6bead0c1b04152f6a291d851f6cd4029fe0fc616,111
Marlin/src/HAL/ESP32/WebSocketSerial.cpp,32
Marlin/src/HAL/LINUX/hardware/Heater.cpp,37
Marlin/src/HAL/LPC1768/inc/SanityCheck.h,15
Marlin/src/HAL/LPC1768/u8g/LCD_defines.h,80
Marlin/src/HAL/STM32F1/inc/SanityCheck.h,32
Marlin/src/HAL/STM32_F4_F7/eeprom_emul.h,54
Marlin/src/feature/bedlevel/bedlevel.cpp,232
ad980a72f74a01158858c294fa278589603fb4b0,1
7ec45f438258a90bab5a60bfee03742fe6b64c3c,2
81b05485183578f7ebc8ced48b2a305b18c0f539,1
aa32c47fb5716016bae2c9650a8134444b21cae6,1
7070ea0b49bc59dabe24fff7f6a31eccdaee5006,1
59cb1466b7755503c94d6b7496bbc2b204affe65,7
9c759e5f74ca69a7cb5169ea217dd179d65b1f44,5
4e96a014a824783829041f551dffb3f52a64078b,1
8c11ecaf7387cf59289604252e87cc46951388fe,1
1f55986ed2aeb9db30b2438b125aa8ce64a5f09f,1
318a16637bd9dacae046706bcc0f70cdae20a33c,1
8bad6e11e2efadc5ef0c1b846fcad92cb056b160,1
112245ee48eff38231ac9732fa0f4d2c5317e0e9,18
924fa6045cc6ccef29cdcdb37f93d44631e5baeb,1
f29d6f802f7250ad6f1cd0a6f8a9f64f61c65d55,1
201c991cfa13006553486b47a9925e3fd11ec784,8
23c57011789b32f06756a0ef89dfac04a8eb48c9,1
eb6c992bfb0d98dd5d659de5b13d770028a1feab,1
bd44f041e82ac7aaf83cdba4fbb6d5fe17c46d47,1
d78fbce827d671be1ceb230fdf932be7e5097032,1
627aa8db2dcb59584a815095e4a382a556323a9c,5
e7004550c4bcdf07f5f03db93ed3a6d05ed312d1,2
a31b7339cd30e4c5608b99d14d30d65330d7ac72,1
4e3a793f1ec29f2e9df5f84818f5fbfa2e832fac,3
9bff67bc747d82c28773b85ddda540f828065c52,1
8bbcbc528c8d066e261b69eda1e39bedcb25d6e7,1
8f66dbfcd51aeae4f6168cfce971964bb46c9454,6
8799f8bfdba2a6978655fc84ae7df32cb69ed16a,1
972d1bf5b43b32f1c9cda63010073da5456fc4fc,1
b5530775c9a2fb489d5766ea4c01df5dfdbda793,1
13118dbd8d9142d7698ca113cb05d1feae3b1bd3,7
0f39386d9b7458ac10e3186521d398a4cb88f988,3
7674befa471485423a659f92134d78439fdeeee6,1
b579f5dc998b07c731e44041a0602fea39e15981,1
7f490c08da41c53a79c771259612c4be221b584a,1
982197b162fe8574d19f526695dc7ffe87efda1e,2
57f488738bd1cf3830910758e4332c39ce819b46,3
b21edce943f16439162febbcc7571e1a0ed4492b,1
2a71e4f336e66d93983ca15714137085090a73b8,1
64d092935b27ff89955f0430eef5815b15e5a92d,12
Marlin/src/feature/power_loss_recovery.h,13
5eb6fb1c2f798edaab76eca98fd2089fbf3e4f1d,1
20f93404a7b7fca91176508fa6d304dc61e8dddb,3
3db784f3c74eebbf5393dde4bdf573c8032e5a7a,1
7b9eb233cbc3c6e74b2674d868af31dcb4791970,1
c99773bae04c9ba1c8ac090e2df10c3b6e6eec65,2
8ff25a9566dd5573f577e42f07003d98ba50ce0e,1
e9f451bffece18ac90b7c34e3b06e3cdace57911,1
3b141589797de1e1cb7071c272cae7d80c93e9bb,1
913de024a991b41038858cf65b88165fcfb43f2b,2
1da49d0ac583e8293f9bef4fbc2a4e445152cb55,2
ca4423ed2a8188bcd671ef59c25765e44e67fbcf,3
6cd99e6a772ddbba50f83ce627d157b8b9022682,1
6d18f715e470d3d57d8633afc74f4522ff809fbc,1
459a0dae295cfe2afb9f548b629e7d098bd0e8f2,1
3a72b0fd419c225121a414319142b51c54d22142,0
Marlin/src/lcd/language/language_zh_TW.h,0
f0248c9ed9fe1c25e7a5758e4798fd98bc831dbb,1
c0801e900d1eb53d573e369373f0049239d9b86b,1
5a6daa7c54f6e1a7fa99720de33676469b11bab9,1
e3da86fb452c1f8239033224976033d43853f4e3,1
0578e9b16e7b043935460839a860d6c20496d278,2
7e58739a1fe0a0d8f0a118ac25bb03d58e460470,1
631addbbb4d03151520f935a00c00a501f097e07,5
d4ac78535cfab35fdc15cc47d746363d298520fc,1
70863fbd55a588688d90cd674c4fe3cdc6818aa9,1
7709261ea9f73d60006b5ab1ae488086908d0e79,5
ab1863ac48d98ef904c2b767569aba7dec620b2f,1
72b63e952029346875fface77e55d00e695d2bb1,1
a698bfdc2abb69d191540a5cf8eddebed0da535c,2
efc739a880accd0341fe66ca7bc21b6caf13c470,1
fd1af0189e76d94cffe93446da2c9333d5ee8dcc,1
83a60f15ff1e5fe37e076e4e3e7a62c28de8add8,1
c083728e4cf426b9d1c5da8881ea562afa7de5a3,3
5e28b0f471c4bfa404963c2ce6071c6bb9fbd116,1
3a07b4412d24a6afd430f6d7e1b8c7f3c442a3c2,8
5171e9da93d5913f7e4c75df9fdbe93c7c8fb32e,3
af62d7f937250e359e99e3f848ac5adbb26c99c5,1
12d05e483573d868e859423eacef6d9049f8b915,1
07e22d1d65838bf9149a5afd6b368e023cf44e46,1
d3e232d1c1a096803d5caddbbe3d54218cd48a48,1
646599d0d95a2c7dd47b869d5bc93bdb2c95cc4b,2
eb4d5120bfa95fecf62f9721fea63f043dbefb4b,1
e0c0173f7372f3ffd67d6e794561775f16753c5c,1
552f7a91d09d53b596abd6612f1f716f6aa75f75,3
ad4a9eb73a099aed88daffd929019324a8471e5e,1
5aa528781fee639183e02be2ff893f7193d87635,1
af23c0480ec1e7172285103ca72d777a5b6fde7c,1
624ab24a5c5b93d3d5fa3636144a89885abe9ae7,1
66334820ca380d2958c697a4abeb6b9028a9ee15,1
2c4e054e9aef2a037395355c82df436cbe3b1aa3,1
49c5f614c6ac9326275a2daf8f771df41041f142,6
6b5347ee3949aca63118f25b0e6116d06db3f158,2
b1a50d54e2a6f8e415a72e0e2d275304029d8ada,1
Marlin/src/HAL/HAL_AVR/inc/SanityCheck.h,29
736521a3f1124a84a023e5ba1f030e09a95f16dc,12
buildroot/share/tests/sanguino644p-tests,2
870a1f753acfaed0cbffe2ba406e4d3c02316503,1
cc822bf70fd4683a00fcf5c3ea5b5e6a62a0d10b,8
5da6819277951aaf12a10f36ef5b99444a4dab3a,3
362c9ae79a9f37bddca4cf13d0cf889b84b7e40e,1
ac93df43cdaccedee696b7c44ccc82cd83575d49,1
4b256a6fa8bb2c324b0a6a6ef0454b3e0ec8f991,1
45fae55929233415031c319b54445f4e511be085,1
4a3fcd0bf980b82120d230af57aa9e78a3838809,2
edd1b76a9a4467204c3ca1bb95da3db55d062e2c,1
c4db8e49a7429a696431c0d3419b545d13eead31,12
3473b21710e236669017ddab2650f566499dde64,6
5e9a10dbaeaa885a670af0bd7ef3e7c068f5a7b8,9
f7d663c7dba807bb30fe7f100585636f82396000,1
1d609d2bbd4e798399ea1e2243b12d78bce04ecd,1
6c9ca1bec260b0d7d6fd2c8291beda08d58aee66,1
730804289c3134102aa0c1db4f5845b088531f85,5
39c34e4992c274943b35918d6ed9d66508bbb88a,1
b946530ef6c430da921364f4ad5d0e425ea68933,1
9b145c7c73e0d3cda5f7b97e9f475a5b92c6ace4,1
ac755fce82a1749ad96c4fe3a61a9ec2dae24814,1
97e87d82628840a7ee197225551a62f36bd4d95c,1
c6694201346aaa351943d56f183451b76cec0c8d,1
f8497b8171af0c20e54416cc440bdcdd973c3326,1
bfbd976c09128725644fabb96d2153774c22460c,1
a75a25cd7ca6af30da92b1b6e17d2e5327cb07df,1
4f557235279c0db03bdf6f0d35256d163b7d412a,1
77b82d300a2afdc9b96d23ab0abb929ca0df36b4,3
e5d39063a24e68cd625fd93764d3a9121d04d63c,2
be62ab2d02f58634013a78a2e243a50c1cd4a1c4,9
9f8ee311442cf5ebd4d353348b8fa81cb64e2115,1
8164cac79703a7e73577539eb267357113b239b2,1
a80eda41bc7bcbe1938fe8809608419aae7ccbb7,1
bafe8d920a780bc5f5c0ad41437a09ffa823432d,3
633b716a3a47c2739d3aa05c9cb0c9e3f002bfe9,1
832951ec4493da96772386f1177a34ff9c936aee,3
18b875dc9f3f67a4a811bf403161dd3f238e74cf,1
Marlin/src/feature/power_loss_recovery.h,2
6fd7f4fe1bfeed6c3b145c760752a379c3bb5cf0,2
263a7beeb53a619cc319be2e369ef7604f32af4d,1
6913a4dfa86e22edd13ed0d5c19b155fa1f2d3cc,1
025c50cc6d360332df1113118af0d61d1eb9191c,1
02cce7d4b40e229338619813912ad62f0480fa3a,2
0a7e7a6fa59172f61d3d6ed94d9ccf055c85bf27,6
daa32013b1798e8d7c8da79ef0de9b1d49fac036,2
ec1b86d9cb3a08f77beb2aaa8363c7bff0a9e175,1
cf597e2bb1de6acab4753dde82221f5cfd8eb1c1,3
e76f2ed4cb18ab3527c3334f5997878dc84206f8,1
b5c2190b38b062b9ec09d404766a314648fbd8ad,1
28008aced08ed187643a19a1931f1b6a060ae3bb,3
70af080813f9f0ff387b2ed60ab65c18e6a89cfc,1
5ebba4b19fbfc4126e092cc382d0f878e3234f77,7
cdcd45d651adb4b8997ea27d8815fa59b3efea14,5
e78f607ef33044eecde744e77beea87532817c47,65
6b9a17be16448459cdbf3447598094fae455e39a,9
Marlin/src/lcd/language/language_el_gr.h,9
Marlin/src/lcd/language/language_ko_KR.h,3
Marlin/src/lcd/language/language_pt_br.h,6
Marlin/src/lcd/language/language_zh_CN.h,0
Marlin/src/lcd/language/language_zh_TW.h,1
4250a9890818372f13da6baab1dd09170191dbb1,1
ba4f49f4a269642a1743618c3b2e44ccf6fb89f1,1
5b438fb20d8b96860d307253fb0f3a728bcbf223,4
5071fe82ab221627ef10cf4125896e3d2585993a,7
91cff02596a54d8024b6a4ab10880a04deafe58b,1
454cbcce51cd6e18d550bfd5e4799e39cbbc216c,1
6bfae5de6f1e3cc56ba03547d90fffa264463784,1
3e685777a8789e6704d982881b2d94a9f42d4a3a,2
d13b1532306173b29c8bbe8f68e2d67c10ec7c36,1
3a6f776c4b7fb456f79eba4ad16e7ce76ea05d84,1
ca305b03b7ef30e622de365b00f577aade5eeb26,1
9040394e8e1eb67e995bee59b340309448329c2e,1
955ce393df06de8d4a73e6e712b77ff40a2ef496,1
92278a45ed355e13c177ac552bbdb3060c99c2f4,1
a254354e687a781d5cb27094374cc5c436cf98ee,3
5e197df89af624d556b75c4881aacd1ab57e861d,8
8ba5ef8cae5f7323688749e699606dcc14182c3e,6
Marlin/src/lcd/language/language_el_gr.h,11
Marlin/src/lcd/language/language_pt_br.h,5
Marlin/src/lcd/language/language_zh_CN.h,0
Marlin/src/lcd/language/language_zh_TW.h,1
9a51f29efad894eb96bc86d6bb9b274700d0a816,2
ebd2bcc177640ad0a272426675bc1322272e7bc2,3
9717b3044f41d47dab2b426823e2de0d466dcf59,1
2bcc2ec7d1125428beb6898a527d1cc49c26ac78,1
529d57bddf63ea4598b4c5a3f4ff42f188c995c8,1
0ba18848af83d66aa14ca8f5d387ab9f630d450e,4
b2328d089a1c3c375de729c0af623c638d631078,7
29ec868c4bc19058f02039c2a90e21fed816c257,3
1d431fe8d27b3b5c16333793c71408fe0156308b,1
2471a8bb91697ba05fa8cea4a15c1ed836e47a3c,1
7bf3581b024c2942d80d03d7e7abeccca612587f,1
b9b29bf4c075996f50ed2f8680fbed3862239010,1
20df64814e962d6f0aa4fc179f8e7c5ddca0c4c1,1
34c92bbc173bdf91cf56902ff0a2e06adb9fbd6e,1
eeec4c27e7ba4d3692ee0fc27486370628d47278,3
484e1a624c178f1bb0996892d2c606f6cfebefbe,1
ac3e27c0260dd1983a5704ba7efa343362456350,1
1ab6f910b630905711203491b6edae39bf8328c1,1
cfd49740eb91e63a0319a80ba89c6d0915058327,1
5d16497bed7022da90606aa3ad6c97e0683d8d09,0
Marlin/src/pins/linux/pins_RAMPS_LINUX.h,8
9f53bbd7912d7fc407ce7c4236ba4f59891aecc5,4
e1d367e05afad0485f58d4417ff7cd717bf41c80,1
f30897500d37b59fbf975cfc772c4359fe8b2566,1
68de12acbfc803243445ead3e530c6a9a90beee0,1
6320f9795ca91e8c467339afeaa5d3d354500543,1
22b974691eee6f27d5f790dc2dccda6935b87a08,1
4ef627d79f08ea6c9ae25b8e8963262f557b5b9c,1
19991e269b07f77e2ef4134da406bb1a6afe9d25,1
b8b225c8b5f7792990169563707f8afcb2cc6db9,1
a1f026f57ad7dbf4c50b135cf1dc0f9eacc06025,7
2b788e9aa6ac60ad9386d90ac0a7b05fb152bd90,1
140e4ac507c4ff4040e5e6e0840be63b55800e97,1
1c52d76668cafb28a1838825107e38362cd31c6c,1
178735b9585753104e3bbd244bcee46e271f6d2e,1
4c179ba3f73d91f58aece7b047946dac0db217ce,1
05f51e9355870e10c4173ba71268a4457f2e1739,1
75e3aa12c5e963345c533d8f191aba207bb4d2c1,1
99a50743727e2076c19d8f9469090c3ddd6f9a93,3
4c6f695bea0bf5e3262f74be97aea00aa4c9fc03,2
8bc3e63871a54439e7782f7133d7091b0b8152d6,1
4d400910b4058c236615737a36c96ce523fcbd2a,1
42208bc031aae9761d512183c554763df41a34cb,1
199a1ba0e566cc91d5082bbafdef81c6f0800c36,2
4360142bd10d4750cb4e2502b43bd22be6b424f3,1
ddce1c6ef23f86bde9389a309838ead6e0d0f36b,1
72fae2faa5c95f63f50daf49be67657ddc3ad069,3
64a81f887a3b9fd471484dba784e11bdba88ffbb,6
64b96f390867700834641b01bbb37a40867a7bef,2
52a126808917f480e0ee1f8bcdf8fb6eeaacc4ba,1
5584da388c4a425207dd8460bf66538b29954bc2,1
efdaf940a557e38a0446421309c862c8d7fccd3e,1
71ec89a112b941818beed6ee54ac5cca444eff61,1
1087e318e517571e166241222eff6ae7074bb49d,1
150237f7125c20aba6e81f93d04e48d166abe8a6,1
63dd0f249d3a82f8f253a1bd0f7c2edb7d4447e4,4
0b984519c30f453fdb5b4efb8008a07c69688824,8
073e4443e8b8624078138a0c6f422cccc2959a86,6
00ba053c90ebbe6d430a48912bc3e00c8a1041c8,6
ff0c931e470970a9bbbcefaa2f183fc6733ec2a9,6
a16f3baecc6cd5da2fe71faac49650b5ff766cd7,1
49a66bc4cc74f115b1846056a8ac4ae40ad5473b,2
f3f692adf7c8ceffeb5af5ef562ec412db5cd0bd,1
af84e362cc56404c07b176ee24f3eaad165c0b60,3
082117c4bb30d8f2e5b2edeccaa8d59ad6126940,1
0e17d10bf325afed9ca3f133dd3d2e5cfb3a7724,1
68077149e202195310b404c44debfc245b5c2f37,1
62d7d49719d3726fff7039d7185f3215e1517db4,1
1d8d91afc66c10ebf007399b2c4e2dc57fef89d9,1
a83ad2d9d41a91cba2ab9a1f9382bfd833e8bdbb,1
0306c1bb0c5a75a6e0d47ed1db31877ff9069177,1
4a733796bdd11e429f117e652c0edb74c33c9e49,1
0fd0554b5fbf6aecb5000ba6f37ab79a1c32f039,1
fa6e7cb733d07bc3f387987ea3f44ec75986eb0c,15
7b02a62da82034e9c1e2a6098f1bca39e06811a5,5
189c101793c72780fdff2b8cd693d4a53040a0e8,1
1c556cd90dc2ee5d8643bbe9bfbe363b8bf57d0e,1
e442663e2aaaa5f71d16c947b3ace277ab80fbea,1
71539bcbeb68284663d0627207ffd5a9a377e920,2
d5790e09a5cff1a4088e7d6828b7a02175539f63,1
b26f7fca3fb085a502195319e04101b38d61dba1,1
2836834d7ef2043ccd80b8a76560c21f2eb8fe74,1
d8b2726fd3248c90da719b2ec1bf87eb0bb5aadd,1
3f87f912c5b78a08b17dca07840333c882ceada2,2
fa4a6cdb5c05abc812a9dce5f20956c0dd42386a,1
3bef7a445080fcb133dfa49aefddc0f28057b226,6
e561f744fa67d562d4841f4e3c418a99599b1c3d,1
Marlin/src/pins/ramps/pins_MKS_BASE_10.h,0
Marlin/src/pins/ramps/pins_MKS_BASE_14.h,0
Marlin/src/pins/ramps/pins_MKS_BASE_15.h,0
Marlin/src/pins/ramps/pins_MKS_BASE_16.h,1
0b45493557863f6a78738d91a13630c51b3f9628,1
18a7276909a3e2aa1761ba0c46577a8f6e7baedb,4
28b48fc9bbc29279f49446fbcc54fcafcb1729f9,1
10b4fa91eb32f436feb44d1387bc57cb6ae12eb4,1
a33d08928afac98a9bd8213dfc550dd9529b3f65,1
15e6ee6c7c5ede548708dbd296f7d3623a3c8f29,1
a9549f7a08381e786b6232297c4a0c5de4f9c9d8,2
cc1ff2725677c3707a5d9c3e0a45437cd0f04e34,3
0ce83dee9560fc30f27fdddc450d3861725d9a22,2
38873596ece459ae1d3b65bb8d7905287c3dae6a,4
ffcbba4447c15d702c5aa37bc21ba3abea822cef,4
b9b07387d7eac1a02f068069d783a85775ae4e64,1
90e2c420312675521ce10def0a8c16a2d4b2c6bf,6
84b6e11bd53acbfde0ad82445e21d7bce1cc14f6,2
894762259b072407504ee584103680b103310026,2
Marlin/src/HAL/HAL_AVR/inc/SanityCheck.h,0
Marlin/src/HAL/HAL_DUE/inc/SanityCheck.h,21
f0cbc85a07ab52d8b7af906640fe281694cd657b,1
130e36d76659182f50565243ad331e8f7765165c,4
5d3cfbdc9b086d81419afa814a41595e79435445,1
f55abfeb952cf422e09b49a8b0d0b931f475e6f8,1
38bf5523e147e10f1454498d2260573c48a2aab4,1
12b3807a7f443470c290ec8b6fb6eefdc5b39280,1
3a3429b1ef2fdaf1e793fff17a89b069e3384fbc,1
86812432f39ee836ae568f60d5d9bfa85680b69f,2
54aff831791e50a1cfb4cf7ccef36f5fefff5494,2
78fea4a9ca198b737e00025ff42fc2ddace38092,7
Marlin/src/pins/stm32/pins_RUMBA32_MKS.h,2
bb68eaa69ed0d0e461aaada15af63e6d6f02cda1,1
00d71ff0ebaa432ded081199ba7ff1e3841e0a2c,1
9b4192cdd0755786a8d1892dfdffe3b875385681,4
Marlin/src/pins/ramps/pins_MKS_BASE_14.h,0
Marlin/src/pins/ramps/pins_MKS_BASE_15.h,0
Marlin/src/pins/ramps/pins_MKS_BASE_16.h,0
0ebd2f44d4fc88948d941f3b16a08c027208dd6c,1
f312ddfa4fd5772d825908f8e376dedf29442893,14
793939a365df14d1bd4a787a8cb738387eb6c76e,1
7bf2190f03228666fdec3e1f8f0d8548a1ab2e95,7
081ef46e7692d027b0fe8c4667da4315e9e20e81,1
15b6ad41bc0ba5693e68e1a8778302b9cc5c04c9,1
0268c1d02c33e6568aa579cfb9e4058603cbcb3c,21
38a9706e164bbc9cd97ed17f109639d01b6b4c01,4
62d9e3f50e02d5c8e1f480bce14e9a8d3091f667,1
3ded99b894117f001418d6d930d474efe8926c60,1
f1dbfaf706ad2e00e1ca49c09ca8790a950a70c0,1
7d4fa9d5046379aaf25ecc73bf8fd5ef581b5cc4,1
ff78f79762085581734e4d24b70a888ee2baf139,1
202840e750b4a94c71a6eafe30d52112825d882b,1
bfad23d3e2e590b257ebe4317d7b14cc2dd3435c,24
Marlin/src/HAL/HAL_AVR/inc/SanityCheck.h,18
Marlin/src/HAL/HAL_DUE/MarlinSerialUSB.h,9
Marlin/src/HAL/HAL_DUE/fastio/G2_PWM.cpp,5
Marlin/src/HAL/HAL_DUE/inc/SanityCheck.h,46
Marlin/src/HAL/HAL_LINUX/hardware/Gpio.h,19
Marlin/src/HAL/HAL_LINUX/servo_private.h,19
Marlin/src/HAL/HAL_LPC1768/include/SPI.h,109
Marlin/src/HAL/HAL_STM32_F4_F7/Servo.cpp,16
Marlin/src/HAL/HAL_TEENSY31_32/Servo.cpp,16
Marlin/src/HAL/HAL_TEENSY35_36/Servo.cpp,56
Marlin/src/feature/bedlevel/bedlevel.cpp,58
Marlin/src/feature/power_loss_recovery.h,58
Marlin/src/gcode/control/M17_M18_M84.cpp,21
Marlin/src/gcode/feature/camera/M240.cpp,0
Marlin/src/gcode/feature/cancel/M486.cpp,11
Marlin/src/gcode/feature/mixing/M166.cpp,10
Marlin/src/gcode/feature/runout/M412.cpp,112
Marlin/src/lcd/language/language_el_gr.h,9
Marlin/src/lcd/language/language_ko_KR.h,3
Marlin/src/lcd/language/language_pt_br.h,6
Marlin/src/lcd/language/language_zh_CN.h,0
Marlin/src/lcd/language/language_zh_TW.h,17
Marlin/src/lcd/menu/menu_bed_corners.cpp,17
Marlin/src/lcd/menu/menu_temperature.cpp,108
Marlin/src/pins/linux/pins_RAMPS_LINUX.h,8
Marlin/src/pins/lpc1768/pins_MKS_SBASE.h,19
Marlin/src/pins/mega/pins_GT2560_REV_A.h,19
Marlin/src/pins/rambo/pins_EINSY_RAMBO.h,0
Marlin/src/pins/rambo/pins_EINSY_RETRO.h,22
Marlin/src/pins/ramps/pins_MKS_BASE_14.h,0
Marlin/src/pins/ramps/pins_MKS_BASE_15.h,87
Marlin/src/pins/stm32/pins_GTM32_REV_B.h,3
Marlin/src/pins/stm32/pins_LONGER3D_LK.h,0
Marlin/src/pins/stm32/pins_MALYAN_M200.h,16
Marlin/src/pins/teensy2/pins_BRAINWAVE.h,29
7f9c62437e5c72947acc3310d94829f132697c81,5
Marlin/src/lcd/menu/menu_bed_corners.cpp,2
72b4d91d2e4d645c7b77eb7eb2aec2f5461f9728,3
ee6003be8705da8a096780f433199299898af6bc,1
4716dac8742e536dde12773b579407fb1ae1cb66,10
0e72c315a0be49e98758d9744ac0117b0904b7e1,5
Marlin/src/gcode/feature/mixing/M166.cpp,3
4937519d51047f95032d9f8149432c45fc95c48f,1
63469ed8f75da3c3ca703d8b45c2b0d323f26a1e,3
22556a7bbf8cad71fe2d4afaa9cd0ca14eaf6952,5
c4cbc54484b5b4afc6d8686e42d2280c07a40bb8,1
7a4758a6a29eb56c3e56c0eaed7809022459c6ae,4
995a9238b37931ea41698abc90388bbb74c0ae5f,2
5296af94d22074112ed1a7ca4a7af720cc1ebe94,1
0d342bac51a5f32d143f0dba9c65af820dfab621,1
832d33ce9df787a41d772b432118d31a92105512,1
c3cab37d7eec97f871ad73d07a3abfa616bbd35c,1
e58d1bf97405f89d0a720c90a63ad677ca0624b5,6
90b6324563b806ea7dc24ddf299f055dc4854341,33
43d3463d5d612a300789bdc7a845eb2e8a37786d,5
e64b7a3ab27dd1f0dc56e227b42295e5c931df62,2
1af05797d7e571cf619f5672fb9b2fb9fc5442d2,1
9a8de23858b3ec1b19542db4fd6c5e5419e6ee98,1
5b3d968634d817c310e751bd59e1274295459218,1
300b81bfcb50e8d5b832570be65a4c3b8baa9ff2,1
0a6ae664bd3f01eab1caacd63c3dcdc043333d92,1
c4df5cf9a6c14f5527abc5ce3551b05733f326f1,1
02f61832c02dd7cb0287ed0dd498c0e003561bd4,1
dabf3939209fd8ea7f6a6327d764c16743aa22aa,1
e4679c1b787887c466fa607b7408f69e420f4b90,4
62f52ebb3a0ef69b166407d1f6b0e8ed9627397f,3
e8e25b80d1d3a78f3e5358e8992bd4a4900d6c1c,0
Marlin/src/pins/linux/pins_RAMPS_LINUX.h,3
2822c0890a041038b9a32eeff5212cbc709a347d,1
c45d6b2017fa45cbb0f417dc6aaf06828b2b4671,1
8d4dd88bf918db66bd611fa0977322d715baffdd,1
3c9464eea4765a8635917049e704d5d37c6721fd,2
5b12627e146cc8b2a61d347ae6608b5c4d4497df,5
9caf5c05e7e408c7192e689e4ed5fe2735bb2995,7
50889c0f94778c378357bcc4d4a966fa869bc5c1,4
Marlin/src/gcode/control/M17_M18_M84.cpp,7
99b6a132bcf5ccf54215ef6962eea3e199ea4c0d,4
e6a675e6ecaccb5b897bb7c6e4bcf3bf48bfbf6d,1
1bc6509d026e7d3bf853eee729369998c64ce339,3
1db9d9f76f43850539437e22745ea7f026e8a361,2
8737c35ded48c639ffded58a587f555da65d6f1a,1
e8ed4329ea0a94cc3929c34573882f9c662fb53c,2
Marlin/src/pins/rambo/pins_EINSY_RETRO.h,0
a5f72330fb760287673b7724f304fdc24b3b90a4,1
9bb8176d341e769af5080cc22a45a433d75b8318,2
9b45f342ee8ec1765cc564ffb811755c366cc50c,1
e4eaf32b4da705c924087bcb1d9f720fb8beb731,1
0c3cae59d9e323aa5cd39faae18e08d0ec2341fc,1
131acf304b4d09466e916cbe31ff3cf3f2913804,2
8bd6b60a0141fa892984f2d5b61f06eadbbf9a5f,1
e2eef1256a6feaceb8f4c7f02188e8d6d6d43519,10
a0a93e35ae4275c1f99d776b5cc32d91ee7160d2,3
2325bede8a079845dd19ce8020350c1d8f8a18f1,1
56cd747c8be868b21619001aeebbecd3827a7e93,2
48098b1675a7e2ac0412b66328e3ad6a6eaeb9c8,2
f6a6704b66db7a0d9164e8136fd08d7e05814e2b,1
5e3e8fcdb9b2ee634489519c4ea81242acf68c2e,1
0949c0f326a8baf0af5a23c1545fa34f418295ce,1
81f31efaee0120a297d3b35fe1a13dca5cf321f2,1
c49e987b1e9eb2f38eb80e1c405676032a053008,1
3572fa22a03aee050ec301e9acb41b16e83b8ad3,1
1d1dc8e33934c0f837d0c590e8fe8d2a61a1c64b,4
bbfbcb8a5d938df2f2da0baca128046a0eb4792d,2
Marlin/src/lcd/language/language_el_gr.h,8
Marlin/src/lcd/language/language_zh_CN.h,0
Marlin/src/lcd/language/language_zh_TW.h,0
44d400db83e2efe9d4544aa49f4ab8f0042ba00c,2
4a71285c34e161b9f38079e40d8bac2861f8ff78,1
6357619ab29d2e03db883a1ebe8ee16b2714c55c,1
e3611ad209582a222562ec88332c8ad9f85e2937,4
95d5a0c480d655bf96a6989ad3df0f240ae343b2,0
Marlin/src/feature/bedlevel/bedlevel.cpp,6
838a420e27cc740e0891f1a165b66b212ff59dac,1
248b7dfa591a34a8aa1c6960944e1a3a468ad1de,21
Marlin/src/lcd/language/language_el_gr.h,6
Marlin/src/lcd/language/language_ko_KR.h,3
Marlin/src/lcd/language/language_pt_br.h,4
Marlin/src/lcd/language/language_zh_CN.h,0
Marlin/src/lcd/language/language_zh_TW.h,3
Marlin/src/lcd/menu/menu_temperature.cpp,23
0d166f9c7dccbf5f1cc243f06e3882c82a4bd86a,6
86c18ea6e0709a660e0fd9bcc30dcbbc9f39925e,3
b7a67f6f7416e016cf9e5970c09bafa1a732a5ce,1
Marlin/src/feature/bedlevel/bedlevel.cpp,0
1c042bbaea57e1ec59cc90e58c670914f43cda08,1
899db41a5c42e98b2f8c8a2ce0216c6c04b7ae76,1
2ef6b86ccdc3fdd3fde332f36181f4b2009e15b6,1
342f65eb8ee3bf7472b77fe59d13611950e40591,1
0eae26a7be8c6798e64067548f3c8f313cdf677e,1
fd346c6cd148b5cad06acaa1247265b11152fdd2,1
d3a8a81756de675a03b20ffa262122f41d384022,2
b7f86bffd5debd04cfdf2450aa3e82343c4d0d5d,2
79810b7fcb4149896180d757e2fbb1ec7a8fc217,4
84c874c53bfa970be01c505150ccf04566dc660e,1
04d64351a24d3278ef8079c74cc24a55e32a1de2,6
c8ac908db22ac941da51e25ce7d9533c488618e2,1
b57ef4b2617b3413c578a56d87a61c8789f29a2d,4
1a5cbc9052dd44902508ef092634c2080ebea851,3
f36225c3e01ebd426ea1f9072206fc8468d02e72,1
97b5a5f4699d3fdb4665d8052a9356fcc1987f68,1
a1f5245e2785c6f54f430256d05bcde3a87fe0bc,1
ef8f82951357e45a6a13069e089bca5ea79b07c3,0
Marlin/src/lcd/menu/menu_temperature.cpp,1
d9cdb4ae195de25db5dd7802e68474d4f764c2a4,1
451062553e5f3a8f35647b8a445f39b6bbb80f92,9
0fcf2b1110d9f0d362e5aab9cc73d963710e9865,52
f36f0844656ee82f840b13234771ba0414a4b23f,0
Marlin/src/lcd/language/language_el_gr.h,0
f6468f0af3c271e138c57f9b79e435279c9eaf78,1
439e73d79cd664a33a11280e4dd1709395093945,0
Marlin/src/HAL/HAL_AVR/inc/SanityCheck.h,1
0547d9d651fe2de6da68c2b9425f5211e5b67cfc,1
3b34fbd4c4b7d3dbab964b79bad47992d50b5f37,1
a05a65e7d28353d7660741e4c932aaab9df65778,1
aec211fc800c49bda63668e2142cbecb2793571e,1
1084068a3e6fd0ac0fb9853f33594d3b48e78ecb,1
e9ae585647900866fbad7bfdd412ee22660429d2,1
dda76e50a9e1683e988ff79be7225269a4ee8a98,2
37849969ad231a947e904d3578d13c93a630e88e,3
707349d492c2544d32af7287aca4ddbaf1473542,10
f6a6839a82312f05efbd39acc3bbbd92b990e8a5,1
79c2f05e7d1e83817f23e09bcafa3b9f55c3acf5,4
4dca6d50c057735b39a39fe9128348ce83109c85,1
23fc81f1af82386bae8514e3df8976fe93d562c6,1
d035bfb1a97357c27b04e190c7e2a844df7dbd0f,1
80400ab3f80481f94e6b9df40fa404baf3fbcefd,1
a338dce83f6f3b3348a8422ad8acd7b81cc1cefe,16
4108c5d01fe56c4cb06bffdd926cbaf879e34f11,6
9520e5121c41cb682d47ae6fc60de6ff60be05aa,1
e94f782f51c7b60ec354b7e637a2b86dce359781,3
6d1f6a95168fd36e6ca49fa0012ca308b9679771,1
a578749622883af652b1c085a1322a2f33341793,24
0d0dfba2036d76380f681ed3a7e7d1a781ed6145,5
91a399ae7f087ea2a98b51f04b9c9fc6f96eee6b,1
2b9eb4437b4a1192d25f7351ff1d67de2970db17,3
5bd66241df95bcded900619f92c8c6d35e350423,3
1bb1ce7475457301be6bc9c8488c258414349e7f,2
c305c2cc6bb71283bf675e92c120aa99ceb030b5,9
b310047dedcbb47387b1313d7d69ac42ff11bf05,1
bda4957f9bdc922615a98c26c3a1ebaa1c6492a3,1
f10d3564e1739e43ed3e698839b57bc12997126a,5
bc483b235420d496c8207e5c19aad9b2dc343046,1
2d7f94cae1d7d69665813ceff33ba834a182f8f7,3
7481563bd98b43b2add28ac912b12043b1c2ef94,1
Marlin/src/gcode/feature/camera/M240.cpp,0
bd550bb45a88249b56f0f8843a03a7d023d28082,2
b419ca254ba1d6bfdd0b3ed7062e4758290c9daa,1
7eed008e8e668aded38c824ff84826d858040dd1,1
53dfeed6c0584fc6c93d592d164ee5c3af9446e4,3
ef513ef7fbc0c95ff35c71863f70c51a67bef2ee,1
7b304cee16bf87962eba998d8c293e5d4bd23c71,37
config/examples/Anet/E10/Configuration.h,1
config/examples/Anet/E16/Configuration.h,2
config/examples/Anet/E16/_Statusscreen.h,20
config/examples/BQ/Hephestos_2/README.md,7
config/examples/Cartesio/Configuration.h,141
config/examples/MakerParts/_Bootscreen.h,17
config/examples/Mks/Robin_Pro/ReadMe.txt,18
config/examples/RigidBot/Configuration.h,28
config/examples/TinyBoy2/Configuration.h,17
config/examples/Velleman/K8200/README.md,8
config/examples/WASP/PowerWASP/README.md,60
ea7363a8f47f60e2014039b2ff5d33532ba00957,3
8e1a21cf539fd2c062bbcc3613d2cd222d03296c,1
fc773c278433c1b400b5ac45eae7b21342538fe5,6
bfe4ceedd1afb8405ade71638d004bce4de691e8,2
ffd8b595d16dde892e0a48f2afd9b4e79bce47fa,1
Marlin/src/feature/power_loss_recovery.h,7
1457e40208ade67acf4101bfa5ba68c5b319967c,1
1ad53cee1f4e2768310fca98de0381df9c39b617,57
config/examples/Anet/E10/Configuration.h,1
config/examples/Anet/E16/Configuration.h,24
config/examples/Cartesio/Configuration.h,135
config/examples/RigidBot/Configuration.h,24
config/examples/TinyBoy2/Configuration.h,69
53f1e5ff5b8551126e8e64db54be08c9f7b28c19,1
0e6ef65aec52980daeda09d7a6e8cd98b97f3806,1
c4ffe74d71c6f771e6d4150d10c72f2e35519634,3
55b2af9464a9655d4ba564a3d6f9da6f5c89c21e,1
b4ee420a378914aec6e57e9d44c92f1db0e40506,2
f926351fa8aa053f2b29d8271b096b65880c66bd,13
config/examples/Anet/E16/Configuration.h,11
config/examples/Cartesio/Configuration.h,64
config/examples/RigidBot/Configuration.h,12
config/examples/TinyBoy2/Configuration.h,34
51f2733b7ff640fe0e9ec43c14e06470d51c2fc4,1
fc4a42bbdcb5bbf34a3552c16f7a9dd69545495c,1
89ccd463d79007f5b1f15d4ffa8df913ae3a3373,3
473d640e8842a54841ae32d769d9af06b50980f7,1
57499291d32d452e91744833c47a6a95c718f0a4,1
56e51efeea9c8a9cee4e24a5940d9d9d3fa517b6,1
d22eb261cf8aa005b8d433f8f4bb194d5ab807f7,4
fbf2f36cae1a562c6f9417fb2bb0046d2e3c18f1,2
536778812fcca3e8576bc53109bed961d767aa33,3
e8941d2bd8ae337e6b69a21813b0712bcc3281df,1
d854c8fa5fb4f65eeafd230885a6eea982fbed22,145
e9a97127f7fdf0e3a8e147fe661a1ccd3be8e65b,1
0391e5bcc735d25c4618026f2656161c2631e592,1
d02a867424f07ccca6b582a52b3376fe75d04d36,1
2d820e62043260ee2ac32c8407389c67d7c2a7d4,1
f9f7697b96b08720f05e0edd5e5cd5abbe57d1ed,2
409d7378d90c0db35a1fc3c5baab93b8db1e16a9,2
669fe74096458c344eed83b9c4457009fef56a83,1
36d08f8ad354005dcb45e2907fec5ece45f309a7,133
8a7661df890702d668ec114fd6788d4d87fe9c2f,1
6e658a7c045acc80f92c99551d81c850d8c05723,8
95046c90478c14d2c43bd41d30c4170dcbcdf53a,4
Marlin/src/feature/bedlevel/bedlevel.cpp,9
5beca894121848fb7e482e77395329025fd7b51d,1
Marlin/src/lcd/menu/menu_temperature.cpp,1
5ac9d9754e5feb705030f1ba1703d2893b829ed7,3
5e7943f19f0c130125d19b219cd8babb56d5e0ce,1
5a5e1d040197edbba111b6aad4aefd18f216ca04,1
a88b91b3ed9eab7ec89045f93031faeb1823e1d4,1
5c4c052fd79db45522130ab72588b7cce0518257,3
d26c32375ee7b0748a116677ed7568af53027c03,1
994c6958625cb1486bc32f1d0ecf307d20007725,0
Marlin/src/pins/lpc1768/pins_MKS_SBASE.h,1
f154e9498192dca7447cc7e58622cc85919fbd0b,8
b7f81632917f0a0da7d7dc974bd60dca9274d6c0,2
675295692b88440facb988ea910455486ea7fa17,1
d1e55a2d1de96af871b3f53fd3ff3adfd2302303,1
5e1f0e5e90b678702ad1a455c8f0303811934a86,1
bdcccee203683d5377cefb4edf732d6e418bf0ec,1
d70dad6807422996bcf90599afcb277a9fee7bdc,1
93e35880ce8eeba31388c5f6bd9d03a698e859c9,1
9b970cf12fb2a0cc6ca84516df97d7b3b4049526,133
022b6b9067be7e58145ee7dfd580b2388a8275d4,1
fc07b0ea30b7f75fe6c21210385f8b281f6cf644,1
a484adcb308eea5ec82a3d2cc0a3369728953e7a,5
31679640c0e35d74564790c49c9b12f0284201af,1
3469a0a1a0aa0e115f134a70ee06ccd8faee2255,1
38c0f800d6c026ec8f114716fb6af28aa6487811,1
57e37b6c24b2c8c27f95d8623931421d5f821149,2
07509febcd0e4d9ad0083426faaffd113e1473ee,3
e593da1c23a4759f6591826f815a504f0272e21a,56
config/examples/Anet/E10/Configuration.h,1
config/examples/Anet/E16/Configuration.h,24
config/examples/Cartesio/Configuration.h,135
config/examples/RigidBot/Configuration.h,23
config/examples/TinyBoy2/Configuration.h,67
7f87a044cdb7c4ca3fca81d4d175987484710a1f,6
Marlin/src/pins/linux/pins_RAMPS_LINUX.h,20
config/examples/Anet/E10/Configuration.h,0
config/examples/Anet/E16/Configuration.h,12
config/examples/Cartesio/Configuration.h,72
config/examples/RigidBot/Configuration.h,13
config/examples/TinyBoy2/Configuration.h,36
b841b9bd0158123f2c4b1554ef73c317ce062f93,1
config/examples/Anet/E10/Configuration.h,9
ceeba58dc9688f7d92a77cc32468db9d8ad69f56,5
a49c6608c9b368f809e448445e7dc6463af18539,1
9903bc8d367db4b0dfb37b6bf2c60cfcfee90211,3
aa4db785f257942ed9869486288d6612c41421a6,7
Marlin/src/lcd/language/language_el_gr.h,9
Marlin/src/lcd/language/language_ko_KR.h,3
Marlin/src/lcd/language/language_pt_br.h,6
Marlin/src/lcd/language/language_zh_CN.h,0
Marlin/src/lcd/language/language_zh_TW.h,3
00e27503ce9dec72df4610622159dd1c49eace42,1
f7e3a5ad85fe13a00b381c2c876489a6ec5a9dcf,1
3cade6245e851af9a33d1f395758b898c4a06a30,17
d7aee3b7b69b8c2c56affa1cdf1953156de65ebf,1
64fdc4f24bf8e5eea681cdd2de03d17976aca71f,1
295aa3d60de4a3340829687e6308d82dfb9a8cac,0
1d0452c41e95f94f78453f293475d4fb3e9c0061,4
96a5e64bb8b1e7a4b31b5976a9a302818c4d99ef,2
595e684658d82a86993167d3451c6a02fa5692c3,3
21dc07c40ac4e6e0a499d758353af259e37a9013,3
cda363a15e03c34825ae4ba39e088d460fff3b9d,1
9f4445283492f482afb3273644472dbe44f05eea,1
7a50dbc00dbae8764020a7087bcf64c9eb1dbb0a,5
3162d378ffbb0cbd6f503e85fde7f2a8cca99e2c,1
d129ac1b37b96a48f7c4cb87ca3f71e7b5e783bc,5
1ea529b9c1d223832b2f64ff09b2ac7e8b638a25,1
5ffabd56eba34e26ff12576c2fdeeac0390d2e91,1
d0e1166cce60381fbdad1105d13765806a525d99,27
Marlin/src/gcode/control/M17_M18_M84.cpp,5
Marlin/src/gcode/feature/camera/M240.cpp,46
5b75a018b761721aa8d818af22137797f9ad544f,23
c75b5606044d59d1da041090e91d876a25440aad,1
a2cda631d920547bd8b2d4c919b6a6e19e05b824,6
a7b0b390cda561d670e4d2ee87af5de7688fecc0,1
9ff2d34bf8f858f1fbf48475e753aa0c72ee4690,1
92ad97372973a770cce2ee34fd131482a3dd312b,2
0be8b22d3cae0858e855b1fff6af70ac4bfb7492,127
4e1f2f89f6bf8456bbf06f98d8de78410db850e3,0
Marlin/src/HAL/HAL_DUE/inc/SanityCheck.h,11
ac32ed74b4529dbd496713e3f2d75315d8aeebaa,1
89f9902053edca864fd12af30f21de58d8782b3e,2
c6f7ea9f22e3ed578ac7383259fb600cd5810c58,3
747b2b9bf45b4882c2b8c9c1186b399bf53b0421,13
23bdc1556d3cd4c746f03f36006fb9ac216facdd,1
ec03e46ffa92be1710cb49d7bfe25599ebd571f8,3
47edbd92207beb5df761edcf23a0a20927f72152,1
00c83e9ca64edec54e5352e8bfedd41cba02765d,29
config/examples/Anet/E16/Configuration.h,20
config/examples/Cartesio/Configuration.h,129
config/examples/RigidBot/Configuration.h,23
config/examples/TinyBoy2/Configuration.h,67
832321f55d88f64c105e3c6ff20463de204e2d33,3
941a09b6acb6532e135551f2b0eb2bc590881432,1
16787c94afef2fb6acc4da2dce06de85990402ec,1
28d83b42e185e94f366004689dbc9ed68649977e,1
23c5266076f2ce32d680c0d9f73fa1dcd426fab3,1
1c9ccce5209cd1727bf80e632f4f781c651e0c35,23
config/examples/Anet/E16/Configuration.h,10
config/examples/Cartesio/Configuration.h,68
config/examples/RigidBot/Configuration.h,12
config/examples/TinyBoy2/Configuration.h,34
9c021158e5446a5a4eb795824cc34aa879433186,2
254d352fcaf4771593c468db49239be69a2e136d,2
baa101253a5ed83eaf8d486fa25ecd865e650df1,3
a333bba725c7e64ceec04d980e43318b396376a8,1
2230ef6e09fe207c1b56c2f032efeb9ff04e9791,1
24eaf2d7e0bad4ad3a11f1835ed60c031b0d521c,5
f4196d394be7c58ab878b13fcc5df9a34eb56096,3
ebdf8b6b1a04f0f211c5d3fd2c73f2d902485105,1
59f9bb2120b199f082ae24f4d7f6c3be4904fe53,10
f339a39654a330f9a27dfa8d73057b12bfcca89f,4
a3d88aebed987d76231eecac6e5c72702d499000,4
d5bc5547eeaff6dd179b4695526897174119ecc9,2
f8065da48f59f403ad7bf3204b3338db8b4b31f4,1
127fb9860c00fe6ea5fad2159eb3988b777d46c8,1
c5179cffb4211734af5cc8c929f562e6bbd924c7,3
0d8c81b2a6e81c113efa5dead29801c54df02439,1
856013cc0fe4c10518a9610561885bbfb01b76f7,1
0b6c2d893e0f735aa54421f89994b32f8b05a095,1
b6d857f1d67b89050b4bf0dde5eb7c95d9a178da,1
2e235aff030887c84493b877bafe2d798fd374ed,1
87992f3669c77a808d4d34681192adec22e2556f,5
64ebec50dc9dda0615a81d555e78bdf5194f0f78,2
e3b02757d3f7c854ccf2f91bbc0f9de585cf8478,2
70325a6a0ff32986c9a83bace849f597855af093,10
d81de7f521c8a6d2774c68cfb8a5193ea9a2cd35,0
Marlin/src/HAL/HAL_AVR/inc/SanityCheck.h,1
deff538909f50ee9b792b313fe8c32f32beb6263,2
a9a78f283184dede254d3e37ce95747f9e5824d3,122
10f7bbee326ad7554ece3a74385f6e6687fff41c,1
b49a0e39d5617ba3752b4b406cc663a7c6a88908,124
53f77dfadfeb49e1af2ca69924dafe94cb297327,122
937dca4432cf1aecf743de913a316b5b5d9413c9,1
bbe0ffb2fafad854457390540ca47165e62986b9,12
1bad8f1b172d8074272e5bae78a356e3671f7b50,5
5f06f42ccd6fe71e663c47e98991be635a977ee2,1
e5edbf9d3526953f7683f03abdb88355fd8a79c9,1
865071a946a99607cec7c5c6a4331e5b170a88fc,2
329f5b4df97111a7f8019292aa3ac6713e0656ff,3
dcdaa2025fe0281d8b274cd5ef0db84d330f40de,124
04007834444d88f50455964ca08b4b18a29bc7c6,1
768a1d2713a5967b59c8ae8221f41227730c81d1,1
711fb26ae5ede3029de145294d6ce1e82caad3c3,25
7f15968ce7f064d655fb4e4ffbe23d2434f0e8ef,1
262ff9584c887aa42400d8a41a980a86478dc748,1
af4c62b422981150f2eaba7d31d9fdaeade65abd,15
config/examples/Anet/E16/Configuration.h,10
config/examples/Cartesio/Configuration.h,68
config/examples/RigidBot/Configuration.h,12
config/examples/TinyBoy2/Configuration.h,35
4a6f625f86e787ffe9c8c2b3c1365696b3af888c,1
e0c71344edd478a051f489c0329330839d7b9fdc,1
42a336f8bc84357e5b9af5b439dba8592800e3d6,10
a0badf572ea481fe4dbb0805e43f6a0fc6840d41,0
Marlin/src/pins/stm32/pins_LONGER3D_LK.h,4
a358b72ec800deb85612a0188894ecf7c2eb4d12,1
6e8dcba698fe79ffe789b866c6b541033b0851fd,1
9d6b2ebf50415ac04ce438a58f62319a6c010b7c,6
dc8d8cb39c3c5b66bab9bfbd2fe499706c91d2d6,1
509e1ab0530d9761c9077e259d9b598a494d79f8,1
e9dadacf7ba0af0c6c62ffee44328cbf142e682d,0
Marlin/src/gcode/feature/camera/M240.cpp,0
6a514a1e8e96bcd26985615377523d1e45ca7b10,2
1ea78cdd693cc8ee6a1ca303e3d7674e073435f2,1
303ddb862ac6da09f9760792c88fcf3a164d791a,125
f3d64b7115d0dc697c9a0032bf3d4d40475ac9ea,6
98382fcea559020e6e0e242fe22f59c9c151a4c4,1
629c039eedcb65adf21e63d55b6ae86aac68c85b,1
2a7f1091ceee0554f843dfda738af1538dc5ab3f,1
3d4aa015a8c1fe608f8547bfcd00d83e27e80742,1
6b534311165578a88dc0af6c1cb6db748dc7f90e,2
e45c4d6aa3ba5e8db4dbaa4940712a7979fa5cb5,1
7b512742f49e21f67d9234430a0bbf99d5bfe684,1
b065a60dd03c23ab3c569467006103cbc6b6bb0c,3
ae3504594c8d0a459ffa0d437dc0fea397bfba39,1
edc671edeadca70adfbb98e9bfc1e58f291c92a8,2
50688f03fb7d68a320ced83028c8ceba79e35a05,1
98814e1c4789b29a0fbddcfe9bc412466dae5698,1
23d1801022c1d9e7fa23a1f73b6a645db396779d,1
c2342c3528e7bb52c5d95f48c28540c98c02e7e0,1
96cf5561393e50b7ba0a05b27fecbbdd2d2d3950,3
31fdaea26910e174dd6c2c12f8073aba74057e7e,17
config/examples/Mks/Robin_Pro/ReadMe.txt,1
1c48817a4775314d180ffcc5bae32652a381a82b,1
0d52eaa8758f6e5831d0a9b7f69938648948b87b,6
Marlin/src/lcd/language/language_el_gr.h,6
Marlin/src/lcd/language/language_pt_br.h,2
5ebef425ce5d00fd62fea388845984d011605837,1
5dfa152ba2d415ecefe1c3752b85fe37de7ffe47,1
1c4f672eae494875c36eafe0e050222c6bb7bf1e,17
Marlin/src/lcd/language/language_zh_CN.h,0
Marlin/src/lcd/language/language_zh_TW.h,1
1bcd47e65fdbf6531cc277d61485fbc190cff11b,1
1465fc0632e27f1833851c4609b32b06899c948f,1
07a61057ba592769e8e1d7275ca2f19a2d971ab7,1
39fcb5b5f891cea26b1e8ab0d4b749565e830582,3
bb5717c5b3bd844ebf0a576467ba07ea75b7a73e,1
f3155af4442b6560a9f53dd3f67b5769ecb978bc,15
config/examples/Anet/E16/Configuration.h,10
config/examples/Cartesio/Configuration.h,66
config/examples/RigidBot/Configuration.h,12
config/examples/TinyBoy2/Configuration.h,34
ab61c09bffd8d9fa0bf696e9fbd057a85185dcad,7
a087a653cd5902bc1f0918b5a0ffc53f3f5e11db,1
b65ab2173318df866d47c93ee14f5eea7f3d2729,1
37df0c1f225d6a2e478d5cf980c66aa5c50869af,2
7f8ca85e6926f524a1bd492cb1d465510c669c5c,1
f64649933f3a2195df7a2bd3ec95ab6ed3885975,1
68da497f35a94e63425ab3308d2b9be655803c08,1
afd865d8dd4916ebe4122d8535c18800d72f79e3,1
0832a60db377a41c0aa8c6e81d256461b64cf2c4,6
cb4cd760865827d9f2134f6794705a67da173431,1
54f75ebbfe85fdd10f46bc12900e7e8aab950dc7,0
buildroot/share/tests/FYSETC_F6_13-tests,0
454984376c4152b0a7b2e503921994313c57bc60,1
0369929ffc2b2359161cf636c65d65970843d63e,4
6134bff81becb5c6e28db33ad409d94b1258a3e9,3
b2c670fd946ec3760565ccad2fcb290fbe2f8fec,1
530e92e65312930d2a5481844c969c5ef21d9cb7,4
cb7817093fbe0ea7a3a2bac06f38d8bd66ba99d2,3
9114a14ecad5a78e343403ed2ea529fffc341578,1
3874f4a0978f2786ea7db7d3d5f0e027d65d1930,4
01e4b0c067c23defa78a7c68bef872f132728875,3
bdd0517a5b06b313494eedbc205220e272b35632,1
3dc49fd1c6f0be7b765300c433c905c273f36711,2
849ac80e90b5dc892979bed6a15146f413c629ce,1
7126a5e5a7f2bcab61fd4ae89224fdb0cac9502e,4
c0616566591149eb7b2d8be1a29cb18802107163,3
25a7ceabdbac8e60fccc61e31283e7be8b8d5e1a,1
9b6d2da9bf93280c81170bc181e1b539d29561ed,1
709d037b8ef421240f9ba597f9fa354169858bd5,2
102c9595f280ac016aad849e9ae32c21f36091f5,2
4718b8ad02fed1051a2e4eac9c9767c91982d4c2,1
efc38731495daefae2553ae4866c7d2deea00492,4
6c2438deaea7732f018dccc1c683fe71fbe57c68,2
b258cc85bfb5ee95ba61533ba501b7c0fdf370e2,6
19f840a9b5666fea672a87ad8ce2d44275f905ea,1
83a4e8559ce30e96f9d910f3f0e215efa5dfc5e6,1
b24b0f385fc145cd6648d8dbdd47e555d52eca9b,2
690ed531b6e404bbc3fe85bdc4653484e5a4f3d0,19
config/examples/Anet/E16/Configuration.h,10
config/examples/Cartesio/Configuration.h,60
config/examples/RigidBot/Configuration.h,11
config/examples/TinyBoy2/Configuration.h,34
27943f9e31a4c16d981e437447f143972c92f835,3
1ee648ecd2d6cbc02594c1ab3d22e8d91f0981ff,3
6b4166e67fdaee0e2af61df24e70f4e643ae2473,4
0138c0b55b0525bcc8eafe43e346c4fd82c15876,1
8431af2bff8bb01eb62a10f6da6b2476680dd841,1
f83bc0aa13e8cf2d92ec138576cc3a620e74a982,18
Marlin/src/gcode/feature/mixing/M166.cpp,9
4d8e7cdb30b1946debcf9f24ca0791b6f4ad2651,2
2d74c2042a442d70d756825f89a17c708e65ded3,1
Marlin/src/pins/stm32/pins_GTM32_REV_B.h,2
e585c37d7dfa043ca8707604942184819fc576e4,1
1803f672f8a29e4b373265fc7ecd86efbec01051,2
Marlin/src/pins/stm32/pins_GTM32_REV_B.h,0
74e5199808e2d823383f87e82d131c1954709adf,6
441ee3e53f230ba4051804a03071d4d8dad0bf70,1
a63491e6ebb1bb41ae58d4f50f831eac952b4678,1
3a88cfd9920b0ef2a6be3824391141b1bb68ff9b,1
0f2ee414db9dac81fa40c323af999b48f52ffbf6,1
0f14e0e978b4bad71db085f7b9595fcca5400fbc,1
5a98c83eef09daf5f59e08c8518827861eb92e21,1
752a1e76aba505acc85e2dda0759ae214ed96b32,5
ce9a4afe95328424e54d7e040046655ddf48eba8,1
e0df35e6b5ae248d5cd0049d343fd0b929b82a87,4
289c5dcccb18095737441c1366eb7e2e6423ab32,1
98f83dc756f896233539d6df0a310bcdd7c1b2ba,1
0550f30790ae7600118b3b52f3ff28decda49d2a,4
077eeaa0f45309f353072d0be8c3c256e5f2b100,1
12417d087b4483a3662cc4d6f08d67278513deaf,1
a5a143f9440d8377f677a10c34b980a1914bd1db,1
cf1e19d167f8dcb1a7b077922249cc8e4627ad88,13
1cea1687f397e541f9cc397da8c8f3f16d5d3102,7
f786cc5145ddccdae02c29b0ccda315c86c159d9,6
049e8d5963e11a080724579fc76e34ee5080b065,3
993802c4043ea4faf90f5282ffa45ba6ee077a38,1
ff6518c0a891b5de5ef8d1aacff8be6228fe1104,112
8ccfdaca028c89d0047175d0030153a487f93c12,2
e7519c50b6e2885405fc0f19b73360fa313cb3e3,1
c1aac3a0c91cd160bfbf242786dc12f09f500eee,1
43d0391d827d85006c9060baada8323918e882fa,1
fc9f8d27eb0ae4d0d7439c0b33379e907ef4407d,1
d0282e5ba8a0868090ebf3aee878c1ebcc3ca665,1
1d150e41b6c60d2b93eeed5e67aad0f7c624c02f,3
55595d444d6969a7bff58f57959d518059acf31e,1
2142beb2e5f87bea0f861413f6ef729d3e0d5c84,2
c497a491f49f83f455d071017438621994cb096b,1
b11551c7675e354d6dfec169f538136708aa9edd,149
441e822fb351d273477785af84d7d040c1a92cc0,73
Marlin/src/pins/rambo/pins_EINSY_RETRO.h,29
config/examples/Anet/E16/Configuration.h,20
config/examples/Cartesio/Configuration.h,99
config/examples/RigidBot/Configuration.h,20
config/examples/TinyBoy2/Configuration.h,63
47c19aa2b359247cc1918bdd16079bc022223176,1
4a5dee6356db96c1e14aa24b5f759cccfd330924,3
0fcd1f4a49ea62136419f47b0f06606e40066124,2
48e264e4e1e5ff37638e65366fd4d55e9d92d4c6,1
8f09d2e7904f8f743be149b6b213575e7f36ee29,3
b2a275891c5f6f9af0170ae24084ab9dd598651a,4
bdd366b97cf9d962bdb543cf8398a3aa08f828cd,15
config/examples/Anet/E16/Configuration.h,10
config/examples/Cartesio/Configuration.h,53
config/examples/RigidBot/Configuration.h,11
config/examples/TinyBoy2/Configuration.h,34
20964ca7dccf270696b67a943701ba9849eae358,57
b904ba0f291cdcb9759464f064f85ba066b778ce,26
4ede13e36a38aa1407a7ca06c1085d36928057a7,1
751cd1f53306cdbdd98e108af144201a6624a14b,18
config/examples/Anet/E16/Configuration.h,10
config/examples/Cartesio/Configuration.h,53
config/examples/RigidBot/Configuration.h,11
config/examples/TinyBoy2/Configuration.h,34
4cffee3ca391e6e066fa08ae4cb8aa9ddcd0c1c3,5
47e4e5f1db722a4e9e8e2abb582846bf9d2350df,15
config/examples/Anet/E16/Configuration.h,10
config/examples/Cartesio/Configuration.h,53
config/examples/RigidBot/Configuration.h,11
config/examples/TinyBoy2/Configuration.h,34
5681017d0c8fdfbeeb7e78a32296e6cdbb2778de,1
ab8b24fdbadac2372ce19809cf7a91c5a8e92473,3
Marlin/src/feature/power_loss_recovery.h,107
ab9f0f2c4fcb118323171c3c9d259a4cb494a254,3
e81b946f0640494a946220e11fba50a4626720d8,1
Marlin/src/lcd/menu/menu_temperature.cpp,1
967f951789c16a8ba1d7147dd9a83976742d5629,4
a3229b30ecedc7ef6b406186f794b913a6dbbcf5,16
798f34abcd03fbc23cba91c27e2e3d4513a3eb31,1
31e329f14333692fb1043d2e1acd681267403610,1
9906e96ffb3d1376ad5981f47dd1c02477502a1e,1
7116a8645ce6a01ec3bb1f19635e02e24d9611d6,1
2dab109baa357d1d189d30cfa3c5bbacd3115608,2
aa89bb71f9ba3e7f87380c9315d5a4bd110caf39,1
814d908a8aba9d5cff06e344f7f7dcaaf7b4377d,2
4d4e692c8159d26713ebff7bf67b2344c74758ef,3
4d9a5fef3b0f7854b2e8533b8bc7c68b72872c9b,1
e9bd6ef9fea8cac2770c98b8f4b1653e7b4368d7,1
865055e07a5de40fa615414eba0dbf0ca05fcbce,1
2bd6dc02d677d2b1f19795c7cceffaa12b0d5e40,1
40bbe583713b163515e1e096636af54674503788,2
d33ca3d0589c426b9ed855fc9320721e3b7243e1,1
f19fa64e98f9ed5b52c0ccccfa13744c4f180c2f,1
0f57818f2decca8340fd5fc86f9ea7b792d9d802,13
aa93e1f21af88b64ba035b015dad3d19e91112bc,106
27cb4db80eae73eb842f1a944260517bb8783eb3,9
Marlin/src/lcd/language/language_el_gr.h,9
Marlin/src/lcd/language/language_ko_KR.h,3
Marlin/src/lcd/language/language_pt_br.h,6
Marlin/src/lcd/language/language_zh_CN.h,0
Marlin/src/lcd/language/language_zh_TW.h,11
Marlin/src/lcd/menu/menu_temperature.cpp,4
d1d143781e62db72bb859c49524d9863f28c6c00,1
bd321d4b7c1cb9a64956c953b64fed8586ac61fc,1
ac2d7ab14c43ce8d7d4bc6a6330d9ca1c6d0bfe3,1
94e18ce324ae743e7e5335992a615d08fc23532a,7
a022defe06561e867e5a4632fc4e7c2e684e1c4f,1
227951a4ec4f9c5f0d594253465e988918d7d33c,1
3f4636e916f0c2635f83f457fa662b90fc3a8809,3
602ca5dea6b613af44629023bd438285abd0fe45,5
fcfde7c2f5358834e9f5d12cc9defc955110ec60,1
a4709ba7658b654d43018953bf6f74fcabe86969,1
7e9c846ec30b65560a186227726a1efc40989db1,15
config/examples/Anet/E16/Configuration.h,8
config/examples/Cartesio/Configuration.h,53
config/examples/RigidBot/Configuration.h,11
config/examples/TinyBoy2/Configuration.h,34
9fd35c84ce722c71b6d42b2c618c93ca66f2537f,21
8e7d1004cf33689b189a3b27f9aa1aebc1a74715,1
32028902c3182338631bbfdbcd8a80625043ab8e,1
bb93ea1be47d6b4aa040c956eb36c09b4f1af433,2
e110f5abce90d139a768242780780832b09aa297,109
ac71cdc265374717c067102b2bc22af002c86ee3,31
4762dfe79715701c753f597503383ff6182fc2c2,1
af61f37b6595edeb43ec880529880e75dd1649be,2
b9703fdf3666f14c8a7754e10e9f5517a7ac8e2c,3
5e5045c4eefb020ddaa8aebe06297b4a3e9e8d06,122
5639b8ca20bd67a4f6c9a8d5cf5ce1db3ec74aa8,84
28e1614c2e87ae787a7ca3903ddf4cefd90641da,107
86d0bc1af562968976332088e95ef18c15ab0596,2
48b7a1e66e9aa96ce2c915843df0ba9e824f783c,76
770adcfa1589a15746bc1ae8f26071ce5cd7ebbb,1
624336f4536d028486907a3d914d99818a90fff5,2
7b29c60c46fcfd08e3452cd79d77e41751817449,1
534f2d69c1b8c53a795e2e86a9a3f002e24b7d12,1
37874a6472098163477d78a678aafae3529b36be,1
b9d351899a1ca75afa7d2d06d4964f583b373ec5,1
7010f92c4bc5484629cd3fcccc32b50e6cf1736f,15
6e0bcb80a26c9cba9a988b6483669f9fb6fe4f3d,1
4ff708cb3a2fe6702f709c4632d3653ac57460d9,9
9ca25118d0ed1690db18162e10cdeee1a51ae950,7
b3f81eead5179d70e4e205f3ff0c9a8617ad780d,4
776632c503540c3bd2061b1b0812c091b3a4f6b4,11
8061836e740920648aad71bb6ffd47de181e61b0,1
249f600ceb7ec46872ac6d821a265a69e009c420,1
8d157a45207ffd7e0fb16634d8d6eecf7a1f162f,2
ed6bbe012b61f7ddf9844a5b23c58a5a947bd4ae,1
4db68d704f560d8450bfb4d1ee3127b34623c319,1
bb5b1e19b065ace6b4bf6d375b37412a6e9a777c,1
47805e18f85d7220332a84cfdbe7174cd44d9760,1
0be9fdb455313fe19c4b7d61bad38ce604203950,2
84ce3a6bea0d12815261ef7fa40bd2c08f2a5573,0
Marlin/src/lcd/menu/menu_bed_corners.cpp,0
711703dcd1ffe7675f12598681de5d3a10ac5e3b,1
a84e3d1b8049653345d694c1171d6d3491ebf618,17
92011978787ecade56fb34a075735dba36f39a64,3
814a2eaf8f5d1ab950654b26e762c9a2c7b246f6,3
Marlin/src/pins/lpc1768/pins_MKS_SBASE.h,9
d9b0b964be23eccc42cf1a1564ea774fab19139f,1
d13573c9cd6452a76a795555d6f18f4cee70f4c2,1
786617e3754d704c201e7231ea647dbb90a5450a,4
e6dfc991ae6907e03751e869dabfaa5176f834af,3
a89f4703df1eab36de5acafea0085d10263394a0,10
41b5d720e283df989f3a4e0a3a33fbe6667aff7d,1
4ee3502c8f2ed2bc68fa4a68edd7fb372850a1c4,0
Marlin/src/lcd/menu/menu_bed_corners.cpp,0
f5b5b9e8ec17fd91b684861e760cf4882609c5bd,1
f088c6a8503907ae00dec817af381e63757713e6,3
cf87d3c7006f41e4b743ae2047dba72b785f2007,1
e9805a0bcb047569be1c711d2f78d5a4177bbf66,1
51fd226a4dabcb9ecee7173121852aba388bb5c8,0
Marlin/src/lcd/menu/menu_bed_corners.cpp,0
d80ef43c198d4f57ea557767a26eeedfe04fdd40,1
35cd545106614198d81e5fdf4689266ffefcc693,2
1fe0646d255553a9dddaa2e5862b9c28a848b48a,1
328ddda654c556477906c8a9a909c5b13355a33a,0
Marlin/src/feature/power_loss_recovery.h,1
55991962beb93fa2c0525f90fab0284d1df8daf0,1
b9116d4050c2ac0529fb7f63815ea47a99904a80,17
Marlin/src/pins/lpc1768/pins_MKS_SBASE.h,12
15f94e5ee5eb35aab7d8121eeabf2b1b01104f43,6
ea3217cd4613d723567d9bc8ab375e68d75b294b,12
Marlin/src/lcd/language/language_pt_br.h,6
Marlin/src/lcd/menu/menu_bed_corners.cpp,12
76b861d7599248c5b0c3d0b4b16039dae8be1cb5,1
7360e9343a70e966234dfe69046394a93c2792f7,1
bdb452ed8120bdeb697525174c8d25417e5156b4,1
65ef774e8d3a5ef68381d057d4e369a21ab90e18,2
a920b10483b313a224c113525215dcdee6056764,1
ed8f1ca9cf26f4090e874f7fadf9f44a4bc332c6,2
ca6d00b862049773135a9ef8d04d042f0af7f9d3,9
Marlin/src/lcd/menu/menu_bed_corners.cpp,8
23d21dd81c0c634046108e40f50fa09e3503a5dd,9
Marlin/src/lcd/menu/menu_temperature.cpp,3
a7d7f368719727d42c5ad7a939982b55764f34ce,1
a5df89eef7e07a4cf6ab62e5dc2ee224bdd9ed56,1
93db4f453582cda45e4762653c9ebb5e1f90a80e,1
f0d952d33ac7b2fb491fc356ce1d399f4460d5e4,2
ad28da7eb4fe720776daf929d0a25ba39e6b6ca8,1
288af0ddf693abe79ed33e6709dc79cc92f2591c,1
e7d9db284e55d56f2b9deab54df0ee781be62199,0
Marlin/src/gcode/feature/camera/M240.cpp,0
7c60853219da0b5305c1d8856873868a1db6c5a9,0
Marlin/src/gcode/feature/camera/M240.cpp,0
c6f694a247783443e2b6ee57e635202bf2e301b3,1
Marlin/src/feature/power_loss_recovery.h,0
4e6e02bc3edc9d559b821f7cf38a7a7300b8af02,1
e3ddf6e81ae8c62632a73e14d3b2d36c98b08a3a,1
899e0fcdbba975ce339320094fa6a2cb70a7a983,1
35b1149d96973cd4168ee8b43d836e50267d2d66,2
c80eda073f572705e7505a072b8229d93e400fe1,3
7d24f152d8c44b08730091cebe069238d347053b,1
61225e685d80b34af582d833646a2498eacec577,1
d5c1c72a763d323ed54dbb4386eb934c4dc6963e,2
aaf018e5a07acfa3264de9eb10890f9b8c157c20,2
Marlin/src/lcd/menu/menu_temperature.cpp,1
583fc4ee2aa2255fa458571ccd2a7934bb265aa4,1
55c3929359f51a51ca6dc6a8ec1677d7a22b00db,1
c5713b5e981e0dc3646a10082cc061afd8e7406f,1
be498d6280a0fb526335046d0fe983ac6abd9d5b,1
b09b469dd5883f437426e6724f0a6be1851a2ad3,4
319e2b5760ca6450fbec11eba02805c5fdd05855,1
Marlin/src/lcd/menu/menu_temperature.cpp,1
f139642e0fe99820766c577433e652e2b41ea8c9,109
abb44cf564bcdf62ae3359db4eb3b93f553455fb,1
ade76e53de21b2c0e14e47373143ce17a9871032,1
cc4d3a215ea57007a846d9ea760dcb06a8a5b958,1
d4f5821cd656c6c4c01d1d43ee791b3dbb0e1ed6,1
9aff30da0c82b504561166dce60442acc33ddeb8,5
78899fc24178d84f78c87ec5de287d9afbaf9f1a,1
7a342ecb935e421abfef2f8ed9a8d004f4d30a9f,116
0f8c3ed29afd000316c1a822eaba6a0ffa242d5b,1
9720d21301e65ab801c9db8faba23f211c3de3ea,24
c2cec563dc073293e92389ead1e53a5a173805f5,22
9e8021d6a4ab4f355f07b27eaed85a0b50def1fb,1
e7b22a0ed4dc17021794acfc161eddc71450a083,1
ab0fe1a7dd8cd6bb91174030a86d93dea892319d,1
4fc000fe904781ea5da1c6d932f84c3f960830cd,1
e0f68cda1e0ffe4a969c34efb1d4dff893ce67b2,1
5d4e309dd3bd9746da02ef0252e23979577a9af4,4
6fd13879ae804d4e66c6c8ec75424ccf32ba04b6,1
600429a067376cbc1d56efd064435458d6575a8c,8
e6904717396778c9ca5df6a2c4744c3f7993dd64,1
732bf898781385cef60fd2653c6587e17dc51b6a,1
c58cc113dddadb2ea15ef7a57de2ee1a9b7ba50a,2
014b739bac4f50b37ef7a05d730319f38fa17cb3,0
Marlin/src/gcode/feature/cancel/M486.cpp,0
f8ad15fde8ed7271ea1fe097c2d165bfd9e40ba3,4
167ecd8620abb58cfdf952a7bd30fc7dfd411ef8,3
408751d5e07dd01aa24d113216165211313ae66f,1
12a244f24f063d8f99a1f2341fc83dc38a041fe7,1
f12285015ae2cfbe739cf37a00f5dad936f07543,1
93f001295988a335552d8fea5463a112e3aa64e4,5
Marlin/src/gcode/feature/cancel/M486.cpp,98
f6a799c7b382f43e819fa4bd7ffd618bca09236e,2
82fb0460132a6b42491fb578045e573ef68b6a56,5
2a7e1d459f2e87fb09459b0bcbbf14e1b49c0cfb,0
464d98d1788d9e02fdfbb0f917b0e9959266f235,1
ccf61eca844473f0dbe955f989282d2871fd927c,104
ff4301a422b081cee26e32e2ef0067ee5e834563,1
326d5b84e7d17051f3d39033a067e540845f5197,1
5edd5d1e1f169ec9c41c36cfc85525bc2e2b1401,1
9895e6d766bbee5e0f3ed073faef924f932d47fd,1
b3d7d33faf33e1cf9b877abfcf774eaed6bde018,1
cf8541a7a779564d117827ba3e3d802da8b875dc,1
cd3ec5a77b6488546fb70fb7ddd3229f0dd1513f,1
0737b1aecfae3ace32cedf7dfd62bcddace9445f,1
e02b06672c273ce16d37f0d90da2106ef0fc80bd,2
0f5d45725252294d5a6aad8ca30ab2f7d64741d7,2
475041656c873614839d898e532d5fadf07343b0,1
04a55c91884389c678bfc421b021621ca978f1b1,1
6bcd4eb12de93af314765b469fe18525e4849647,1
efeb6efe773ed137f3a1d225f98b0f0b929c320b,2
b7db91c46d1db59646e6fc7037807f77f596ccdd,1
0b0b822671dc5a8051419c8e7df2f21ca761523c,106
77f500b85741921f9d5a5cb51376371b81ee01e5,1
3642a12fc170ffdee8e5db5d78684f82914edc41,1
af214ff121dd977b002c9a9065f84b7ae1a66247,11
62b875f91800343b9b9623256a062fa35cca4f6a,1
2c4252676336965db2c4837c476d25766fc4d4a5,1
d64ab63026bee982b43d4ebbb821f44b92f391f2,1
f00b48f9a8da77d0d603b74c843359b82ee306e3,7
160c8be191d9f7f13abf9f3969a0f695d7630944,1
7aaa8bc8bd27bbcf81518993dcbb0cd8ce4a0372,1
52a8bbefcf6ce6b5869c740c88662acd5292706b,1
6241bcf0c8555f1277a6bde5c7a5d73a1019dfc1,1
9470554f6343ac971636cc19cc1cdc59e9bb1a9a,1
f368c14a61434c860f7ed85d3e1a66a858c12a89,1
f2ce4a25a3600749ab043c737d34933cd27d930f,1
11f1392026606f94db0e00e4758031df757e9e16,1
725ec68faa89797921ad0ff36806f28797bce4da,1
16ae9ee88bdbbd5f0cf7b0d7c866149b4146ba8a,104
9b88c3e79b4e8c6225784005c21b186209e0eeb5,2
0652f19673230337ff1e0fdb9cefba07e2f0daef,1
bb381e22b2480fe3662e4af6b2252aab78e7cb3b,1
0d7736d6636760a4fd706aab3558e5ea67487e14,4
40de135d4dd1462f0c13cc3bf56f3abdc72af69a,1
dd0c5de4c70746340d2a237dc0b820e77bfef469,2
832cb7e1ac33663834a69f2d377fbf47451d73d4,111
7af99d03d3da2c9f1a9b5c2d3409dd69030ad0e2,1
bf850827f7331866940ec778876d1e9d834c05ac,1
e0e406dbcc7aecdc563d8334942c981d0f83f552,1
b2eda1af2fe95f36749c22958557273bbfcc2626,105
0ff57c640cc3c1c64be1577d29434f908538122e,1
3949d246df4bc30613f6aa26ee31d8419cfaa46e,4
b7b303f4bfbced9f7a242a87af0f50d4cb24d8ae,9
53abfdc2c35fa7076515cef2ba3ce2403bef8a0f,13
8668571beee1ee5821ef28782557da0ce772f470,1
faacfe13c25a39d8892becf18c4177faa7ca8ce2,1
d47f29bd4c5573a054f2838df59b3986a8507e71,2
fe4c69b64abc74bc1ee1eb16d3d3771e3afbf25d,8
93097af0ed3fabbb5616e70d6cbf103bdfac9914,2
99f983d0666f37e9f2c085e14bab8bc7d73cf6d4,1
0074d63962f54372dc718074481231d7bf7db174,24
config/examples/Anet/E16/Configuration.h,8
config/examples/Cartesio/Configuration.h,53
config/examples/RigidBot/Configuration.h,11
config/examples/TinyBoy2/Configuration.h,34
7622973a31bf5b873e9752ba0bba43bee09a5761,0
d57a66809750130392cabe31f170b7a2833d8ebc,0
437978d349d48a575b923eb4a6e020e5b42dadd5,2
a988f9304d0ddc7d90dfe73613e7d23b131d1be6,2
21867c7fef58c238cb1b64e32e6c36b596f8ab06,1
d37bd33c31c9d22588cd9c1db8118d89fbb93a04,1
b4f82d10812b52220220b331c0ebe316c1babe4f,1
f06602ff7e3336356e0771b9ec41ac1597092a9a,5
ee20f21a2455a0902970bc2054c63bcdecb3ca8e,2
77141520132700cd5e9a683ba63e27a7c82eaf63,1
5ad9257df4b912cdb9776f255f06a82acc5b21cf,1
62aa137548e02b3265c43055a49a963b49ffd812,1
37550e9d982064f40f6eb1bddcd87703dd402953,1
05eed72b691cd06d90069c62a15c98d9ea9b7e3e,1
df09532a9c95b1e61b76aaf42f3283f1bec5afea,1
59378db7de0dec95d9c9fba6bcefc1c523ad6ef2,1
c8e348731f632699ad8521a39dea8d0204fa4c6f,1
7a1fa2177c7abb2d43dd8a32a2788c6e4e978289,1
1df90aaf0ef50efedbb0e238b44cf0eabdcc7abc,2
ac8083588bcd4d41adcf02cb176a425da9a65b11,17
config/examples/Anet/E16/Configuration.h,8
config/examples/Cartesio/Configuration.h,53
config/examples/RigidBot/Configuration.h,11
config/examples/TinyBoy2/Configuration.h,38
e79666a82b7fd907ed0210c034342f851daad1b8,1
b20d5a7cc627164877c95859baaa614f8afc7b99,118
5641adb01b7fbf002dffc1d4b6edfa2b36f49aa0,5
d8aeeb8ff6a14d68acafe50e2f74a8f460c753c8,1
2cf35267c4a9e85e7fecfc58aa7cab3edcabeffc,15
config/examples/Anet/E16/Configuration.h,8
config/examples/Cartesio/Configuration.h,49
config/examples/RigidBot/Configuration.h,10
config/examples/TinyBoy2/Configuration.h,32
6f608387369fbd1f0519152abf84aef2958ca841,1
ac466ecf74892079840b18f6e8aeb2c324c88aec,1
3664beec29491ed5f49824f874977527f6db942c,1
13cf417a98805780951c6a4abae51185817b8c07,1
541a9f2b85c32f8a0bf14f9cee1ec1a8eb7a9e31,1
b119c1401749037bc23352633f629268217ee5bf,3
46763efb75ee92e0979adfd3988607c0a32eaf25,1
6a865a614620d71521bd3dc032adffe0bf82378c,52
Marlin/src/lcd/language/language_el_gr.h,9
Marlin/src/lcd/language/language_ko_KR.h,3
Marlin/src/lcd/language/language_pt_br.h,6
Marlin/src/lcd/language/language_zh_CN.h,0
Marlin/src/lcd/language/language_zh_TW.h,4
Marlin/src/lcd/menu/menu_bed_corners.cpp,12
Marlin/src/lcd/menu/menu_temperature.cpp,12
dc14d4a13c1eb80a76237ebcab6d8a512d960391,20
e6055dce76d19b3851138e71bed28f6b146e68b2,1
b4d48fdc917cb89d89187c8b95b97cda9ae2c08d,2
af80653f3f65017c3c5a9e73e2b1360ac2e02fd2,1
a525cc06c1a520e327964072890d036242872832,1
914605c89ccfbd1aac4665ab1b3df51a89dcaffd,1
89490171ef0f1a5069c2d468b89612121fca8b12,5
Marlin/src/lcd/language/language_el_gr.h,1
Marlin/src/lcd/language/language_pt_br.h,16
config/examples/Anet/E16/Configuration.h,8
config/examples/Cartesio/Configuration.h,53
config/examples/RigidBot/Configuration.h,11
config/examples/TinyBoy2/Configuration.h,33
c0005e939cf9c1d9db16f20e605c3228bc41a758,35
config/examples/Anet/E16/Configuration.h,8
config/examples/Cartesio/Configuration.h,53
config/examples/RigidBot/Configuration.h,11
config/examples/TinyBoy2/Configuration.h,33
1df6c7a46c3be610377ee2fe33cef36cad5ef255,3
5becda25c56fe0df0541840ca095b21b3c522001,6
Marlin/src/lcd/language/language_el-gr.h,9
Marlin/src/lcd/language/language_ko_KR.h,2
Marlin/src/lcd/language/language_pt-br.h,6
Marlin/src/lcd/language/language_zh_CN.h,0
Marlin/src/lcd/language/language_zh_TW.h,2
cb1cb72c76c32e0fb7644874f326d3dd7d726543,1
e34aa1ff8f64ab8b2f95ba7a9f13707cf87c3f76,3
58f81f8e7ed43091d8589d6e1e972d750c6de987,3
d45ab471392425172dea6d872a5d1a07ac279b0a,1
9dcccc11bae4fea52a9dc267d10f97e66282a718,1
cc822c1a0513362e28f1b3aff76d4c4c06446f01,14
Marlin/src/lcd/menu/menu_temperature.cpp,5
cd791f1cbac4a404d4c8845d2e974d15b8cda85f,1
59508edf643b1e46855730f1277c95d2fe2059a9,1
e84389c976136176e054baac75b15c46ab10f6a3,1
19b7be067c02f138a48d208fa2cc5d16f63b9dba,2
d04561805b3aedeae109aa7230e3ccdbc838374d,3
71526fa5ce446c7504dca1c9d4a70a64f53fcf74,3
56595a4c9cfad38a5fdd46d48e370edf70e0a079,1
211ff674405d1291a177d071fb40f3da8c13c93c,0
Marlin/src/feature/bedlevel/bedlevel.cpp,4
c6ffa7f38d357caa84e42beb2585382168e53d24,1
519cc1bc67b8762d94cd47e91bfe8a78a7319342,3
4134c6398a01751ac85dc1c7e3c43a298501c005,1
9188ce1a8d48c4ee01dd58f9b8cdaf462eff7c9d,4
51ae13fc8c0d35155edb40bad70cb1bc7485f86c,1
5449088a8e957f567a9f275953ae4e807f197627,1
fc6a0937b86f501b39263d7f4dfc7a4fa70b2636,1
Marlin/src/pins/stm32/pins_MALYAN_M200.h,2
a1ad01e4abb096167e66d05b473c7e4c4fe9475e,107
f8498d8a526e0a1e7a57b9ce3cd2c4f4880e3cf8,50
e854eb933d54a90a828676bc26f60c00cf14f99d,1
8924c0f1ec0b878682268553302a163059961c94,1
203d260a41b574a1e50938935ce28cc03632f6e1,3
0076e1e7920629377580950a7a79e221d67c7abf,1
a3ec5739844fd9badacb5a49f8fe588a37bb385e,3
ff55601dc3e2dc3f5efbc429d899f84ae81c38d2,1
b90dff020eac929407357e831de21bb6d3897573,1
43aba9f9180741daedf52b7fe716edcaf3b83ef0,1
1ac629f919a6312f1ff5c8736e3cc8bea3f2c2b5,1
5d81d7cefe98e63442e3babee6b21b2df8f02fa8,1
895f64fbab7825d58147a91850de0aa38b95faa7,1
b7dfbb6af5ffe758d7a8b138c654cb80859b4863,1
c83c2a50228be867b1188b80969c5e828b15c740,2
6b945eb548c7478e38dac161edc717a177c6d9ef,4
0322348924cfb186ba9e9597cc3b246eb086229a,7
72d791a73682fa676959189c89dbf34e85bbfe61,8
719615a6b6049713943b3a1e29ffdca3fe8a1877,2
273cbe931e868554bf6782881443ccbf5fdd4208,19
Marlin/src/lcd/menu/menu_temperature.cpp,3
df48ef6df303ef786c2977e24f4c705bd5e6bc93,3
acbe84c8ef767ce7e4642ba887c9091830c90949,1
b82c0978cc38f429377af25d64a57408b802cd99,4
d0ef7b6588f5e3a65d4d13dc77950cbae9cfc865,1
1952982c01f849cbec8819be04af984fa061db48,17
d52b9086271e0c18fa028eeac2eae1269f07fe27,1
438835f6a52ab23c9b0114a27d35941a34648592,27
config/examples/Anet/E16/Configuration.h,8
config/examples/Cartesio/Configuration.h,51
config/examples/RigidBot/Configuration.h,9
config/examples/TinyBoy2/Configuration.h,31
f9400b6a3c4d09848292f1598df6e4ab4f0278f6,1
7cd72de8bcedf77208d28301778104a590598b06,3
806d64e1bf5a838a88e8a473bcb2b0f353b90c30,4
e3fd0519b323182a3d096eca8209c4eaf56b6802,16
Marlin/src/feature/power_loss_recovery.h,14
e3ff27c95a8be758afba5e0f44668f1d1fc1ad0f,3
98f614ddb12429edceb4bc8e32dd574f653c5eb8,1
087fe0e9d6cf7ca7e870b6d343494afd558dbf42,14
b198f321c85bd03120fa340036bc915c2cf48236,2
15efe8d839784cd7c76f489c05bb5fef482482f3,1
1e57c6e6e36ed07cd02df55c9dd34d49c17c2f5c,3
a9c259c77a539c620ff5e92cd9f050bdfea0c33c,3
55b8547f04119652ab0cac2a186702abaeaa001f,2
b7a9481e0117ad37914fa5db48f8302a8e95d1b0,1
139b7196a0eb2cf74763c9879ff5e1e14ac935c3,28
24706aedbdf16be41071ed77228d419f5fb9bd4c,1
d0dd1a387e2d80303a50d686112af25377b15f8d,1
f307ff68f766ef4e01b55bc4ded16c878f1d3abf,1
74746c6573593596301acbb5bb947977eae524d4,1
10bbed7f69b2d36081e5d09f7c55492e4b0bcde9,1
178dcd6fd8ce1d2eea0cbb79b7f384e48b5ed6e5,107
4564ad292048e3aae530d693304b589dd2905e6e,1
50e4545255605eb506c20eb107270038b0fe7bdb,15
Marlin/src/feature/bedlevel/bedlevel.cpp,17
Marlin/src/feature/power_loss_recovery.h,20
Marlin/src/gcode/feature/camera/M240.cpp,38
Marlin/src/lcd/menu/menu_bed_corners.cpp,133
43d6e9fa4361cf744b6497b8819fa241812692e2,23
5e9898600b5a632ffd45c14abe90392bc8dcd2ed,1
f2d93f61c3432e08dab361e9b0ae0f996b507eb4,10
7c5e6900e1cd9637ef08f83e048507e575af3c95,1
7e727684334d9feca024eb749329bf4a795ca4f2,12
81b9c7c6eeebbeb2c78df7b7b7bc635f0a7bc118,1
ddded80ff3baaf9530ce2e7d79b6def9d5fd0533,1
8683d4abfd04944d9b015f96c0f4479009ae3a0c,2
0ca6abce72415c500713714e47980423e9b20b47,3
e942b352c67899d074ad30246fe634b1f6f9838a,1
41ea2d8c31f10c09715079d7fc2d0dff1444a459,1
be3c4a7930742bd634b6383a7890aeb62da12709,1
f28f191ebf2c8d5f0ad2997c8cd15698adbb7b4a,103
a628d7779809933f87ef131aad1d5b327a8d8056,2
6509dc04f5270fa82d79b48459da19d94a7d9442,1
2277c6dffcdb9acbd33e9d020417b71b2b766f25,5
1834d86df5a78913425eecd3b1bd8d1057d18971,1
a6b0223eead964237e7920c35bb3c7757b722139,108
1b9fc64d8ae35c28725727f58399abd422a9a7eb,2
f57ce2b40a61c27d640fbf7e6db6051e9b1eb68a,1
ebfdf740bc4652432110193f07eb15fbc238cd7d,1
5f18f5bb905bcdc5c8688d457e0255548ea7c448,1
5221e2d991ccae7ff4283a60afb240165c8f0199,6
02bbc51195ecd1b25f0be55a0ba22988bd194a99,0
Marlin/src/HAL/HAL_DUE/usb/ctrl_access.c,0
Marlin/src/HAL/HAL_DUE/usb/ctrl_access.h,15
a8aca59c043b0cf768d199da0dd361d3e9e84866,1
4c16661153b5035c2c8b4ed9eccce6307ae5ebb4,9
d683f980195fec994b07193006495499adc7f795,5
dc65788511e2baa888e8b8813d96cae5ca3aea81,4
a18d16fb8b92c78093e25f8bb88cd0a49074678e,7
62e4e05a1947b006dfbaa33e33a75dcd30cf993b,1
c0d5b57cf9263574f40d2781aebf263c5573d357,1
665e45e0bad4254352330884a846c21aad2a2ff0,24
455dabb18334c89878a75be62bccebd9f537574d,18
Marlin/src/gcode/feature/camera/M240.cpp,23
ee7558a6228747a7502ab50e2817234fb8a6feb4,0
Marlin/src/feature/bedlevel/bedlevel.cpp,3
1f48eaf03a495051ee25a508460e94f3256f690a,1
d49d40f7b014caec19f431fa2f40e78129321524,1
b72fd7ea9cfd9a584b24b2a67580df7dc478aa76,4
b2e1f77f58a67ac02503cbe36b22a21e5afaeac0,19
Marlin/src/lcd/language/language_ko_KR.h,2
Marlin/src/lcd/language/language_pt-br.h,6
Marlin/src/lcd/language/language_zh_CN.h,0
Marlin/src/lcd/language/language_zh_TW.h,4
9a209012b5f3a0b3d50947a18d73f75f62711151,103
39578a5919dddf227f4d79910c43ea04c4d1d103,1
8cbb5350ad4cdfdec79ad6bdfaec40d670bc247c,3
04e4eb35beb00d8c68d7d909087c051df9d0f62c,5
ddd9d9032aa5cf0ee1fea8a17b14428e622cad14,5
c3f09e2b1bde37bfec8e7de877571455d750c64c,1
f98999ca20b817f29f07d28f6f6df214658864d1,2
f362dab7be04cf35d6ccaa1080acf144e61858d1,1
0b4aedf13eaf8455ba2b64a93614629fdef7b0e1,7
Marlin/src/HAL/HAL_STM32_F4_F7/Servo.cpp,0
Marlin/src/HAL/HAL_TEENSY31_32/Servo.cpp,0
Marlin/src/HAL/HAL_TEENSY35_36/Servo.cpp,4
661c3cfc99c57d438aa270fc97e8e88f43fec1dc,2
25c4c2f24e72303aeaed2f5de95d265ff5855ce5,1
da1bda493e0c7472673821e18d039a2ba13200ae,1
e9cf46a9a5d0f6aa5521497d25aab5ff4e12399c,19
config/examples/Anet/E16/Configuration.h,8
config/examples/Cartesio/Configuration.h,48
config/examples/RigidBot/Configuration.h,11
config/examples/TinyBoy2/Configuration.h,30
66d02210774e6e650d0ccebf929ccda94d930cf1,1
9c288a682dcdd3063d5cf3ccefbf6502ed0f65ff,3
149e9b733eeee780e52def843df0c2a53f81acf1,117
53124ca6b74a9cdfe9d2bb5c6af5d1be9a0dc452,1
bd6d144cdbb0f370817d41561954350e1be0faa2,1
5288c399ce780cd3e91ee413d1f92ca9e4da53a7,4
4e8d9fe59b53fc5937d907fcf6d79b58233ab6ef,20
3819f7994539d962c6970df1f4251bf78bd451fc,1
df1e51258a8bcc432deed9f5bd60df41a75b2c32,19
Marlin/src/lcd/menu/menu_bed_corners.cpp,22
config/examples/Anet/E16/Configuration.h,8
config/examples/Cartesio/Configuration.h,53
config/examples/RigidBot/Configuration.h,11
config/examples/TinyBoy2/Configuration.h,33
ebc9a8a0b0a24a3a55b2b08303ac0f2f18c59408,1
4ff59d178dd04cc61c8ffdcd14259215cc004699,125
bd2b44c4ed4221d30f3bceac90236632fe6a6411,1
bafcd084cc4b39b125caeacc319576a3ec792c15,9
6fc4d4c3b765dbb1095355da7b12b6a1e9a7ad75,2
9aaa056286e3a32299012d1536f979e430f4d370,1
48e2f90304d15cd719d95a4417994abe0f516eac,1
07eb2130467c40f4dbe4da969dc1a04746420d91,1
5e13fe989f21bcbd4da1a567953dab8a18f96e11,8
938a49f9892b7a63478d08d6119874600633dacf,1
9e7e8e229ca686a8b3737987efaa63aaae15b2b9,1
6c62732ae1db88734d23c3fd6ccfb7b3663790ab,1
f5092e92a44697da1a04bb6b6e251180f0a3ee5a,2
4e5941fa572f701dd98015760e46023afa8d2a1e,1
7fc4f7b815949eb9ec4b8e7c5399d154d0f28c94,1
97493dc62a8346957228f329a694844053c5bc58,1
13d725d24db1c0acea24d741391556c9c19ee811,1
58521fb0eb6da9deace42366965fcf0073d1163a,1
ed2c2bcd17c9a88b2dfa3941d3db55f36b7c0504,4
7d7404157aa76439bf6067a684ae84b1500b38c8,1
6ed2bf631d2113da69d564401f5fdf307253593f,1
514223f960e01cd4dccf95daf8cb27c4a2806868,3
1452e41ead425a774db8be4c3e07444a5ec68315,42
de78b61d35536a2138971b798d00c18c261c424c,1
6a312fae8066788466cf129f048be53b59ab17f6,105
f412267766696276a870646f6b7e0237da6a3a50,1
1803c27afb6a2991415e465b06c869a88c8666ab,1
86e0b9eb05f26863262c4b089fd186986b5aed14,1
7f117bfc60aa3fd71e3d53892be39c7cd2d3d96c,10
12e0581f249d7aafb394a6b9ca511a9b5f337cba,1
252f31b6f15fd9a012e64925d86d435fc59e3d35,1
bcf630d8d1417ec4aca3348ef2bbe9c060788368,1
c44b5fd13acd7f399e2efbafc4f04bfdec54721c,1
a7a5607c1b1393f187f8cc5ca033f3379a4a8bb3,2
d5a34afa5669cc8c99e62eb6239c84de6b01607d,2
712aaa26d57c1cf0d1c0e91a0477952c58692145,1
1a1375964f81d8c3960dbfd733d7d072a62ea16e,1
4bb17a55ac1a5a842f1f2bb7d83c58bfbfa811ce,2
787d5220365f3911c3f2a8cf2e9a89a156c24a8a,2
b590ae4875660d25fb3e1d9e0fad93614412f9d8,8
ce74e4b3e4889fec859ea2815ad8ae6c610bc726,1
356b582a9fe132807b1581b4de06e98a131d28ce,1
b73744f9e74745103ac9ac56daad27d00fb0140a,5
b39ab3db371f8b5e3fa4bd7216aaac2a9f9b1ca6,1
34d521234d57f0a8e9a1ac33cc92293574c8605e,1
73ac213cdd781f74425ae585980f20030ef28b04,1
b71a755a30ae658bfc9209693f0a19fc1695133d,1
c353eaa14630eb9d74f185e2b6aae1630ca21525,33
c7acd5c45b2ecd1ba1ceb90e25e3be197f065df3,5
7c3d52cd6b308ff8799995b7e2d65f44d4eb4f49,1
2405ccb7ef48749b8afca9faa82a5d5deb753369,2
282c39e3d083dbc16a31232fb234adf3e2b0998d,1
d277e93f4df441e0ce9f21e7d3466f8649433875,18
config/examples/Anet/E16/Configuration.h,8
config/examples/Cartesio/Configuration.h,53
config/examples/RigidBot/Configuration.h,11
config/examples/TinyBoy2/Configuration.h,33
f01f0d1956bb5cf0a9efb538b334ed6165a3e20f,15
Marlin/src/HAL/HAL_DUE/MarlinSerialUSB.h,4
Marlin/src/HAL/HAL_DUE/usb/ctrl_access.c,0
Marlin/src/HAL/HAL_DUE/usb/ctrl_access.h,152
7d8c38693ff8e25262013dac607e814d9ee8401b,14
a06010e08a377f5048661edf898c5ee8dd3f428c,6
4c00ddae567ab16f880df8db432dff8b9df76a33,4
6282655d77d2f9811651843a547b61ca43bd61a9,1
98233b1de0c5871869f9f74c6e4a79247f7fb4f3,4
eb1a36827781931212b66895cbb87f49bed5d69c,4
7a569ad4d06d2d5541b76f03942cf4d7ab5bc119,16
847e4ced11c014bdba869bb903c0c28d30b0b8a1,1
7e95ee9e4bdbbe5632ddfb48cf1d9a04bc4b89ad,1
d63e0f6d986391ab6965665170bbfea53c876642,5
9c218381c598481cb308f9f2d1bf22ca9cd6fcc4,1
896162b7226ec8652f1cb7f968dd55ee3cd5c005,4
c96844fae2109cd3bff10bd73205a03b9084d31e,5
02d400e413c3b42cfdbbad7ebdd21ba430a43b44,2
20fbb751f1edd31f33335ce2d4aa26e44c40d524,2
d5f520388077e697209b02f64e5ade61599df970,18
2386c147adbe22e4c4727632220c289bd79eabfa,1
c4090b13754b2ee407fab774bcfbc705fe6b2d9c,1
85a7f8c5b4c8f9209dc26ee769f91fcca7aabffd,2
79635f8e94d5405c67ed58a8231f11a8754941ac,2
843a19102ca8c7f6d89d06369005fdf1abf6496c,102
18821f29d52013bc0573ee49b8ce1e2a6784151b,163
15bea5043c13c5958aac691e6e86e2489ca8aba4,5
61e3f119f4791aa22af905e25c86f4a2a3753bc9,1
3d0ead7dcb10a54ca02cca1415172f5e9d06c9fb,1
465c6d92307ec613d0b2a7355ce67a60ba23fc0c,20
Marlin/src/gcode/feature/mixing/M166.cpp,41
ffb418b226fdef98316a07365e869dfbf13d0210,2
acd76e860908bcc5987a93644c290a3d2ae76d34,1
bbbfb0015b096bb4b1699a94781dbc5458cba19b,1
ef8ce2e2e5adf05c78dfea237c343cb2eb77d19d,5
f9961ddebb125cb6cc6670b82093d25ee4477f76,1
3348a7d223e95782caf4b86655ae6562317079a6,1
2435c6082a7881a61cd9b7e2bf0abb8d3a0e55be,2
ae7ae89bb3b8da8712a866c2fca2510f865e6577,1
3f129b657466d31757ed41369015a772ca9f09f7,3
5bf635cec2b9f511c7ab3d87c21993cae0407208,3
1ab3521351dc5c139861c1944f011f5ecb845e4f,1
f1162243f602aa45913996a8fd870efc4d5f5902,2
832be5dd3609bef63e98967684da57137c79e58a,102
7cf1befbecae256f157085d7761268d19ee04676,1
69bd636f22982b7b3940e4f59ac083a96eef322c,1
1d574b0f6a9ac7ba7522d4f02d2034bf915bbf1a,103
3eacc3bfcef73d4a64ac8118a2b4e2643821cf2c,1
2b628553d3e6409909fdd5862de61af2154d8e04,1
05cd4834134aa8cd403ecee7c730ad73dc403f81,2
f4b198a9f5f2b9ba9998392e5e6e3a2adda3d37e,2
e3278f22f32e2f93663e5fd8d3ef33be958adf82,2
f9992c5f33d954da1a70a03acf8b58d86def601b,5
3648bce8866c53e155ca1712233e106a036363e6,15
config/examples/Anet/E16/Configuration.h,8
config/examples/Cartesio/Configuration.h,52
config/examples/RigidBot/Configuration.h,11
config/examples/TinyBoy2/Configuration.h,33
6091e6300aa86a52fd855f4f6ab8d7f8a1ad57f9,1
Marlin/src/feature/power_loss_recovery.h,4
41a3fbceac9dafbf9d999400067c1ff30956730e,1
47d19bab407d08927a0c266344467162332a3416,130
c590e8ac05c3b417aa42ecd1f4967c4f70cfdd71,2
Marlin/src/feature/power_loss_recovery.h,6
75927e17dd2114c14a593c12394d941eff684685,9
fe6ba4fd70d1797f2084a66aefbe561ee620d5c7,1
584c86bed1d81548da03681bd3b3c6bd54ae0fe3,1
Marlin/src/feature/power_loss_recovery.h,16
Marlin/src/lcd/menu/menu_temperature.cpp,8
54abf3aeba6d77e110c0c46ffb5e27a2ab6f2340,1
dcc39421c5bd56bed20d1c4d2143ada9e366bf0f,3
66338ed51553503e6db6ea6d9a738e65e1f18f8b,1
ff482a32477b43bf1d2c5274e7caa7fc5e36919c,1
f055f7c5356d45c7e25c2bd59a702568d6587250,1
841c8ce0d9bdc67af010692014800431a278dd46,6
3c3a956a17db552c16bbddd93756eb44b4b38fb5,3
565a0e11ed2d386ef343bf68274334c884dc6dbf,6
4f5e197c800db767ee2c9a8172940cd76325f7c0,1
713157f712ab4b60dabd4759e1cec0a987e8deaa,2
5949c24afce5585ed66814a3af60a377da42209c,1
dbea6f0022dcb805e4b57c8f5b8dc6dce5820344,13
8bca3fcf2c4be3ea707860ebb9a1bfa1c03e2d7e,4
ca0f47985b042cce559e7254e86e27c77468044b,1
0693767efaea6e68fcbd148665a9c00e28c86406,2
1c3a1ab2c6c4251ea5989fea2a423b4b67cb57f5,1
8ac52aedff4582e7ede41b1c111790e29e156942,1
dbee0e9c5424770b9abf8815c0cb8b49de7db77f,118
068c303742dc9df785bce68eda858dc72bd6e55c,7
ec3f29a33a656b2c1901d4dc3124adf44e9199a1,1
eed7c2fe2fe13dc6249b9a3e1a0d3d2644366069,1
6172cd2528e056e7ebcb710ebeec3eeb0d9696e5,2
94948d3dcb1bfd6f955940378fcefb43d02f95c0,1
14573cb82397aba42f55696b7795991198c989eb,4
a3052da7035d9973ed39c826942a2a1c330247b6,103
b7b0021b5ce38466a60dc97f8171c31f39a12622,1
94d3153fb6b3ad9028788f2cff61907ddb69f416,56
ca1a3476cb3d78d04ecdbce94f6be418e6ef83cb,1
91c3b8e3ca81afdc280b7d130a234ff537e0cf3e,1
4cdf7a1b933fff5f6bf7a86a9c6f53fc16782737,2
72876d9045109ab1da970ecec031bfa986ca533b,1
8d036e94bf7a47805de89bc98c36333d29974aca,9
70b3f4ded5a7a9b7134bd3290897ab73dfb4b5a0,3
Marlin/src/pins/stm32/pins_MALYAN_M200.h,0
01fd3f904f214d3b7f20d1ed3fb72fbc20f78050,1
50e1bf57b99e8d84e6ad6e0fedef652ef2d56566,2
18dd5cb46aac4359c6f102e7ce4bd8c5c63b147c,102
bf3cd8e5aa2dc5d5451d658a8d9d77de3e0bb455,1
37d3c7288f7193405d57e288494184b3d1148a2d,1
7496e1cd6745fe72fc6c12e0792575bb7ffefad4,5
060b360be3d8f857ade2426d17f4395cfa4f7224,1
6b1c4dec464110bee11284a31548b9faf5ca3ccd,2
85f0556118a71208fc0f2290ac60dc3657c8638c,2
cff502c6d4e7dbd9721cacfdea90e0733e5d0ab0,15
config/examples/Anet/E16/Configuration.h,8
config/examples/Cartesio/Configuration.h,53
config/examples/RigidBot/Configuration.h,11
config/examples/TinyBoy2/Configuration.h,33
53af7cad0a85bf3340752eac987890b37c779123,1
beffcd856b87f8b23c90920614bc41b9b3d0716d,6
123ecfe6134df4d36faca839a01d8752b75ad92e,1
2d2d9da9f2d142f9d5ac35ab39404903860b27ac,4
a07c4af393b6b5bc011810ac5b7a5abc6657320b,1
7ad520826724bb26ff5a07c26ab7057198f4a2f1,1
6b05d5d65d0b4f557021c0ed5c47ec4e5e97b43c,5
8e044ea89867cb0c6d50d27ad699857902ecca6b,12
293b890940a884480715be9a83d6ba30941d2bf7,1
2563e32aa387ff46ee550ed47fbc9ee418b894a7,103
d9bbe0ff02530239dfa726b87e8303ff427755ba,1
d577b3c21e349cd2a7aebacd6c03a3fa5570902f,1
89a2161cac4c6c0ad4d177dcee6dbd0b7cc21b08,1
75efa3cdacd8271ca360e7d1680f25f5be218da3,24
Marlin/src/HAL/HAL_DUE/MarlinSerialUSB.h,68
Marlin/src/HAL/HAL_STM32_F4_F7/Servo.cpp,8
Marlin/src/HAL/HAL_TEENSY31_32/Servo.cpp,8
Marlin/src/HAL/HAL_TEENSY35_36/Servo.cpp,30
cdd5056aba37e7490d5a10d88b2c6d69131c8df3,1
c97c393c4acf12141c28fa0b953302f12e4bbcb7,1
12344085c0b7e51a0f8bdf54955a284dfb2be24f,1
12c595c61f4b3e0be2baa6a906718e155a797ea3,5
23bb40d0ea398cee3f68bd9a4a716a3b7dda8db9,1
9958f5e3229e7823344ef07005fbc079aa8a68ca,1
59152f26717e58f593e93398ef9411c8206a97d5,1
c9817105fb14ffbddfb32ac9a64e875313657d17,1
e6a114b8539bb5de1ac1683eaa0c0bb9aa341bfe,1
b97bb14a7ae709f8c2cfc14e98401700ef1d4d76,2
54069823a004ea183302f85b90dcd534459746ab,1
f6505c8ee2a94331093a53600f23655d7d26a792,1
93dcc22aae2c32e91535c4bda56c9f4a67de2870,1
451a942e951d7802342f94d97c4013319c240296,1
b4715b29bb8aa3ef377497026ee478fe1fa6fb0a,1
34b73426e5514fe33816c7237fb9170ba2197239,32
4078f2672e57905d6a44dacea446dca6d301bebd,18
a2e412c0ce9865c170f72331052bb3b88a28ffce,4
d59d9b59730ba28de1306dc8100b06b678361783,6
ee240d21b9212d510e96f16bee146a9ce56d797a,1
be051c890f7cb167491b49b43a2dce9f76c8856c,1
ee444d7d075363a887be590cdb5f93d76b4250c8,2
c8e096785f38e48e1a8d0bf576238f1e23e6af1a,4
8778e123425c09189495d43cd5b18980b3b6abbf,2
2747ab76430ce673af2c1bb417b1c492554f4da4,1
586b334c2ab61240607e878390ed1d53af86da69,29
87b16ed5f65bb8511d648c47a3d48fadf1f2dee7,1
8fca85042b222fc84ed3c66aa838e0ca55e5328e,1
25cf7dee40d0aea2decd375577d2ac6a554ec6a6,1
66f1da762f8fce668c981f4c89330e2377f9d2c4,1
26fa08548c6aea72a22abd74a88a7d0f99599468,1
944920176ffd7cfdf41756ef33441982c27e8099,15
buildroot/share/tests/fysetc_f6_13-tests,1
buildroot/share/tests/linux_native-tests,10
0f4d3e1bcaa6407383ef2099058d84ede8b31cbd,1
1eeef30097f2b20e4a8212110f88adbd481413b9,1
c014f8dc78c445cf25fccd75d084ccd20ad62f60,1
d068470e1894f60f2d0aebb7a093a82bcee16795,1
ba91bca1eb0b5fe0d45c273e57b5853386944c27,105
0bcb64403c71e7443c9de6822e725add08d3e7c1,2
05ef9b2f55de1ab5644d51388c7caf53ec05401a,1
2aef83ddcdd3317c3191e79c3be3fc06969f7768,2
23cffb2c210d14936f5d5c2160bea36306f475fd,2
9223261ea93fc7dcb525325778ff302e611d1ea5,2
d25231aea862890d1d224ed28ae80a22ad65ce28,9
7ebfae27e3659c9862d574f46eba80757ada34ad,1
f5a1fabd38fe15093fb306184fdcab2bf1bc23cc,100
3f77d6a5511c4c4fba92ddc63557cedd94be7c5c,1
38983fdfa9773faf7006ef392110aca01ad006d5,31
config/examples/Anet/E16/Configuration.h,16
config/examples/Cartesio/Configuration.h,98
config/examples/RigidBot/Configuration.h,20
config/examples/TinyBoy2/Configuration.h,60
8196ced2dec8d4b4719051a144b8b0b09ac8cc87,1
0ebaea94be98b7ae27f9e2daf34e59f65436bd26,106
e1d65b8937260557b2949b573ef169e3cd81c784,1
ca5da026d66998f30fe94d6bde6abd008c483371,1
a61c91ae9ec89746e1f4eca0b776c14ebfcde7b6,7
1d8ad7cf715481bbcd808cbcb5b399b0120ee393,8
95963121b097875d0a6bf84a94f5cc3bd6da1ad4,5
7b99c26e8059372a2793ae1b8dce709fb75c9ced,1
3ac76f048973e1ecb5ea6f2c50eb5990bbd6a5b9,18
config/examples/Anet/E16/Configuration.h,8
config/examples/Cartesio/Configuration.h,53
config/examples/RigidBot/Configuration.h,11
config/examples/TinyBoy2/Configuration.h,33
b2a4b6f34e07f4163be3528e630eaf3af0dc1708,2
b8e4b993d6689d9aff0a01a7ea6ec2acb8bcf5c0,1
6341aefda327425f06991b8339d39a5188e8f457,1
0f386d06a14bcb42b679ce3536540d14fd9c0386,8
081e4506ca5356501415bfaf066d982947449623,4
ca084dcfe8d33487c0a5389a740b56987d4f7876,1
604bdf0b4318249951158d9b8c64f38c5c4133ad,1
b7796bcce6a1d375b57d72db5fd4dd03d66fcceb,7
318356b6bc7c18e2814817673541c4b3767532d4,1
d2f211c7e1628a46e78afe0be3d5ed52260ab9ad,4
9d12788a9a4d0cad476e40ac28bc8b2edcf40fa3,5
1769f43226288ed48686a162a1afe6f619576da7,4
f218405c36d03094f00d867fcebec07072ba7d44,12
155765646ef7b7bf6837489e99e4dff17f17e2b3,1
7183a586d9b55d188f845ae507fb10ed74e59942,1
c7825e6719361c669a6f9a837b6e8e76f4babb01,1
1461ee4d3635a94ceac01da39449e960215a3fe5,1
9e9e5782349400ed39c1fc8ce3867a76faf6a525,1
8033bc87ea13a528184686691f4ee4150d93430e,1
d6a16525c2742719ce2f477738dd548f27015328,21
config/examples/Anet/E16/Configuration.h,8
config/examples/Cartesio/Configuration.h,53
config/examples/RigidBot/Configuration.h,11
config/examples/TinyBoy2/Configuration.h,33
f6b604ff4935462e3f532f2575b99eee1cd42e6f,3
7fbf40c20c7a47cc5dfdc5b735ca67ac069d19d0,1
da601d5114e5d43ff3b9d9b73d2ef2c10a2dc9d2,149
20fc66f8758a8cb15ad816fc0cb2eb29e09ab3e7,0
750256948ed80e83d5dbc90f9d30fdab3e38208f,1
d527c464818f44827e6db19d1332f6b027c228ea,12
848dd740ba4ec555b0cab2e5730fb67b4d68bb0e,1
04a9962cb5e7e14759ae8189d3f082060b5b8961,2
334777c20159df1aef3a2ba1c3d00ec1f4f9f885,4
8c73017a69df0475eea565008f7e54cb1dcbfbe7,1
62d2a650257322274919bba9321e605c34650861,4
09ee5a5da10b2f8d7db5ac8bcb6bfa14e150786a,0
efeea9bccf7c2e5414e35e5dd213d164fc0ef32e,1
e61e54acfd55e4c2908eeb04bc490744615a790c,1
0a280f00c2e1d0a59791fbefeca578ca9ef73f6e,3
f2ad1ceb13ae9ff0b5f4138b0e3ddaf6a520e6d4,0
Marlin/src/lcd/language/language_pt-br.h,0
9c8778646418bb4d6c1c493bfbe473405a002e1f,1
fdef32ce775071584b4b65a2f005ee03a75bce6a,0
Marlin/src/pins/lpc1768/pins_MKS_SBASE.h,10
7924e0d819fb50b3d3102b1d464e303c8214b213,10
5c0e5c599ff95644dbfd82c7424cfcebb4981b47,1
dd6efe96e7154e3126cdda1a3b5afce510899bd8,1
6429b8bfb86782af663455fc400890d8c9a458ce,1
e604f76703165027a22dc33c7875f4858e9f1c80,7
9d8e3d4d6f8f26aaaaf66d288930cfc29ad523f5,1
2526e2d32ebd780be9f6cbd163c771924ad82894,1
d858f44b3509c815580bed7758ce4063487d534b,1
c3d1671b6d2bb6dfdc99ec8fecf4e2c1e505e20d,2
778466a2edff6f74ae6c8b07977fd90ea3f2be1d,1
42f35491e001805740fe801934eaa4e385619f0e,1
0309a5f3af7b0aa64c5fd6a5d1757e5990ddc961,1
9434b81a82f17d4908ff9f5823fad0cf9b78e30c,1
6b35951e923a862bac8f36f4d29703d723507d79,1
012f577bb0068af1479d470c02fa5ef597a32f3f,4
4be98221f64c45133a8fec07df4e8e2415311565,7
1fb3c4055d26454fcb8b1788d7df1498d9c82bd7,1
f7aac7a5b0a1d42c455d2b87bbdec85d52b4fb33,2
de122c9bbe3912093be2a85f78a88f1f8d3e2a33,7
4581957d93d5f24c858e461c703edfde69846e31,0
Marlin/src/pins/linux/pins_RAMPS_LINUX.h,10
bd1ced14e7a81d763dd4bd937b8f3068d88ec198,9
8c2cfaa90703cdd1435d92a31bb5400629318758,1
69641f14203882d089e9d3c15430177a27196b5c,1
825c2c3dc4332ace31c8bc09e43f3464de8fab2d,1
f1942f6ec08831bdc8bf8ae339a5c20db6d556b4,1
5e777601f3c9816dd1ff349886c748add245bea4,102
0cc524b84f3e640da4b8c2fdfdb9ab87dac251bf,2
Marlin/src/pins/linux/pins_RAMPS_LINUX.h,6
Marlin/src/pins/lpc1768/pins_MKS_SBASE.h,18
Marlin/src/pins/mega/pins_GT2560_REV_A.h,13
Marlin/src/pins/rambo/pins_EINSY_RAMBO.h,0
Marlin/src/pins/rambo/pins_EINSY_RETRO.h,21
Marlin/src/pins/ramps/pins_MKS_BASE_14.h,75
Marlin/src/pins/stm32/pins_LONGER3D_LK.h,0
Marlin/src/pins/stm32/pins_MALYAN_M200.h,12
Marlin/src/pins/teensy2/pins_BRAINWAVE.h,8
33f6d77281ac6d647ed39fcae60c65be0140ac84,1
5a7c0216f7bd6e2c4b6daed2c5e79b9b20a3c195,1
603989398123a7a5d9ca9c7fd16db6cd7466827a,1
8664b8e97be8b32c3173616f6e37b787be917258,18
config/examples/Anet/E16/Configuration.h,8
config/examples/Cartesio/Configuration.h,54
config/examples/RigidBot/Configuration.h,11
config/examples/TinyBoy2/Configuration.h,33
5c6e82743eefa6ceec0b70ab425783c2625461c7,1
0b47558a09ab4b21a11bff330b53818557522ffc,6
bb4a25256705754f0629db93ee6cbea004a93edd,2
67f8ba6fed7bfb73241c1541f67cc74d9340c923,2
Marlin/src/feature/power_loss_recovery.h,98
19e21a8f100f051e1b1f77c1e75be8255b1df85f,3
05995d1fd6c3b85717d428ff5c0c269f7872857b,12
29c12905f59bc734d4ffb3261ab471968069d693,2
1432d44eedbb12528e51029053725f61316103de,1
94397dbdb4f7aa92e90df41d57d618a46c63c70a,1
17cd1a4f2694cfb4ed5c7ed7cdd05c0a5351e4aa,1
dfcd43748649295cf1cc6da5ba68eb5a1cf2aa42,1
3f678b0be58575cddb75778be3824b38ab4fd45a,1
4d1a66257174db27323cf411d285a4a0b5c3de60,2
08434b36057ce9119404823b5dc448babe533c51,1
cd09e35f9067bdc5caf43e10545fee18205ea88e,1
c5be59ddfe0da06f690be101ec58b9aff0ce789c,1
af5a7a2925e558847dd731a545dbd5b95b06ff53,6
33d54c0d5a7397e05f02d68eb62406420e31857f,1
403eefd2723f9af3fcc35b5138c60a7741138cb2,1
bc93ac53b597d9a8f56c9f3e8559c093994c19f5,11
config/examples/Anet/E16/Configuration.h,8
config/examples/Cartesio/Configuration.h,52
config/examples/RigidBot/Configuration.h,11
config/examples/TinyBoy2/Configuration.h,33
d2072f9acedc6b1346cd278703b3b0db34197079,1
c8e476ad60bd7309275a4e4223a463cbe39b0e81,99
9a3ee3be539f562e8788aab6de7196fcd0419aee,1
9d9e2deb9b63d5d10beb528254ac2e18fa71fb1a,1
823178c272b06f2cdcdb087e8f6c7b2ef0e3e6ed,8
6715fd159c56351efa83eaad48da30ce3121bcba,107
9e49f154d8fadbf69b49e2da390f6c76bb1b3e1d,2
8bdb3d997048fac4dae3ee47b0d7131aa581c644,104
587d4a63731be776bb3deba878bd0509d386a72a,2
fecf808d803b9f5ce6762610b9805bfa19113427,1
66bfad3ced35fca416834ea51c58077261bea761,1
1bcc5c98a9ebe3c83f0344321e4c4e7b144ddcde,3
c3ff53a61cbb311bb78b64bae798c47489aa52cf,1
4575978a1fc83853579ec85ebd1549fdeae0b03b,2
274934ad81ee6cd9b4f686e55107966cc4e23bd7,134
Marlin/src/pins/rambo/pins_EINSY_RAMBO.h,0
Marlin/src/pins/rambo/pins_EINSY_RETRO.h,24
config/examples/Anet/E16/Configuration.h,16
config/examples/Cartesio/Configuration.h,96
config/examples/RigidBot/Configuration.h,20
config/examples/TinyBoy2/Configuration.h,60
179d6c4ed115e67ae826b5738e0009c6be2d58ea,5
Marlin/src/gcode/control/M17_M18_M84.cpp,99
36dfbaea8c71dfaccafe661627274ca86597908b,1
263d7d37af4341b579f7fd630173e2ecee3b4e3f,6
Marlin/src/lcd/language/language_el-gr.h,10
Marlin/src/lcd/language/language_ko_KR.h,2
Marlin/src/lcd/language/language_pt-br.h,5
Marlin/src/lcd/language/language_zh_CN.h,0
Marlin/src/lcd/language/language_zh_TW.h,5
24ce8beb48006281ce8269e627aef15966d96543,1
4cc103958ed14708f410f38d58e246df173e2734,0
Marlin/src/pins/stm32/pins_LONGER3D_LK.h,2
0fbb26c28fb714a6b34fe0b69b07fc14835c957b,10
Marlin/src/lcd/language/language_el-gr.h,10
Marlin/src/lcd/language/language_ko_KR.h,2
Marlin/src/lcd/language/language_pt-br.h,5
Marlin/src/lcd/language/language_zh_CN.h,0
Marlin/src/lcd/language/language_zh_TW.h,98
a26b57a36d5a8daa3ba85e2d7444c9482f2a963c,0
Marlin/src/pins/lpc1768/pins_MKS_SBASE.h,4
059f575d932fd1dfcecb1beebf3bb6dae0802a95,1
a67830bf678e97391bfab1dc0aa2737fb9d71f61,2
03df3f4a88dd8ad5467905ea79d85866196045c9,7
c6be989fca0e261ff61caefbb4436776408ea5b6,1
13d8dc0b79d650312a1a24c7e59421d3121a8a1b,1
dc21e2e6916e335f000ed4ecfff739959a75d19d,1
fa533846a7fa4131499919b3ecd8913eca16c9e2,1
af4bcb629a2f1368d27f08ce2c23ee8fa5701748,1
d7172a45588b61264e8bee0f0cd6ddfd485e8702,2
03dbe16cccc03f813a3c4bbfb03b30696f0d7186,1
f085199f5bb070c030f592d7f8ca823dad208fd2,1
d78086ccdca58b9616abe027f614258476a59689,1
9c5086e6af1e31095fc691090969e97e4828f72b,3
0745d489938346cf97495ba61a53984f850bd350,1
e7aba49c49b316e94888a041b7be99de3652d4fc,1
5ea5d71258bfed46bbc98e6239dd6de989150ced,1
5d2519ed50ca0a7700eda1d6dde38cd80a1912e2,3
d2d71caa3bfef08fb422f09d5088709313c6757c,4
Marlin/src/pins/stm32/pins_LONGER3D_LK.h,2
8cc0b4bf5e7eb0fce62cc767e56975d2aa3cdc64,1
3129fd06f0a562217d6faf64a55412140f8d81d8,1
9479ec32f7e7a811c1946a142fcb00e538bf87e2,5
a7f10212659118201ec3fa97d1fd39db95dc2df4,1
2971b48a128662ab2f50a0a238aedfb64ec785d9,5
9624c90cfb46096ed07521cae40d5c85ac3f4ace,2
a6f682d860f4f65628d2db73e1dcf46ad5151251,1
f3e4e6c68fca9965d84bc0f2ddb03b150ce2ba90,1
f9f20bb45448a03e2d4d01e1c5d4ac76ec75d8c6,7
eb3a3d249ede779d6f468aeec0da70b4d8249670,1
535018ef0e16ddd2ae98a743cffec664d6042604,2
528c9885f204cf9cad8dd77df2c365cb2fab81ac,2
c8e30b663973be40855b46560616edd916477bb2,8
3e5620283e1f7d965c7a6ad182f53af5cbebf244,1
92c35d14a47a7b333690989f7b749d6385185bd7,2
f13fbafe31fca75dfa828d38bbda78a2c001f743,2
5873b0b0322dab4f02d9f3e921ae2e0dfec1772c,1
77f637763cf89a12515c3c29337466ed7d6557cf,10
535eeace5f6e68f664169322cacf27b46517d37c,1
3914bcfbb1be2fddbff7112a842a536aaf195fc5,1
922b597f941011e39c5f1b7d090533735626c528,3
0fa7d8691844419348a3d8de33eaa9b0f1fa9d04,1
eecfcd124d9dda91f886f89663bfb3521a759869,1
a0d782e46e8bffbdaea450c31707e9dbf0698fa8,1
fd9f067a481929b2df6ad14f28f7459f787bea53,3
4268c1f1a58a3ee38cbe6063035c1cd83a3991ed,1
579e4396e2d5389481090b0b0a7c0daeb2d69f46,1
fb579212eae34c0bc300662e60b5612fd939762b,11
1fe195926fa786aaed7711cb7da06745ac3b3dc3,96
fc39c925ca0e40ea41b217b910913f0e935338b5,1
a9c5d524bbac45d6386466da410634147c36cfd3,1
f499cecf0ddcdac4fad4eced6ca1efe0751a390f,9
5bc2fb022ca437d7e70f195bdb7d946ceb3a623a,3
534c105a7a4f5c60f45242eeaeb03657c759af25,1
4af9908764d3629d8abec0ad8a72f8939ab2e0ac,3
8f0aedeeadff5e40d5435ee48e5d32facbb46da4,6
Marlin/src/lcd/language/language_ko_KR.h,0
Marlin/src/lcd/language/language_pt-br.h,3
Marlin/src/lcd/language/language_zh_CN.h,0
Marlin/src/lcd/language/language_zh_TW.h,1
6fdb0bec073e087e0c30540787ef3031a0a3941a,1
d4974ea719ceba2d76a678f77942d0b92e8fecb8,9
d493cafc4a6b42d252c86fd96a23309ba19ef571,1
4e58f9387a0d4485f5e9678a93528cad9afb167f,1
2d98bb39bd4cf0820fd3a0e6af33b1fdcae991c6,1
e3660bca2591fad81589b2e4a3a7cf174bbc8eea,17
config/examples/Anet/E16/Configuration.h,8
config/examples/Cartesio/Configuration.h,53
config/examples/RigidBot/Configuration.h,11
config/examples/TinyBoy2/Configuration.h,31
ab792d004cf22722088e0021c34f84724daa32ca,1
f89eb8bf358b890fa62352a8d11bac2d5b04e9f9,4
4bd1e550932d0557a66b1e3cd00973d32426a27e,1
52a7a8cb265d89c20e352bfaf8053e0e72fc1d0f,1
628577694379fbc41c5442e27b73114019712e89,2
18c918290348597b49cb4ab7370190a3bb07284e,6
2e27e3ba04057d2d0b4cbfeacebdc96c4836489c,2
337361d5882b59d422f3379aef99a2447a6b2d2a,19
8119e511a1e150fa91af6d3a04fd4f0439f405ab,2
6132cf900bcf0cf213ac1c309f2061a8c053b042,3
21993b75f4e32bd687edadedb2306ebfebc0e43d,15
8efa3455c21a6ef9a8b3c13ccb2085015a65113a,1
e85eca2630db50574f3829aa9d58237d7562d38f,12
940c59d9dad5af071052f5c0cd1ec98c48c2778c,19
config/examples/Anet/E16/Configuration.h,8
config/examples/Cartesio/Configuration.h,52
config/examples/RigidBot/Configuration.h,11
config/examples/TinyBoy2/Configuration.h,31
e1942715ce50a6ca6ed593d66ada928455965a79,1
ee5e46b46bbcf71d3e73bbf26a7382f51364cbea,1
Marlin/src/feature/power_loss_recovery.h,0
fd945d10707299491f710a8bb3ff9e1d0475b423,1
3334163e7357dafe2c88e89bad84c342f814067f,1
70ce4f5b36a0a9c51e87ec133921e21189a11b28,0
Marlin/src/feature/power_loss_recovery.h,1
9ac348ef7b47d7291a35ae577e357af25f4cbfac,2
Marlin/src/pins/mega/pins_GT2560_REV_A.h,9
5e2582a31bef1efbb2ad2ca2a8aeb2fe57d55ee0,5
7682751646d6190b5f23a2853caf8d0646f639df,1
96a1c6540eb1ca450a0132866e7dee9f146699c4,1
f59a7e8b0747b4b1a336f7766ee4cd6f3eab071d,7
3765e67434baed9d0cf662fa3b33076f40928eea,4
6f8b8c394db5f5037e85d3b16dc63bfeb11f6891,3
0c035c0a7a247fc44d11821e7a478093c971c268,1
3db1a80b4c184d28190dc469d3302d6b28c3e18a,1
f8b8cbfc53b4ecad27470f08864920c75218b0e1,1
c2b319360db9ae41d07e59412028eb51fabe2383,12
202d3ab3c96caece02b963391c0bfdb356d8fc3e,1
fdbc7333761e1e49d5c7ce0be6b22d3d93bc5d4d,1
128eed6b57a8dd67d0fe02511e9437755e326c31,15
config/examples/Anet/E16/Configuration.h,8
config/examples/Cartesio/Configuration.h,52
config/examples/RigidBot/Configuration.h,11
config/examples/TinyBoy2/Configuration.h,31
27952648cf7c91d8d3f4e906aad113a13d2965e8,1
eb08aeab7d7b46686ab8d1a92e1d5f13c6a6c915,1
d98b9d54f112e9a66cf372ffcee165b799479f31,13
c1b99c43b6e3aec37dab84cd34357337f2c845fb,1
0b154c2d71fc46c1f4347c4ba18999c747c9a029,1
bc58e678bde3399b6852ce5cd19e0031bb76eccb,17
config/examples/Anet/E16/Configuration.h,8
config/examples/Cartesio/Configuration.h,52
config/examples/RigidBot/Configuration.h,11
config/examples/TinyBoy2/Configuration.h,31
c942ca130f1939e2425fe3a3a342604bfecf5b62,12
config/examples/Anet/E16/Configuration.h,8
config/examples/Cartesio/Configuration.h,52
config/examples/RigidBot/Configuration.h,11
config/examples/TinyBoy2/Configuration.h,31
e349b1c9206d73e61ffc9cebdecab49757a3fe71,11
659d06d9b9c38c62e91a91254f41306edf840d87,4
e44fccf3d25c6adae4347cf54b654b66a797f7b2,11
buildroot/share/tests/alfawise_U20-tests,2
buildroot/share/tests/linux_native-tests,98
f8aa52346f8a514302f962b484dbf2fbe7ce4c63,7
Marlin/src/lcd/language/language_el-gr.h,10
Marlin/src/lcd/language/language_ko_KR.h,2
Marlin/src/lcd/language/language_pt-br.h,5
Marlin/src/lcd/language/language_zh_CN.h,0
Marlin/src/lcd/language/language_zh_TW.h,90
842466f4d982b56614e5051c7a1a2dd5ce439c76,2
1165c26ab47690b1cd6c46bb9f223205f52b65e0,3
eae543adf34268505f9321b7576495db20293c09,6
8837cd3b53a107ec01fd9407ef61789a5bd4daa5,1
eb7840dabb5852a3bc7bfe1a2466ad691d2bdae4,2
e5d73f68c8f428d3ce9ba350123bb71b9ec18708,10
Marlin/src/HAL/HAL_AVR/inc/SanityCheck.h,5
Marlin/src/HAL/HAL_DUE/fastio/G2_PWM.cpp,6
Marlin/src/HAL/HAL_DUE/inc/SanityCheck.h,42
eefe3f595ae98ed2b32a9a60a5b27ed307993a7d,104
180f9a4c229ac22cfd20f60c401713ab72ddd86d,1
c4bb458763c810f29025fc6b2c5829022ed509c7,12
6b02b89ab447f1eba9c7d7823354422c919ba76a,3
1579091c206c14bbf7c88186fae07ccddc001a36,14
config/examples/Anet/E16/Configuration.h,8
config/examples/Cartesio/Configuration.h,52
config/examples/RigidBot/Configuration.h,11
config/examples/TinyBoy2/Configuration.h,30
e8e81d36097187124507596c50f6f140004ff0d6,1
290466578f8bb6ba0cd61e1dd3dc0839ae53d4f3,125
fec52e61ea22640d70d7aaa0c8c235958cfe4b24,11
17abb94532cd0a5d9305b81a7b0755c7559ac0ba,2
97e9c95f4722de6e15899aeb4efa7359f0b34f82,4
59e97e5e5200d059bc348f0218c4a86a4ae2f961,7
2351592abff12ea3e0ab56e77e7c0e21c4b41dee,0
Marlin/src/pins/linux/pins_RAMPS_LINUX.h,96
d74efd9d46eef7676832f6fb40b80008b4537b69,6
7084f3647a87966e1df6af9ef3e86c5dec3c1bfd,1
1c3df51f87c35a334f44ee1dc48e2adb0cd2b1bc,1
bf610d87f7746938d8d9f925b51f4c7e64943ee4,1
d34364a086d1ff721ced93bff4fcf2d41f94abb6,1
ead6bb267dd17b5053426e4129467373e64c164a,1
a3dc1e461b66d81e311e8c96918f10c3a3216238,1
b6095fd08426c2472055f22e4ffd80406276804b,1
1088846caef6f660d5af65e1725a6a6deeef16fd,10
05f4033a34a410d87e99f67ac9a120f5cdbcf60f,1
585a8a96b4dea316f97a22f24baa166f138fd20f,1
7085781c7125837ae945a7994bd8a51a7df2cf96,1
369fb2806dfae1be57a3aaee205cd417e3a5f624,4
a589456a1473ad5c72c71fa4ad3f28337cf4d690,1
601b2d9f5149f466d60753915613294dbc8318af,1
79f49040f11e005745d9a66af89590b63131a9c0,1
a6bec539055c21191e49a47b6098b4c21afdafcb,1
5c3ec6306f4666e22203d10a72ea7d348ebea3ab,97
a7c41d28affaf956a66c8a499a7848425a4ef1b9,1
1005f225f3d2ffba21fe970e2055ec16444fc8e3,8
d9303b213791b709233e3316fd0c2358a25cb291,1
f96d2a5b4a4e1f5ebdc47d9c4f5f8dc1cdea793a,1
dca0c3d02ae627276586f43366b9c732d2ad43c4,1
Marlin/src/pins/stm32/pins_LONGER3D_LK.h,1
7501e40e0b0cc3ea0cb0bc867ef2e2ab228dbdc6,1
dc6fa04f6837629c0b5dec66340df5ba5bc564b0,2
e5aa45329305be8ac5e277305d52a449a41bfc98,19
config/examples/Anet/E16/Configuration.h,8
config/examples/Cartesio/Configuration.h,50
config/examples/RigidBot/Configuration.h,11
config/examples/TinyBoy2/Configuration.h,31
6899ed20263722541b9f49e080afa1314faaea25,4
a38b9da67286bcb285932d27046c64bded7ab076,4
5b2fd3ad862fe85ab757c017f59032f98b7734a1,1
93adb7e94459c5980d3a3b91b1ffb96baac03d70,6
9cd66f6f7735995d161384015c0c6a9c4149a83d,2
977cfa4494359e322142973d68a84f02c79aba8f,6
39e1726498a79d99fc15728cdebde5a41f4cfc19,5
b714cfd4f07686c80591fd1e53586f86a525d1d5,1
00e2f6da8f097215ddb96a83fe6853d26fb6bca4,14
config/examples/Anet/E16/Configuration.h,8
config/examples/Cartesio/Configuration.h,50
config/examples/RigidBot/Configuration.h,11
config/examples/TinyBoy2/Configuration.h,31
71d8c6f7426f2f2a31b19f612d4c64889874391f,1
a80b1e6d5f07b1944fe7985176afbab10c436a7c,1
fd2bc3a2126370e6ab6b1181176951a4da1a1514,1
4cc83b6330009d616a8673214fafba2ccc6676e6,1
f0be92259b20c44972a71d5279f72b477ec237f9,4
1ea9a36d11cdf888637455df6a11e64dd62478a1,11
92e513e76ef913dd461ef041fba3e1f948aa77e0,2
6920b7fe910ce230368d395419c99f4bd53c02a0,4
d472934a70366d096686e2d95cb2a04d30ac8d34,2
ec13aa0dc122c5c601fa68e9e06bc7477b1ee228,3
3d153486da36d3722b7109658c37c8ab6de5769e,3
Marlin/src/pins/lpc1768/pins_MKS_SBASE.h,7
5c15f6f64b63298cdf60de64536a7a7f91359803,6
68108789d07af6d68e477a71528e9807c950df9f,1
fac0e63058bff2c743a379e63fd973fe0b562e54,1
42b5ccafc951bdb0e5c2e23ea12704f43563b0d3,2
ca4d6f44709a979932c59664fac8cbec97aa1566,1
522df57a45dcb012b16a201e85b3fcf3bbc51d15,4
c9aa68ef7aa358bb633b6d87232a94bfa6b7d7c8,3
Marlin/src/lcd/menu/menu_bed_corners.cpp,8
9e19f004d04fee26f00c6c91254bb9f599d9aa07,1
839255eed43a8c28fa27de44138dc85ec5d0de26,1
305f277843c83affd514dddabbc1088bccb756d7,1
523feeee3c9769b2d095f8e41b73bf3bf47f5114,5
9dfa5ba3a58d7e2c5be1ef19d9b3a47497671a67,3
f2c5740d06a427a2272f0871a8926697e46cb2d8,1
2c5436e3152363a18d995f8f7f6a4f9b0719d65d,1
b8cc61262f5d4f322f537e7eb2ac75bec9490249,0
Marlin/src/feature/bedlevel/bedlevel.cpp,9
57ed063ba11fd58222aa349d8af70b07f3c4935b,1
06324df07290692a2f2594df64f889b21e479fb1,3
27c487bab744a22aeb580a0471591adba040bc68,13
ebb1a7dc1fcf829e23f43dc4e9def1ad92cdcc47,1
5ccf8c2c330b82f40455f54d396fe5da32adc9aa,1
ef2a2eb984a39f40318d67b205a5498908348b31,1
abc9b526921ffd2a554dda64915aab84c4eb8c03,0
Marlin/src/pins/lpc1768/pins_MKS_SBASE.h,5
5535a047d71ffe5e688df280d1c38068648b76a3,1
bae8d0a4bd0c0a80ed779442213cfec25fe71419,2
02859eb2b15855ba464feb8b14f5f81b2f951eb2,1
3d75490b6e4bfe055ed4aa3fa458227e7e05d1b6,1
93bc1b17f9c633643aeac6772929ae8d497a6113,1
f0de56a797ad6f2c677e5a447b97ba5a3c802a40,1
81d629bc471dcf926337836d1dd76910d9ff4bfe,24
config/examples/Anet/E16/Configuration.h,8
config/examples/Cartesio/Configuration.h,49
config/examples/RigidBot/Configuration.h,8
config/examples/TinyBoy2/Configuration.h,31
45bde333d594b7a7031780acad88c9af80dde026,4
Marlin/src/pins/stm32/pins_LONGER3D_LK.h,5
buildroot/share/tests/alfawise_U20-tests,4
475ccfad628bb27b0cebed7ee66587514358a3ea,3
fdaa37449066ec6121d89f2fb48c0390c0600015,19
77b4f23edc49126464cd566c1cfb7ac6e5312d4f,4
1204f2fca817327f9ba1c4b10eb0b535dbab2224,9
d4be970c8bbae9c1e2a9ae23f02219d4518804b0,3
39a5e3ca6ed69e443b409bcf204a8c3fc6d351aa,1
74e1573b1448fff8ff04e7501fbc6453d4866b6e,1
2d84bcb4cd2338e296b5cccb37eb491c6553ca25,2
eaf1c0954eff9a8a6473a8853a47478a4a6cb73b,8
ce02c6cee2bf17590d929d078d71cc37f67e00d1,6
cbe4bf2ba8109ede73605a9287d6afc07b655ea6,1
e139c1d9d9f6d1c2bbecd935ced6f9bcd8a9ea7d,5
21e1148d98045c28b7120b97f098120faf837267,2
a49478cefab3aceee97a8ef52ff21616bfc54525,1
bcbd2ff21c237fd2fcf5cf5fa4661d0b39afdd82,2
d2f20803baa05874e374c5eefd8f124acd3d97fe,14
config/examples/Anet/E16/Configuration.h,8
config/examples/Cartesio/Configuration.h,49
config/examples/RigidBot/Configuration.h,8
config/examples/TinyBoy2/Configuration.h,31
6dcb85927ae570423fc0308590fe9facbbd1e74f,5
e96468566d66b9e7bcf0c4450a7b988523def580,1
a85cd042d8894798fe271e75dc585908ad0df30b,1
91bb0f54395eca7b8898cb94e7aed30c7b6a949d,1
b2b7c583eb418d008c275d9279efdda0cc15ad09,4
82cafc9b1992541ecc61a5fb0ca426ea6e96ccc8,1
65a2903aab0327a9b1d758e4f1207a826d89fb00,1
d3add3c34f83b527decf7d97aa88ec6a5d8b47d3,2
f1eaed7e98f7a91c84a91815954ca7862aafd5b6,3
19b24a349c7cdec1ede71f565697a8a8b78ef23a,0
Marlin/src/gcode/feature/runout/M412.cpp,0
4a5f135c5d7493f42a1876552c0fccf068d62b9c,1
89964ec30d811cde4933e9d856cd844473bfa12a,1
cd36809c06ecf5419afbd77b347f85b7e1982438,1
3cd9a92dcc525e97768330651c40e5dc349c9e19,1
80c6f98d2fe5d2cbf27f1aa1b6d38d9a2caffbc9,1
b0d8ba38945d9a545c5088c9c379024e390c5a5e,1
70586d3a6c0d9318e92dbe7fac26790120acb6a6,10
8babf55b181841a272ee25f44e86abf5b0d9f94a,1
948c3f580b16c53f1f75f480fe7d9c028f94dd23,1
Marlin/src/pins/linux/pins_RAMPS_LINUX.h,3
3218c4b33f5322e385eafb536bbcf3b557f2b04e,11
config/examples/Anet/E16/Configuration.h,8
config/examples/Cartesio/Configuration.h,49
config/examples/RigidBot/Configuration.h,8
config/examples/TinyBoy2/Configuration.h,31
179095c387e3b9d7e16d444fc00f6b720ca66984,0
Marlin/src/pins/linux/pins_RAMPS_LINUX.h,4
Marlin/src/pins/rambo/pins_EINSY_RAMBO.h,0
Marlin/src/pins/rambo/pins_EINSY_RETRO.h,32
42be684e69a37ee797330a5b98ff066c2041ed82,6
340d827dc19a8fb9d3f46a4952ef5bcdbfa10a87,1
7de605c5c341d2e0b2a361c4d03ec5709254fe03,4
Marlin/src/pins/linux/pins_RAMPS_LINUX.h,6
Marlin/src/pins/lpc1768/pins_MKS_SBASE.h,17
Marlin/src/pins/mega/pins_GT2560_REV_A.h,13
Marlin/src/pins/rambo/pins_EINSY_RAMBO.h,0
Marlin/src/pins/rambo/pins_EINSY_RETRO.h,21
Marlin/src/pins/ramps/pins_MKS_BASE_14.h,0
Marlin/src/pins/ramps/pins_MKS_BASE_15.h,73
Marlin/src/pins/stm32/pins_MALYAN_M200.h,12
Marlin/src/pins/teensy2/pins_BRAINWAVE.h,14
e5a5273edb3c3b5260d7ff8bfd35fff6a6a556b1,1
98c6c6f1aa0db2d7ee9dab12933526c91568c0ed,0
caa87d5fe1d497fadf797091199568d282a797a0,2
ad1c061e7b4522f30e8bc4deac565baa0c4b6568,15
Marlin/src/HAL/HAL_STM32F7/SanityCheck.h,10
Marlin/src/HAL/HAL_STM32_F4_F7/README.md,22
4e479caf61fde35121351e33276aed673a365b7f,1
cf9ac4c84751507d09ccb9379bf366cee897229f,4
f7de453da89091d162f01ddddeb259bf8a682472,4
828cc71847190f61e2d9991147091c010d121745,2
94f2e82897c9b66b1b3b643c8ef6020b701becc5,1
881e5a48bcdd2f78528b4966ce3bd286b8efe653,1
d4c210f21b2a408ec54df80edeeadc4c3bddae2d,1
44c8f29e47bb9fc00dbb42e5305dd463338f4630,7
ed0e6afacbbd5ef8836166feccbd4b50fc9da009,14
9817976375509b9d2928f7c1cf615b3949f7e026,1
a7bb1fc322bae668626fc2d9e99d44694eabdf08,2
f990ebfb0915694ca6599ea7b402fb95d5e2aa17,7
056efaba91d45aa466e38699648c79709c4bfa09,51
a23021b823477b907f8b5e658afc3bbb3165be31,1
5519054f50c2e0e532f8a541f156ef350aaecc9c,15
3ae3bf5d33cc3c6a3d250cc19a3de0b9e22fadae,6
Marlin/src/pins/pins_BLACK_STM32F407VE.h,6
01e88132867e5c73409c43d83be37ef86286ef86,3
Marlin/src/pins/pins_BLACK_STM32F407VE.h,0
cb600017845f82abc9f6d20d72af13e98589b67f,5
Marlin/src/pins/pins_BLACK_STM32F407VE.h,4
Marlin/src/pins/pins_FORMBOT_TREX2PLUS.h,27
c0e917ea8303d9dff3d3428adcbc69374731a1f7,2
ab99a807938b7fd8c5eafe2018b23ff876e765e6,6
84d0bc5c170c9a63928cb9c3e1c45c525a61a3e3,11
config/examples/Anet/E16/Configuration.h,8
config/examples/Cartesio/Configuration.h,49
config/examples/RigidBot/Configuration.h,8
config/examples/TinyBoy2/Configuration.h,30
a2ba0aaaacb38a680782a1ff7fd3e3a78f45fb6f,19
be37c38aa294b37864f27102df71dd8cbcf57e67,1
ba22857f935573ecfe929b4930d2616005a4ea53,1
1a349c75229604c113c83d29c2ff06f61153b44a,17
9821ec2afd8419e353f23791dddb22b5f60c0107,2
96d52649b80ebc74eb4e5108e00d4995bae162aa,1
2b1c2a0db966f0d172f99a435e1f6785c774eaa5,1
8b81c0e88f39c44188fb5962e66b4a4c7f0164e6,1
e7307af42dec0f25b3713c2d73cf51ae286d0a9e,1
439e28783bc24b371fa2cd5e73a647b7b63f1b4e,13
3a7534250885efb8f5060ae2879833e885b445e0,6
c1bb3278d473b27150da4d869b69df3841d22812,1
c0497234b9b791735f7bc4f5b5515473836f9d88,1
cdf4ed87a1a483bd230a8c7159ab47513ca32d5c,1
8916acf0831a39462bbbc0a3e5ae570648199135,1
8873c583d3694c98112e88af26f6d4dd37f5fe64,3
dc02d0720df318045e3ca6cdf5f27e6c39525829,15
052aa23efea2eac07635d191c2c612a93187a6c8,1
7a42132002c701d59e62cea6a11a378b52805372,1
10a71e332d1e914bb9fb16ec096afb287807143a,3
4fa8053638c7107e9584414fe2fb571a97d7e402,14
config/examples/Anet/E16/Configuration.h,8
config/examples/Cartesio/Configuration.h,49
config/examples/RigidBot/Configuration.h,8
config/examples/TinyBoy2/Configuration.h,30
a210f80adc678e6b76253b1e57e09927740694fd,2
253d0f96711b6ed1e412de1772dcaaaba1fa4086,2
535b70057efbc19435f6ca5c650a7b7474a6e36b,1
021c4ccf5fa0aca0a742fd549cc390242bf17211,1
fe0224104498a42a3921b97ef3902581fba6c309,14
Marlin/src/pins/pins_FORMBOT_TREX2PLUS.h,6
67e0238c89736ab653429a2774e9183feb1a2b60,1
750a16ad385dca893d482cb51d8af2ac3f8a1da1,11
Marlin/src/feature/bedlevel/bedlevel.cpp,35
Marlin/src/lcd/menu/menu_temperature.cpp,15
b6546ea33a0f6eebee520dda516e04d3b68ded55,7
Marlin/src/HAL/HAL_LPC1768/SanityCheck.h,0
Marlin/src/HAL/HAL_LPC1768/include/SPI.h,5
Marlin/src/HAL/HAL_STM32F1/SanityCheck.h,0
Marlin/src/HAL/HAL_STM32F4/SanityCheck.h,0
Marlin/src/HAL/HAL_STM32F7/SanityCheck.h,83
Marlin/src/pins/pins_BLACK_STM32F407VE.h,19
Marlin/src/pins/pins_FORMBOT_TREX2PLUS.h,13
Marlin/src/pins/pins_GT2560_REV_A_PLUS.h,93
config/examples/Anet/E16/_Statusscreen.h,21
config/examples/MakerParts/_Bootscreen.h,4
8ff49d6b463bcc43546183eb7e959d3636635a60,1
f69e02ef043375290270a61efbe863a89abdf729,1
31450d9d6b2a2554affa5002d09e1fe00025e070,1
9736a21de2b7dc01f837a118b77c3605ebf1937e,1
2bf11da5abe3aeef7bc891fb81ebd7c7c89988e7,1
66e16af29d3a92ee902e56996a6951993c04bab6,5
eb6dec03bd8d5f6a99b594c933f0934c348f5034,20
config/examples/Anet/E16/Configuration.h,8
config/examples/Cartesio/Configuration.h,49
config/examples/RigidBot/Configuration.h,8
config/examples/TinyBoy2/Configuration.h,30
44e4f853c8c7027e88381b1644281d3ef841d3c5,2
c6e6365e15d367f66e3736344cca333bfc941450,1
41b7f16ab84908544091882a924a80aa4201b3d6,1
ec4bfb00540742836896cd5d0301163d818e7242,1
de462f2b8a72716bf6e6558e63a1002658da7907,6
b7573c6e693926c9130016611570e2d129323894,9
8be146642f45d3f158edd8f7e1e738f7fdaa0b48,3
6a2a10a154c9db39d5b3732e66685953e5f945e7,1
371969b531f9ab26d40496623f520d6d724e9c21,3
ae9232962e7eef54de71d582b535c21df3a0f1b9,2
f7eeae8424ac51125c01d8ddc0d1ad7e6c626e9d,1
8aad29fb6ecb9d10a833f6d45e49de3051ed9e87,1
1620738701abbbc349e4f48fb2a0e415bda0bcd1,3
0f79fb9821faec26394339bc049db49941937d3c,1
ce2b4bc20c20f5a85a7d3ac5942b1134695a9944,1
3358caed14f5c42869a1804ac44c71a18f2cb0cc,2
720bc7c00b0eedf2e7601d5fc6e6ff61f9833562,3
274809aced9b92ed66fb4623b209118dfe8677c0,1
ff5508849187a012016ea7a907722f52ec0a5bad,1
d4415dcf592bbb1db869316a3020d92fa5a23edb,8
d6265df962813afa68bb6bfe1e4cecd73f921551,2
c6f74ba88796f0c395ed31a8ca98768995746e07,3
16409eb2330ba98e39fd5bdda70bb248bcf4760b,3
82ecaa767e92ecd7e21a598769813de5dfda7bbc,1
54358fbe28ccc4c95978640136eed5901b335662,2
c28e08c8495a0cfa4b382632e8d853079d47b8c0,1
de8fee6aea9172f2b2cc430c16fdf76d9a6d3987,2
448d482d3c63a7ad275ad260a81630599d8687ab,0
108d0df56532e4eb30467d36b0fb2aa5bf4f50be,6
18e396b102421fe7a82ae3d52f52a75aa44e6ed4,2
c9be936d4ac3745e0386f4f6293c1f76b4022836,5
2f932a11b3bacb50c520fed0549551e2e363a41a,15
config/examples/Anet/E16/Configuration.h,8
config/examples/Cartesio/Configuration.h,49
config/examples/RigidBot/Configuration.h,8
config/examples/TinyBoy2/Configuration.h,30
fb9d30673f24c4dd4709a5f2cfbf6081347148b7,1
ca7f56e60b66fdad0ec89f5f73bdd8680b99e06a,6
Marlin/src/lcd/language/language_el-gr.h,10
Marlin/src/lcd/language/language_ko_KR.h,2
Marlin/src/lcd/language/language_pt-br.h,5
Marlin/src/lcd/language/language_zh_CN.h,0
Marlin/src/lcd/language/language_zh_TW.h,1
56c4a96180d813266377849d4ad6bacc42c60e8f,1
4b9f6d531b56157e28f5e702fbc3fa79fcca043a,11
config/examples/Anet/E16/Configuration.h,8
config/examples/Cartesio/Configuration.h,41
config/examples/RigidBot/Configuration.h,7
config/examples/TinyBoy2/Configuration.h,30
ced30b1054af6612d96a35af55217da4308ef007,1
10b85be4055aee35ef649f6bc5444a67082a6024,2
24655a6bf32163cda24fffc08b558ab6533e2dbc,15
config/examples/Anet/E16/Configuration.h,8
config/examples/Cartesio/Configuration.h,46
config/examples/RigidBot/Configuration.h,8
config/examples/TinyBoy2/Configuration.h,30
dab2f0c89c848de5b745b7a70576b5fd2e9bccbd,10
0ca64a0ea34f5bf96c4122b2f8341ccbcb0f6f2f,1
d16954dc885f75869b572549c5e90561b89a95bc,13
19aafb90508af2edd7c684ad5d63f1fca16f1b36,3
6550a222aab41d31c7338cd4f5bfc27427110fab,1
3ea073ace60a326c18bc08c6ebdb20b3130894db,1
6978bb5ea53caf16a9d72047e41273c5e38c8504,1
688c53220dd9f4d222d781990bdfd4606c70d67c,8
fe2c710b398de422efeb5f46e1434b7e1db7a6ca,1
34c8204d2597683153d3c70f7eca52f60eac7285,3
e6cf7860e8fafb5c2bdb95ff36ad7d598fa5636a,10
14fb683682a3b7746ebb4e5b3e0accf93991a81a,83
e89a47c8b5c71817c1266b23bb8fed948e495c6c,1
b615b492baae9def871d2c51704ca66c3911a7a8,6
f39d025a803b86588d39f11addebd18d1df5311d,1
49027721e9cece37e2299ffeb41998e761af5269,9
7f05f5e0025ab9834ba62e4a7885f45551f92224,4
c9a8db33c34d69ea8d10893b76b30f2445c37977,1
946f6bdeaa4d2e497d482e3625754fcd7ee3b5a9,1
b3f42d2519f16d8964b39fd4b6119dc3716fbc62,55
872e172bcdf47d9aacdd1ce478d12668ee81f4a8,5
77c67085bfce550bba037bf5c8612965830a1158,1
9174aa376f58d61947558a7bf55892b16ded6437,1
07c998afe5b9fd1f04c8f4e0ea2106be920c09c1,1
a9445d557e2824f5da4bc5972ee88d58bbed2572,1
4d5a1984e216098b49cf1c590272b45d4177e86f,6
a8d68b7c8a5ed440b2d12aea077ad05cadbaadfd,7
1a09c4dea569e8a2bd868645fc86700536e67000,1
9da02d21149c5731e3da6af3bdabc32d541d1612,1
ae9afb333ef8ee05791ad47838a5e4df04e3d7c7,1
93cd66ac1146603e8a9911fceb3c63f4351f4d8e,99
Marlin/src/HAL/HAL_LINUX/hardware/Gpio.h,15
Marlin/src/HAL/HAL_LINUX/servo_private.h,12
Marlin/src/HAL/HAL_LPC1768/SanityCheck.h,3
Marlin/src/HAL/HAL_LPC1768/include/SPI.h,46
Marlin/src/HAL/HAL_STM32F1/SanityCheck.h,19
Marlin/src/HAL/HAL_STM32F4/SanityCheck.h,14
Marlin/src/HAL/HAL_STM32F7/SanityCheck.h,76
Marlin/src/feature/bedlevel/bedlevel.cpp,52
Marlin/src/feature/power_loss_recovery.h,50
Marlin/src/gcode/control/M17_M18_M84.cpp,21
Marlin/src/gcode/feature/camera/M240.cpp,11
Marlin/src/gcode/feature/mixing/M166.cpp,8
Marlin/src/gcode/feature/runout/M412.cpp,105
Marlin/src/lcd/language/language_el-gr.h,10
Marlin/src/lcd/language/language_ko_KR.h,2
Marlin/src/lcd/language/language_pt-br.h,6
Marlin/src/lcd/language/language_zh_CN.h,0
Marlin/src/lcd/language/language_zh_TW.h,10
Marlin/src/lcd/menu/menu_bed_corners.cpp,17
Marlin/src/lcd/menu/menu_temperature.cpp,120
Marlin/src/pins/pins_BLACK_STM32F407VE.h,19
Marlin/src/pins/pins_FORMBOT_TREX2PLUS.h,13
Marlin/src/pins/pins_GT2560_REV_A_PLUS.h,133
config/examples/Anet/E16/Configuration.h,1
config/examples/Anet/E16/_Statusscreen.h,17
config/examples/Cartesio/Configuration.h,87
config/examples/MakerParts/_Bootscreen.h,17
config/examples/RigidBot/Configuration.h,15
config/examples/TinyBoy2/Configuration.h,56
d7d80418aedad1c89e27fcba6aab9aa48187b5cc,3
Marlin/src/HAL/HAL_LPC1768/SanityCheck.h,1
Marlin/src/HAL/HAL_STM32F1/SanityCheck.h,0
Marlin/src/HAL/HAL_STM32F4/SanityCheck.h,0
Marlin/src/HAL/HAL_STM32F7/SanityCheck.h,14
Marlin/src/lcd/menu/menu_temperature.cpp,104
2fde1475cbbae9795085236bb0421a5bd65876d4,2
7e16835c835bc7d0a55f78dd759448f558967478,51
8b63e3701fea411e38762882e7b74805d32fd261,6
81209f53102e53a0a00227eae5d2ea0ee3bdd255,3
39c0c2aebe41f2cad6fbc5411d8bd6b9d50c4711,1
6664b90bbbcb164219822df96fc5cc613bb500d1,14
8ce84fa44fd4f728249335df9d03a3444fd8933c,13
config/examples/Anet/E16/Configuration.h,8
config/examples/Cartesio/Configuration.h,46
config/examples/RigidBot/Configuration.h,8
config/examples/TinyBoy2/Configuration.h,30
00cc1079af5907d896b161ee830e4ad3af2b5582,86
ce656e2a268a120ccef77a7d80cc5c1c4fcc7f7e,2
decfe3424fa4975ed9315feaa98ad7b56e719f4d,4
b961251899ff045a4d3da4d8e3816ed9876befd0,1
2580104c8befb7bb6a363b79776f4a8ba9436686,2
cd302f9464be89727c1a9d5c6c1f3bdd99751ce4,3
064177154ce7912293efa67c7e0dfcaa4a7301ec,1
Marlin/src/HAL/HAL_LPC1768/SanityCheck.h,98
9f136a7c6765b99c34d8aace3f6f2b5cfed54972,1
49627069a50b5e6c2a80f49ccf1497f53e85f8ce,2
30a3db4f2234f2f0f148028c4024c383cd566823,2
8c55bd5451e7afa57e936ae1e2483086253f8a3e,1
98f3a3d5c30a227de640776ec2944c49fc25f1ed,1
e3846ec7a1acbe4b69913daa325d3f2707baa9b6,2
8934b32f1b9bd388eae25f0372ed62b57200bab8,26
8e23e9b16cff95f2ad39dc8d406053413a17d1f4,1
07dac315a98228d949f3063190ebd7d76f127725,1
a4aa3621c087667ced39b796dfb9b8fdd4680a36,7
cf762d2c7335d539aa09595ac57634ec4beee400,1
12d21e642febb0d0e070e57ba4af17187c41f317,1
5986194c36af76da19cbc1e5321d1243794a6cce,1
aa0383a83b7bc45b86753ef9f5adb41da09c76df,92
3d9d72e8db818c856e1018813e51b0ac736436e4,11
1b1a4677f56bb21ee39067417693e5ff2814a534,2
07b41a8c3f999f78fed389c2fa673c151d7a1422,1
71b2700c3ce100a640f0b75f75416f56064a5a5a,4
f5afaaef5b36428e721e8785e174e4d782048f0a,1
def4bb987dc88303ad679347f44688b0941555c9,1
78557076ff9a22feafd8677b8eb07a266d06e941,1
6578aa4e1b7b36c084ec49f288b38a2b43902720,1
2247bf1ba5f1a62a7433aa1b2764a91af1a80e2a,1
1db7013e3be036381df249d6b482e20aed31c811,1
17778d1c2a857f16f0d56003674e89111960c952,1
be69ec5b323d4d7fdd3b65bc4b1bfded69badd3d,3
9c83135d4096b6602f7975c71dddf909aac0d6f4,1
5df051fdeed83ef041bf667e2c32a3801479bee0,1
0f6f5132c130a2596c9ea50a7f8a81e0f1e3f9d4,1
c41b005f33ce14a3ee0de4af5c6004a0d52137b6,14
config/examples/Anet/E16/Configuration.h,8
config/examples/Cartesio/Configuration.h,43
config/examples/RigidBot/Configuration.h,7
config/examples/TinyBoy2/Configuration.h,30
8f99d45045c4f8844c3a07dbd81e6e6aedae1009,1
eeaef2410ac80b7bfa21fbec98abd00003ff83f8,20
config/examples/Anet/E16/Configuration.h,8
config/examples/Cartesio/Configuration.h,43
config/examples/RigidBot/Configuration.h,8
config/examples/TinyBoy2/Configuration.h,30
bb0bcbaec0ef063266d3744a9e3261784ebf17e2,1
52383633e7062bf5ffd72d9c41c4cf7df05c544c,6
81d550754aef02f38ad86b11f219e6b3647ab894,1
4b365552db4a219e841e1d0433b77c1500460c85,1
a9acd2f4973cbbff1b936229ff97a3b56e4157ff,83
a31cb910f525fec4005af813249531952336d367,21
config/examples/Anet/E16/Configuration.h,16
config/examples/Cartesio/Configuration.h,78
config/examples/RigidBot/Configuration.h,14
config/examples/TinyBoy2/Configuration.h,54
49ea1c635ac845aa875b22a939b1b96d89154ba8,2
19d4a9ab7716edf78cbded62e9a9a06aa58d5260,3
4df4c47994f248428ae30218800803e467327b6e,44
config/examples/Anet/E16/Configuration.h,16
config/examples/Cartesio/Configuration.h,78
config/examples/RigidBot/Configuration.h,12
config/examples/TinyBoy2/Configuration.h,54
ed0c70f0a07bbf8d1f0540fcca4d7c5bdf361f5e,12
config/examples/Anet/E16/Configuration.h,8
config/examples/Cartesio/Configuration.h,43
config/examples/RigidBot/Configuration.h,7
config/examples/TinyBoy2/Configuration.h,30
c461af2f3adccbdc0488120545bd735d9db1492a,1
config/examples/TinyBoy2/Configuration.h,0
dd06017f642b0396389e85796e447ecee47fdd4b,18
9131b11944aecd467ddba995997693ddf5f2a240,2
4c872a01f284cbf181f52c84e2ba6b4618e62556,4
Marlin/src/feature/power_loss_recovery.h,16
Marlin/src/lcd/menu/menu_bed_corners.cpp,10
75aeb41ab75e691f4841614d16f92164cff8742b,6
bf64dd4db6e28f3ab9cddabbcdec3a56abda03de,4
391250b04f7a8884f662dd9a266de093716b7878,1
27d30c1be8bcc1b8812d7057ce4d60f2c39307ae,1
3f6424076bff60b0aca3368c5f8433079650c88a,1
cf3631226b6874639858af4df6df228aa3c0a47b,1
c12b6ba7603b6a2f917c17cb8211e002606a212d,1
5b13abcacb8c90faec437c609ad35ff904af21e1,3
089d12df1610f3273f6f4ef87c8469f65ee6ca2e,3
5307f4291789731c517e289c29b3f19e192d9344,1
2290b269dc862709c7055784d2e130517a02231c,2
6b2d42434ccea28d1f63b84191b08586f5205eb9,1
da5bdea324d500c1804522302431ed7a08e7bb8f,1
aacb904e1f8841d0f8e74d66c8b0aed160678215,21
config/examples/Anet/E16/Configuration.h,16
config/examples/Cartesio/Configuration.h,78
config/examples/RigidBot/Configuration.h,12
config/examples/TinyBoy2/Configuration.h,54
651f3eeed06175b798ed3619ca325825541a9ac1,5
35aabd1834fdd88258d27bec6d3e336fdfd9c325,0
Marlin/src/lcd/menu/menu_temperature.cpp,2
21f377d94a28b930a4cb3b9f58f0a6567d243f8e,0
ce5f94c8f40ca3d9b533e6c1361e3ff2d0ab8a85,1
287df7a61f9a857f693aee8862497271b892823e,5
66d51272af4383b689aebba3663cd3186cb59079,3
903863dcb684350b81a57c676998ce6d23756456,2
eb1c9113c23869b839abb63b7a43f84d13ed603c,2
9a56a8820030055e609f2aca5571107fed40b94c,4
24c23b60fa96180a6237db45648d4732a095192f,1
1aa60bce320c509a5e1c0b5661a3c2047a0b44d8,1
3021097888e3ba6be034046d6592de53ea6ec786,11
6fb3db1633ebc5491c3c91e8b6b075068f2846e0,1
a17f057daaa14863406cc8854033f5a6d8a1e1c6,1
f2cfa408b74ad6d2d885c72e5fee9cde7973aa55,15
config/examples/Anet/E16/Configuration.h,8
config/examples/Cartesio/Configuration.h,41
config/examples/RigidBot/Configuration.h,7
config/examples/TinyBoy2/Configuration.h,30
26de051e928111e7b6fd4df87e5804e1286714fa,6
cfb44e4a26ce91c7088b0aa43c683cea14a366e4,1
9722038ad3217b4d88763eb18659a6b6d22dab39,1
50c9b33ed7eb2329558befc9c16c0be588c72a08,1
29afd11cbff20240eb69b4f7cb9374b290f1bbaa,3
dfdbd1e75f252ec6194c5ee9fa1703b71533d632,1
12a270fd2964c088acb93b4ecfe1b35c3df97654,1
fc73a8b004724c09c978238f82887c65650c5fd3,1
bf8bfb5c66bd3b2f86e522c441affb832982ec39,86
648a91bce886940b2233c9f210d84565c909d6af,5
18904c42f6081391c5ffc096c8acf2ce54dc4a34,6
8bc3b80176c6a8a41ce7216ae17685332c52bb05,1
bc2ff9b41f4372f463f473a2101c4fd687437207,1
f7792c01929ae10f460fe1de35f7cdde468f91ec,80
2a21a9a062636f5aa06c1920be345d67b3f808b8,4
f93c60a6f06d0f9c837a580e6dccf48c5ddf0bcd,2
7d1eafc80acb2437607f2cfa6ed8eca7bf13201e,2
26e7e33698a3624614f2c0c1be260be9990943f6,1
04715e04ee64e5d2f28d4f622143fb0b19de4a65,2
356410dcfce70972f9cfbafd9c32a71701781640,7
Marlin/src/sd/usb_flashdrive/lib/Usb.cpp,0
2a96d4e23ad0090dc371710d079af731136dfe97,9
1ef95013f037212bfa6468e96b9b8120c04f6df3,2
c88d9ae28212d641e55f0d7413f910a0851fd01e,81
892f0e75eaf6fbb433cc236ef046cddcb4f6113c,3
8cf5504a34b3133e0b4856f1646ffc5a2ef139dd,1
c3e522553130f93747fe2e1031d719ee2e8b0cfb,3
9439fab7fd415d2a08d8044491145c1b155b20d3,6
a373d3f55731c413dff2d88bbfdccba6ab932735,4
b0a4ea79b84e92326b7da4349126a5cf2d9821a0,6
f30b89953df1c53cb57c95216e33d1203da6b002,2
a3f034b95eb42009f9bc744816ec53b9eb2bc1ef,6
b7eeb5b13b4f299b8e1b994d678e35262a1c09b0,25
config/examples/Anet/E16/Configuration.h,16
config/examples/Cartesio/Configuration.h,69
config/examples/RigidBot/Configuration.h,12
config/examples/TinyBoy2/Configuration.h,54
0ca2073625fcf1eb35de8c37d49960bf20bed4b6,89
662e7da8a47986c2d38687d59ab51ec164da6f34,1
cccc51ee0e583ed4719b84870de53756c3a44e95,79
80ce0d2bdb5e21a1eefdcb19747dc8474cfc54e0,3
455f0de81704f73fc6936fd58862fe1b7be445e0,1
7e07a3888bb4a684afa864a77c84b2869e0c0ae2,1
5ca8d51e123463004626e853a930e2f88febd66d,4
293018f76c8c2b0398751f82cf93c3075c8ca4b3,1
ffb76b75d75d9cb2f929063bb3d7de751a566394,0
4138b1f9ae4646aa835be6eedcd5a014f9ebc7ba,80
764f0d9c1c86182e36925ea1d85b86c9dba497fb,3
66e22d9f5a9fe8c9a5076f67099be413c99cd9e8,4
fda86063884067fbb69e1527d6662116e7c9c69a,1
950fd4aa4c58ad5dfb941e8cc6f916bba8f4aa4e,0
9206c0e8699dbb934db76669addd74ac00391a00,9
34d2801bbe2c1f267655509ef9965b529a1b5d24,1
fa3b5fb059892cdb751005637edf87a60bc231d5,4
858b2fa21ad40cfc4ed2e730c4fee060b2e7523b,2
f6ec00d776090a59fd8a61f65e05ab537f068023,14
config/examples/Anet/E16/Configuration.h,8
config/examples/Cartesio/Configuration.h,40
config/examples/RigidBot/Configuration.h,7
config/examples/TinyBoy2/Configuration.h,30
bbcb61e0422e30a5427198a431f655b38665e41b,4
e4260a41cb76c2e688b33c071a62729174b82f18,1
9d9030a39c747da92adc2e0a9847a63e7bb8eaa6,1
123e58d9c3c8cf85236d8c0d6f74427b0f4196a1,79
93ab16c6e4bd7768f4d8fab5b8b6e45888917ff1,1
6572848d7fc5665451a76a3064b198481fc88cc8,1
688b54d66a8651e53d595257996f89901cfbc572,2
f889cc6ea62ff07cf2d61de400f403cd55676630,4
07021c85c84c0d54f5c35d0d1b58ad7d54f292b8,1
d70929f7c0f38b0b70a6c8e8d9aaa4963bab5338,1
e3a468f2cda76db7652358d65fd74b42c8e166d0,1
8e8e48f9004155897d572a099131b0b62592cee6,2
34ae76025eb7f481a5b6e8e43fe77d79a0807127,1
bd494a6bd6dcdd3e467a3eb1d34e10def363742b,3
e09d8811c183819610f1c6a3a1d4b898df13f408,1
0f04ba016fbd5397428125330b9caba6fe9d02ee,1
bf4a0db97f6dc00b20afdb508a00b06c9ba46fa6,2
6d92a0a33b4a5a06bafe31751c495b331b7b60fd,2
32afe1d1021d14300b90c4eb1e212625a0df15f7,3
5515f884526b688bb2726244c76f8d2fa0a7ea24,2
5f42d3a8b41d65a6bf6a62f2f7d98fba4f3a1dd5,1
d3bb5b69ba46e3e0f56838da21e24fa3ba98a5a4,2
b315157053d578f6d2209eb4c33b75b0da2740e6,2
3c179bbd474141d2d03540c9d0887bb3c6080b2a,1
352734494bf221913cfa61e07546c5a08ef55220,1
b14cc0d7c5d6e029ade5e96a5692d97553221142,3
c6d39319dedd7304ddd171cf35f6f02b6925ac8f,3
Marlin/src/lcd/menu/menu_temperature.cpp,0
212860f09073df25c05012805892e134352c13d7,1
7b838f31be262e235108c15e20e0b81ad16d6d2c,2
36a0376c368222f646d4c60ca153087d378af6a5,1
df7733425cda02f7e88e7eb9496be72a17d335c1,1
605ec0a4784768d09d78587240be80e8cc998c70,2
90121047d971ea7bb85718dd1ec0c32d6cef54f7,1
81cee05476eb60800aa842817779bf9e5e188c1f,1
47fd74a98d0f1ba53898dd2752cad09e904811fe,1
49229d97db9b144752390f458b3ab1a7ffbe909e,2
8924389dfcf407f9e5a07ac2cc088781651f4726,1
49e83dd7c81cffef7462a0a53a70a125562de83a,19
config/examples/Anet/E16/Configuration.h,8
config/examples/Cartesio/Configuration.h,37
config/examples/RigidBot/Configuration.h,7
config/examples/TinyBoy2/Configuration.h,28
14fe41f6b24cbd5a9596a788854aae0937e1412f,11
config/examples/Anet/E16/Configuration.h,8
config/examples/Cartesio/Configuration.h,38
config/examples/RigidBot/Configuration.h,7
config/examples/TinyBoy2/Configuration.h,30
f8bede6b5ebc4f2492bdcf64389d0f97100d6272,1
0ef5d667b64f6f409f2aff628c2973833066f473,1
1c86fbc60bad74957c872cbd6bc87900a3f127d8,9
74f44783ac77e0baebb9555b9422fb5610b87d9b,5
bc5a1fe562f4de19f2f795c139b5d607f40e41f0,10
e1bf34bdc905a59b1cc7dc53a6eabe0f88e28e6f,2
7cce6b8d6829c69174ea55c42d1e568014f7ab6e,12
1210b735307b58d524b025df47153c1cf66ec179,4
beb2ed145e3899b21836e2c6bb8b155c938e0285,76
44caf70917d249b6175ef671d9659d408d1dde08,4
612eaa87bd5652b12456f70b2c20c19b5e19a18d,2
c5dc2e5a71302fffe644176bbc01ea10b515d76a,1
48d1bd29cb51da730b02cec7313889b859bb1ba2,1
9f69fbe5ee6baf8897eeb36bba0bfd73c12b9d9a,1
Marlin/src/lcd/menu/menu_temperature.cpp,0
fc52c43a26f6a56f04f4968c8fdf3e910226749e,2
24b1818245837b08b9d9d963e9113e7612bcea8e,3
a49919396a26ae075ff84801f5db4b236e9e33d5,2
2b5046659a10e17c026cffe9578755d53ba18ab1,6
cc862a821351dc63e99718325fd96d012af1a22a,2
fafd73a3af813ea52eeffe7d4c774afb0cb9a9f4,3
config/examples/Anet/E16/_Statusscreen.h,0
2298923a9b3b4349db7a52c6359de1343ce61424,1
41f61a12b83a3894883e6f9d632cb70fe7e3e2d6,1
594f6b14bed89d137ca3d9dadaeb978653fe661a,1
a74aad3b4a60a3e69f33afaea7f8680da705e83a,21
4ef364a0735917a5ae5d31082330bbac87fc7a76,1
610abd7b8829cdb3b9c832cedd2aefa176a01dc3,3
cfca07852a8cfa5f15527b19d60093641f3063d4,2
aeec9ef76be19640dc0ca70c26fffadc445eba11,4
7b4c3bd92a5f327c4118483fe2eeb45d5f1416a1,1
9bf65eacaad9d4212fb5fc9920083e20527aa71c,77
3cd19a8ec080dda75c6326886e90fc2f0972b499,2
402f1f73077054340e9d4edc9451b1896b09e1c4,2
87e71932591ea4f87a6503fc1ad41055ce12b2c4,1
256f810df2f3bb1c0a8cdc1119140fc6138400d9,1
1dad6e754b1fc09e9018e663c7afc5da1794d0ae,13
config/examples/Anet/E16/Configuration.h,8
config/examples/Cartesio/Configuration.h,38
config/examples/RigidBot/Configuration.h,7
config/examples/TinyBoy2/Configuration.h,30
84ac5b360bb221deafb75fd8a1f773658410d79e,3
9b5f9dda0e6ccc65bf8f2f1571ca69719632d7fe,3
85fb33a060354a70348f220085405ae7bfb939c5,10
config/examples/Anet/E16/_Statusscreen.h,0
62ef54cb81846ef40b108ec483900eff54f204eb,2
7907eec04cbea44748cf2730a04cb74dc6a5485a,1
Marlin/src/feature/power_loss_recovery.h,0
efe651e749bcaff59cfe3f64489bdccea13467c7,1
0b056970c6ad1c357c446d6f99a11fb3feadfae5,1
06f327353120f000a358aecb79f5344be6a52ec7,1
7ccbcf2eaad878daf139a5e52715c423229618d9,2
9558962d5932222ce6e4bdb4073ca2b1e54a8fff,2
737d3d9283308871201c041607cb819bdcb4ccbf,1
07afe69cee5afbf6503fb76c4e70cf00c8093a19,1
451ea996c9b7aac808f4cc93f0afa1202d6f191e,1
d7b0369e393c57f42820011b372b93ae67430d1b,2
785c01f2bc1635ad645d868aba7cfa5a6daeb973,82
7f1e0c5670c118a0d9b33094a240d1a53193f8ac,1
48bd8899bd10772510ae9e2e64f89bbd32f7eb5e,1
dcaefc68a5f658472472830690e18f3676ae725c,1
211563e533f418974577a6e7a36a156ddea64af2,0
8075893352fa13ffdeb0beecba333f3144783bb9,1
940ff8e7c8a5919681dcd6d6e87668381010151a,79
991ee7552b01330afadac37a4d8009e6aaa07892,6
3eee8809670e50498b65cbca49d9f630c7cc0955,0
config/examples/Anet/E16/Configuration.h,2
config/examples/Anet/E16/_Statusscreen.h,0
93dd097b1c15301683ecee15d919e425ce97d894,1
3bf43b6c1e5051ee279a07babffdfb73e3aa812d,3
4e7187b926e06c371812154ca51f7ed3b321c010,2
5108e4b6aaeb0b5143b7b6bf09103e6cdd3be491,2
456a0ee76b95ba428c8210a245d71f682b782909,10
7b78a20fb7ab6224e2f5c49b43d9c16a42015bd0,1
a613bcad2d9aba6b11d647266bd78e8adfb7cf65,5
62b36d1b983c06f1254cd9c22d1a4e67a9e0bbc0,1
f22c9a1ae1facdc0188e29d5e324162ddca8e3fe,1
746c38f4be0848152de0de2414e114d7f3b95b70,3
529c1115729665fe9949b11eb5bb5710f75002bf,1
75eca5c4f818f0065d363bf1f8495c82de462a31,2
9cd9d39319e1c77ecb56ab28ba0380ec9042df72,2
227f29090d1c46a4da79db3ae4f84bd96ea8a0ee,3
fa3739aa237507b61ef64994bd17302fd561860b,1
88bedf3a576eebe9b5675524636b330dcce81cd0,1
3f758d9e007cedeaabf6c7c501f4817266bc5ff9,4
beb9cc91f6da4be983280e082f02771b2bdea53a,2
51acbb2201b7f436f8b4b91c25e3db2fbdc451ad,1
ad4ffa1d2fbd17ac09c816ba2052cdf714261042,45
Marlin/src/lcd/menu/menu_bed_corners.cpp,18
Marlin/src/sd/usb_flashdrive/lib/Usb.cpp,5
e53d7e55175a08bc0788547cbabb33f7fdce8778,1
6b96eaa15bb97c62e5cca52d4fec0c9f083e836c,2
23ec6504103a99a0d769346e2a503a1d1764cf7b,5
6811e2921bcd272e7487e4f379b42a5a403a07c2,30
config/examples/Cartesio/Configuration.h,38
config/examples/RigidBot/Configuration.h,7
config/examples/TinyBoy2/Configuration.h,29
40aff7e1f2f56b5cef8ad50d7789ae1fd7ff7852,1
059269d7324bddebaae9a6cbc721b82b8636a843,4
af725c81e30a99cfc205406cd0a9ba2dd24b9541,4
11adcf1ce361284c1bb4d6d0c75ce16a44d4c20a,3
Marlin/src/feature/power_loss_recovery.h,80
5dcb25664f829be801e20ab6032e782c1c65b4ba,20
config/examples/Cartesio/Configuration.h,38
config/examples/RigidBot/Configuration.h,7
config/examples/TinyBoy2/Configuration.h,30
a50436613834b183e5fccbf8f653af269d5d87dc,3
24e956d16839d7b7515d1139cb2a432b1e82aaf8,1
483822f3aa0108e87884160f62761d2a8655eebd,77
23a8707ef1969be3db28251ccee2287e1ea7b9e4,47
config/examples/Cartesio/Configuration.h,67
config/examples/RigidBot/Configuration.h,12
config/examples/TinyBoy2/Configuration.h,54
172abc305b68a0ccb9cd0c58b342be206a0ca73c,2
a36782ac1de3da09f67642e9e526c2af5921b0eb,3
f9a50f451deea615127abb91692b59da790067c8,2
9853331b34ef6fd214a8f1fbc315e722c90b7341,2
a4c24511f7afdd821a74a5f528196cccee03fe94,1
c837e9250c6ff91c54243ef7a72c1f02d6b26280,2
f96eaad1ea01bf79554c14a67c280aa0477ca0fd,2
421d526ba7f303288b9edb4f8bbd438256dd1ad3,1
b07360f32a9171e6138bd4ceaa61eda52129fcf3,1
79955f0c89e63c6e67216437a83f53e66adf417c,1
09f1b581460529a807b0a6f6e18d5359b280f2e4,1
e2a77ed8813ebe33b75479bd43b9d1308da48b12,25
config/examples/Cartesio/Configuration.h,37
config/examples/RigidBot/Configuration.h,7
config/examples/TinyBoy2/Configuration.h,30
24177954ddee0a291cc8b83aac9c65023bf49195,1
ee73e17c9b3b2b4d24cc02d9f0b7e29ca69bfd67,1
68004174d97bbee113c49b6a1257e26aa0935b3d,1
7076d8706baf21ff2171f0f28b9011682b23213b,1
c48e6be366baf722ffa338f8e94fd16aa5f4cc4b,14
3cad0f08d9b733410e80806b68235ad57eb28456,2
1ec9953e7e1cb534832de6257c5486d20326c790,1
fd9d3ae1818289222ee2c4e7883ebc175d9eed24,1
e7b3720b8193c76d1766898923b59261371e1c79,3
7da63fa03fbcf680375da48403dac3a16a7eac87,1
6d0ce033c2b1a72510b4f801b6143372d82a6cd6,1
3fcab8dbf1f0746a6d3825a9ec099fedbd958943,78
66f70652482e2dcf66355735de5687f087a4b439,1
2f32a6612d0155fd01d15497205bb63e68ae1e7a,2
c791d2abebf02d6a10190e3689537156bb1837a4,1
15357af67ceb74b14606eba9fbb75d20914f8909,7
Marlin/src/gcode/feature/runout/M412.cpp,14
0181e57417912c95f4630f9ad80fa2e48c48c199,73
c369477cb0267af9c15ef6045448d7fb3340ecbc,4
e5438a9a034f2a9ae12c0e2f4b04c1d4aee1fe33,1
e7682eea425d2173e594b5cfdb5c2e4d6fc953c0,32
51d1e0f1dd256bc30ea5b301056a247821454258,1
ee243e4edfe45fa855d4ff71abf8a9a118b66369,15
bf54251a10d94fde34dc41149af2d7e26c630f4b,28
config/examples/Cartesio/Configuration.h,38
config/examples/RigidBot/Configuration.h,7
config/examples/TinyBoy2/Configuration.h,30
9372e2603cd3a38d7f085d17c74fb6e0fa100d22,18
config/examples/Cartesio/Configuration.h,38
config/examples/RigidBot/Configuration.h,7
config/examples/TinyBoy2/Configuration.h,30
3272d0db01ffb4c34904d31b1c67d2fc0033ac51,1
95beafa9a21c391cc2ea176cc1a481de72dfeaed,1
408a5f08dc5c43fc17c8dfb07271d941594c2ef6,1
8a6308b498d16c0bd544ef99137944634ad89ad1,73
cf3c7460294fa86280d461de2126c606bb3e0e01,1
2740cc64d841eec1fb97c7dbd1b40da559606314,2
39ebca6b5ff28d03b9dbd2a99a19d48d4dc58fe4,1
93dcb537ef552f95a84dc9f2070912abae3a94e4,1
142c8e2fed810c785fce1afadd0949025f178ad7,1
e43afb1a58c7272e5eb5c335ae129ee35e16f133,1
9ccbd382e7c9e04f4829e145f028bfca2bd8771a,76
b6279abd3073e13cf99ee649afca10610625449c,1
ed9eaa19425ee67e3fbc25b7e5d679112b4aa4f0,1
610fb4668393265bbe2f18fe96a329b832ddc0c3,1
Marlin/src/feature/bedlevel/bedlevel.cpp,7
db89fc030488f4e33e961980ce8c0c43f6230ce5,76
503905c6286c0702dfa29c70a7425dcb71ccabef,76
73726d56b3113d2d3626b3f2e17545479cab1b46,0
5051909c3c43ae42c14765d0adce4405b8e9a423,7
Marlin/src/lcd/menu/menu_bed_corners.cpp,8
63f6ad3fd22121204ff673e38ac3b3ed4cd9ed2d,1
c6632925e39c883cc4163be2e4135f134cd442fd,1
e2dd2268e81d8e593f9c9217a5798911167db1f3,1
0f9c49ccba8267b27a145e9e0134454043df7258,1
d77ef437dbb93f8c0bc0728eeeb8f26192f5f3a3,1
ca7f6ff2876e7f9aa5c536bb4e733df40494cea2,2
6ff81a33c1ec329c9ddd25e53d507a0b4b01e1a4,18
config/examples/Cartesio/Configuration.h,38
config/examples/RigidBot/Configuration.h,7
config/examples/TinyBoy2/Configuration.h,30
0c4d3e6622657760cbbcd22fa8a379d0cfff6004,1
04ae3ba1fdf813fee2431b4626af6aa5cf1b1b87,1
78d7349fd7df2b0f559c068e20c43d67d3c25072,1
875e673a8c1efd58ca19ae1d883c195338733f37,2
81ca5a4cd43944bd7e9fffd740ce3abfb89a8687,15
4e35e6c7057ea5a8d89ff89fb10ab747b12516cb,2
4a48b70c0b0ff7a6ecca591a9b87e0d9e1fec647,2
44216749c69334481f86650ce89706316d33ac04,1
4228fd3e035b7b8c3b405126e566c0dd76739fce,1
5f70c876ae521913eaeb4e1917db869445e9fe69,1
ea1ee02b538bde9d6621126baae6f4d4dbd7c4bc,1
bddb776ddb6aa8eb0eb9a15f701df24940b02b46,1
d0c1eee53be3d0b60d133251e22ba51cfc380db1,2
4ac28ba6b367e0c75b62fe51b2b8be334dad18ea,1
b65cb5704d17437767f4e4958ae218907684066f,0
Marlin/src/HAL/HAL_LPC1768/SanityCheck.h,5
69c333ead99cbed5219536b7712411bf889273bf,1
Marlin/src/pins/pins_FORMBOT_TREX2PLUS.h,4
0a6835fbeaaf21fbb4c94b74ac9ead1ced17b72b,1
2e3d121ac434a990e69c3a068991681f2e4563ce,1
d83a7924e60c1827094ff276bbc43e0394a345ba,3
e6f6ed76c85547d17861724ada4b495db45198f8,1
08f21335a6f7bd977f4b6d29589c721b3c8be3ca,4
7c8ee0cd5bf7c8b43ca0a83d624249863e68d867,1
520585c5ed82f3c0e40ea6f7d125edb439182600,0
e1acc09c6e7f505bef25c5d8354faac3e3a8b5f0,1
836435c5ef644ef150cea6bec4b077a9ff316481,1
bf28ad4b6c8deb00086851a32f65c2a97288b20d,2
866e2d41dca277a1913a7e505a3d07d6d10f7ce3,5
ab8052887fb665713fb3e18a41bc39a2110c929c,1
12d340cf2a6241c7997b9dda1953bcef35861cbf,1
e8dc87a2b760b7ddc9e78db070e9afeef2a429e9,1
7ca1fea22b531710fa976bfaa527efbc15ebb83f,19
config/examples/Cartesio/Configuration.h,38
config/examples/RigidBot/Configuration.h,7
config/examples/TinyBoy2/Configuration.h,29
35160dfb7acbeec901762b52cb19564a6b6b122f,1
92ed9a2bb6d90a969f2ceaf0a73ebe3c0cdc4c16,1
5f49b65c1fc489741c744541636bd2c0a14c0a45,81
9b578ca343077db5410221bd59c520db8140314a,6
9992c424f531670749848982753aa185662f47bc,1
b1c13bce5856fb8f946967f8f5064c7e3d425709,1
455ee23499042b17132405934d3aa932d9713ab3,1
Marlin/src/feature/power_loss_recovery.h,3
df75a606ffa6a6a63644114de24f3c649144fd83,4
20dc45bca7bd660444083a971b4e20c9bc0a8a99,2
db373f130c329ed326bfbc9c4074f16f61f582ad,1
6fe90f0324556216898b89a957d30aea9e324424,2
aa0f7afbe67e95541134878b9520aec329492cc0,2
57aaa9110b6b39ef71431d562d29f8c12ccec533,0
6a71df2925955934dd426f907214c0584f7de98b,2
9dd4252b392dd7b51d4c5abc70f0d497f4f3d1ac,0
bdfffee03785bc227930c07ca020ea1693410764,1
84273557f9231c445ee30ee89dbcc66bc9c10e59,39
config/examples/Cartesio/Configuration.h,68
config/examples/RigidBot/Configuration.h,12
config/examples/TinyBoy2/Configuration.h,54
62b4265410df233b97cc24531e0c42cf5f2cb578,1
b18316dd374131dea8e95116d4a13ea789bab16d,8
f2ba0a5ae7b7ea272f043f780601da889bd6cae8,3
7e58d33a2e7c7a7690a9c0fa926b73c511560827,15
8bc581755904f285ab27f5cb105bb2e9ae823cc2,1
64ee064ded99f922a8c12c88c8cc13bd0b4b3eb1,1
14b561f1820d3c8193f4808b4f5e9849561f6f2d,1
9e86fc3831ca9b87c52bb7f67a7f93365a20645a,1
9fd3e64ba82790f9389f6f1d2b58455802f4a303,1
509dc283f298f5fdc737e58294f599eca519c59a,2
2adc37becc3afcb45c6fd9e507d7d4b88c64c69c,20
config/examples/Cartesio/Configuration.h,38
config/examples/RigidBot/Configuration.h,7
config/examples/TinyBoy2/Configuration.h,30
492883859e04f02d2c40bae131f9c83d0fac3557,3
9898f53361a66840d5938b3973b0aecbf339ecb5,1
1e59a2ac73c3333d427b4beda7f2c459af6d2598,1
ae42206500874d633dbcfe073978d1c011e54d42,2
d72946a8d77c4c658301778e1a176db9dcd504b8,1
cee3b172b9eccce668fb12d9fd37991ee42857d2,78
052f2ac352014bf1c65e662cb7e35a9cd88859bb,1
e6ebd30f60d96de4cf3a8b18cef0a4004f936186,1
a8edd4f6d488cc947ed0248e7e9345e8f8564416,1
ac81c007a607650a34588fbd91b5c98747bc83a5,0
610e9cf76a89b9e38242459f8e7046ae9b3a7b25,0
3656ef4a2d397a7f193f4d71baf459c17fc4310a,1
6b8611ad566fabe4ec1002570d71e3f6bc242907,1
5018fdacbeb0807fc255f83049044b89323eea55,26
config/examples/Cartesio/Configuration.h,38
config/examples/RigidBot/Configuration.h,6
config/examples/TinyBoy2/Configuration.h,31
4900c28bf600f86ccbc3943072e9c573a443ecae,4
Marlin/src/lcd/language/language_ko_KR.h,0
Marlin/src/lcd/language/language_pt-br.h,5
ba31d39f6df480c390aa188024bca447eab1527f,9
f9b2b3e4f581e3e82ff0af3e72679c443940d022,1
9ea99b49be283733860d50e6a452551b8f02ccbe,1
9cb5c57b844bde807d111238443f494788dc4ee2,3
321a5e65805f51e6817ff51db448dc5d8f28c900,11
0e3c9e726d059d7643887cffd0954e0a88fdb5f4,3
5e38d706978cdc93e25540d91dd48642bd6490f1,3
fae2b7edc38322e69af954f769fa7953d35f5bba,9
c8a83fb1228d0c263b195b7f3f358345d4893a39,2
Marlin/src/HAL/HAL_LPC1768/SanityCheck.h,1
Marlin/src/HAL/HAL_STM32F1/SanityCheck.h,0
Marlin/src/HAL/HAL_STM32F4/SanityCheck.h,0
Marlin/src/HAL/HAL_STM32F7/SanityCheck.h,44
9abe9aff56d44d42c9dc52679cc9f17592cd0bd4,87
7e0008f5b3fd3974200af2161e88f5a1d14eb7a4,1
81c2c3ec1123c1b16225ba58d905b592a417a3fb,1
c29820f649dde443a6a768c5d8a155ba9cc024b7,1
a2b3ad6d0a4e7b238288b01b6f282009a72f7a53,18
config/examples/Cartesio/Configuration.h,38
config/examples/RigidBot/Configuration.h,5
config/examples/TinyBoy2/Configuration.h,29
e9d9cf2b5bf2cd5333eae814fe020b16fd366de4,7
1de6e7fb9d7a4eef4f10125a05ec608aca9d5168,1
9a56d901509b29f42d96fd46bd9b5e19ac8979e8,4
9cee81d47eea0c8700e265f10f103ca99499511f,91
3221658a7819e9f7797c5df327eef88c51a990e9,19
config/examples/Cartesio/Configuration.h,38
config/examples/RigidBot/Configuration.h,6
config/examples/TinyBoy2/Configuration.h,31
028b78f623aab464e040aaeff1da04123dd84c0b,0
Marlin/src/feature/power_loss_recovery.h,0
cf12fc8366f2ffbc3811173769d5428236af0dd9,5
Marlin/src/feature/bedlevel/bedlevel.cpp,6
Marlin/src/feature/power_loss_recovery.h,7
bf7b28b45661a8f2407da7b5c7f527418f4de716,1
27693cec29e4ece70ad922ab31624fbaa6461a9c,3
3c47e1b4d15ab491e37b2bc4e2a4968fec27125f,3
Marlin/src/pins/pins_BLACK_STM32F407VE.h,14
0dfd76ba55d939920ff7593460e0a9adce6e41ea,1
027a901bec058207788b6d2c2fa474dfd55d7c8d,2
692a0198f941e34aa02e53079694a10e4ce35fc9,1
63d95862faac6237845a73337e793f452859fd9a,1
0992d1a4c8524abab8f800f64ebb525797f532ac,1
cd1ef33c8c9977f0299c09ee4de792f1f0a27e5b,1
72c77517684fb26bf2c322cae2390f58909fb861,2
cacec5764aee0d1fb5b439d550287970e19f1686,7
83e214478e8f945acfe75b620b193f83341225a3,6
240ea1bbb330744a4cd67d39b7c3d50a689cc0a3,11
27a4927ed108c027df5210308f5ad3974059faee,75
d44e5b1fdeb4f5d6196ed0f3afe3076eef90a3da,3
10b9632bed6ef78ef2460b71526111d89b4113c2,3
f1810689ff647edb66cea85a188a4b690defb0ae,1
2d5b93e850b7c5d73546bd4634f548f74894b630,1
b21ca53dfc5921f1df1d658a1f93bce67ff6a191,5
af92ee9dd6e66e4b0d5a50be85d14bf34964a2e8,1
5d2c5877f7e772119e3faab3d412e9139881d21b,3
2aa35e95af74af3b68de47113051e44f07a4b304,1
20a41e2f7bab7ccd0602bdda10d40676acc4c278,1
46445a5a168bcfee58bbf0a1f9f56581ad0b6de3,76
2cfa9e900816dbb53ccafbd411fb7419e71e1e27,1
a0a5c31c055419f11775918f4566917bc4f223f1,2
8b7c3eec833058debf6959e3cae2d7e5a2c94529,78
fbc7b51a24c9b8832815522c4a7cba3828207319,1
5de7b5b35e571816958ce9b0abcc86c4258cab09,78
4961d8aa3e446788f2dab5d3d49ee48871b332ca,1
de0046fc8be4aaa6b84390841f06f3a3a891e28a,3
c9079165eeea9bffd01dc67d58ee10cd89c351d7,1
04086fc455c6398814e9d53cb01b81f3af6256bf,1
a3f67acd6dfe33f3533da2b2e819a8b5756e2ece,3
d992dfe7d59b1ec24e1c40e22f05e3f709c35b22,1
b1f739e27ba2a71745fb57f65c8c780b8b43b37b,1
5679fae11efbc7e8b9de2f0e68dc9a879757ff88,10
Marlin/src/lcd/menu/menu_temperature.cpp,2
de0f35f2d943d3e4889936173c8f53d92601580e,1
f0d14b83bc9aed3870ed28476fd9a54458fc06e8,1
Marlin/src/feature/power_loss_recovery.h,0
c6466c23fe256669659bd744bb5fd40829936f93,1
7240e3a68fb88fc3804b07070044081c2984f78c,75
6d9aaca0828cab5abf0541394ebe60f04d01c989,6
c6dbe6e9d67f0de11d2862f7cafa10f1097f73bd,1
e40636a7c1be913d59fac7d93dd959016d40d095,11
5a2c68e995dba07a50b35159f43941ed03d64520,0
b46ca9aa94bf49ec294930925d15d4f7a2bd307a,19
config/examples/Cartesio/Configuration.h,37
config/examples/RigidBot/Configuration.h,1
config/examples/STM32F10/Configuration.h,3
config/examples/TinyBoy2/Configuration.h,29
eb91f08725f72f104c43f147ae47e496d43def34,20
config/examples/Cartesio/Configuration.h,37
config/examples/RigidBot/Configuration.h,1
config/examples/STM32F10/Configuration.h,3
config/examples/TinyBoy2/Configuration.h,29
fe346cd4d112392281d1cad6f4f2ef32f7b49b8a,1
e3ab54753b236fff303b65f07e2369eb28c9fae7,75
ffc2c2d7c5ced5e6e4cb33698d30a779f3bcfe66,9
Marlin/src/HAL/HAL_STM32F1/SanityCheck.h,0
Marlin/src/HAL/HAL_STM32F4/SanityCheck.h,0
Marlin/src/HAL/HAL_STM32F7/SanityCheck.h,6
263f8edff8c4b649322193876e04442f15e66463,1
6bd0a0be97c40ab80dc339ec16d02fef7c3a9e6e,2
13a12f8a8795c646510b0331ff4e4ba67cd80ce9,1
d2e0c03afbdc74b093184929348db7be67342494,74
7462fe3068632c2e2bc2d0a33d045a7f74f432a4,1
0d3ea59bcf515787310ee2b7cbe6aeeb494bab92,1
ef3b93daa11eaeeae7830436fcec0164b1d6fad6,1
aacc1148b0256c5691b1fada966f3b16fea7c976,1
c5e96544b59da318fb212dfbe5d50fcea9051294,1
02dc72acb6a609761b0655953d2687bf66612e43,0
Marlin/src/lcd/menu/menu_bed_corners.cpp,0
d96f7d6068082a9eebc02ba6aee185219ae71fa4,75
380c771988ff415d48cc06df74b6c86967087016,3
32332bcd030d327ed6da4754a94a4012162d7ad5,2
407202cc0f67ead32cdc15ea3551b83d142e1e31,1
a0ca98f699b424dad1e123b89194bfbbcb3e49fe,3
a8fa275dc6e9d0938da4d83e8e9d9ac3a527f12b,2
5eeffab5e5ae5b46d027a876e923a8d8b995c11e,3
d8329d858d7d2c2b2a9107f99df39a93816c0841,1
Marlin/src/lcd/menu/menu_bed_corners.cpp,11
9562a02c5aa238be5eb17af151472ad7ddde6347,1
70e6a3db8ae566553d2eb02fd9f7b916bd34fa8a,1
Marlin/src/lcd/menu/menu_bed_corners.cpp,17
config/examples/Cartesio/Configuration.h,37
config/examples/RigidBot/Configuration.h,1
config/examples/STM32F10/Configuration.h,3
config/examples/TinyBoy2/Configuration.h,31
f3cf95a937efe7052f41eb003052824b73445bd0,1
144018736aa1e0d466e0c0693cf7992190e4981f,2
5b2c37d6c1318079687eed6e14aecd3a4ef2ce47,10
3fb8489ae333b76412f38d48d6475249abcdfdde,58
b376c7e374bbbc2cb69b6009c619f923f42f84b3,12
Marlin/src/pins/pins_FORMBOT_TREX2PLUS.h,6
58bca6788374e6a0fcd8b3a5c513e1ad520b9a10,5
c4443f885e09291147c10b7e3062847a365feefd,1
d9f0ed8247e7d1d41b1ed2b3c70339cac1c8e221,1
691e5c3bb8d04b0b6690424034d73ade19e91586,34
config/examples/Cartesio/Configuration.h,37
config/examples/RigidBot/Configuration.h,1
config/examples/STM32F10/Configuration.h,3
config/examples/TinyBoy2/Configuration.h,29
49cf92dc36424cf828436f32e72263eca39a1cc3,17
Marlin/src/feature/bedlevel/bedlevel.cpp,9
Marlin/src/gcode/control/M17_M18_M84.cpp,118
config/examples/Cartesio/Configuration.h,68
config/examples/RigidBot/Configuration.h,3
config/examples/STM32F10/Configuration.h,5
config/examples/TinyBoy2/Configuration.h,55
d20eab4f8306d737040df6cd986ff27bd1230e7b,1
59353546e81bc7f54724c04ae597f7663eff798d,2
09eb30dc05a727e3816ab5a407f02ada18700e23,7
Marlin/src/lcd/language/language_ko_KR.h,0
Marlin/src/lcd/language/language_pt-br.h,80
5c1aa5162d9b7dad67899aa2514995ee99efcdf9,1
ad8b82d05449a08d128913da69eacf09868f3a40,1
3a916b4ef29b3ae5db11e2086878089b05f80537,1
5d3928cb01f447d291129d3a9f2bfb50b367474f,1
9a515cbd3268b30eb7a4dc9ea0f96f3a253d9063,10
Marlin/src/lcd/language/language_zh_CN.h,0
Marlin/src/lcd/language/language_zh_TW.h,6
f5bcc00570bd5ae2ba0deaa7af0ba4d3ce7c3b02,5
Marlin/src/feature/bedlevel/bedlevel.cpp,19
cc8a871705dc2c3d888e2c617a51b6b4c223f236,1
67bee06e4371fca6511aae99125337b6e63560d8,21
f89b375fb9ca9730a4165ac3bf9f0f9dc100a338,26
87162658c4fa264860d36e02b7d27acb0886c5a4,4
Marlin/src/gcode/feature/camera/M240.cpp,8
6214c997c0800cf47d2d786ee4e338900c576d51,4
4555ae448ffcf04648ee5ad63d60bfdd1fd4bd93,3
a5ea3e2f15a1b6cbfc2e55704475a537d7c0602d,1
8e0ac93d60a9f723e75be8d4bd22d04592c6ec26,1
0278ad0a6d4bc49bf6343d5e61b695cf57601c53,93
c03df89921ba0327dda27c5df52aadd3754074aa,1
Marlin/src/feature/bedlevel/bedlevel.cpp,11
050eac03afb67743131b5537bf7464e3dafbce23,86
ad91476d26c098d83c8d48aefb98369bae08666b,1
d63da4592d67f393b4a3d42c3916516092741ea2,1
51ff5b68fa7589f711958a71df149c18c04dd8c0,9
388babbcea0bae7fc5653c01a4f220fd03a6b02b,1
d94e077901e15557e94f64640adf37e10defb7f2,9
11d6a939df86cd40a989d0ece33505927d4f93dd,2
10c8c034bdc529ced1d0b70b5f8a1079cccc5f66,4
31ff7da7acc45b4371ec82daf591fb73bb60c5ab,18
config/examples/Cartesio/Configuration.h,38
config/examples/RigidBot/Configuration.h,1
config/examples/STM32F10/Configuration.h,3
config/examples/TinyBoy2/Configuration.h,31
0375e92847966977b9dce02dcd1b2f9316d2a085,1
013bb469ca4d302fe7c67a8d2d01f8024383456f,2
e52bcc9408f7ff207140d6fe8c9155237c3ca21b,4
Marlin/src/lcd/menu/menu_temperature.cpp,3
98b55421a524a0ad1e98839e80179452228971b4,18
config/examples/Cartesio/Configuration.h,38
config/examples/RigidBot/Configuration.h,1
config/examples/STM32F10/Configuration.h,3
config/examples/TinyBoy2/Configuration.h,31
785a7028bf035b773e22659324bacc186cbae9f8,1
aa1d587128e1bfbf09e9c27dc19ac5ebaf496713,7
fa11427ec6da79addc22f0c2acc06b0664bab4ca,10
4df9509eadc88b062181e3626ab72380df2dd288,1
1f7e220387e01d8be9b370396c2c5cc7e0b34f56,15
e3ce346f2436d4450b5b1582d0eef18deae047ec,1
77b41761522b9aa6dbce19b358fae8e800f20fd9,1
3419099f0a1c3b7c558b93a4562071bfff23fa45,2
4c43e6c48b13af91b29705d256d7cbe0085b21a8,1
b824a517aaad62001cf815e577b2f383f4766402,80
e4d080e63cef6d3c001541a364442cd307743ae4,1
c36989c39e81dfa53f4ae324ef77501c753584c9,1
12503fce063d968de4316254f91ab1eb39ff8b48,3
33a08fc6f76465c1e318a7a1046c65ceb661caed,2
2efbcc90c5ccf41337625542e3add1ad3e747de4,1
60e82e3929bfd402384e7dea9d737796c96fa07f,6
00fc43144af99b257cdc5e935a50688a3448ace2,10
c7d618b4d99fceae246b8d93c9d19d8f45b0a0d1,1
d54741eda853153ca852d06024deebfa9c343a90,19
config/examples/Cartesio/Configuration.h,38
config/examples/RigidBot/Configuration.h,1
config/examples/STM32F10/Configuration.h,3
config/examples/TinyBoy2/Configuration.h,31
fb3302feda2fc07ac761710f7528dfbbcf9497cf,2
dbead66988b138e67d0e8cc5901fa38672feb390,80
afbec5ff7eb1a88ee8b03111bf5976539d2697d1,1
645ca7af7ac27af9d6690659dc71ff9867b34b6c,19
Marlin/src/lcd/menu/menu_temperature.cpp,41
config/examples/Cartesio/Configuration.h,68
config/examples/RigidBot/Configuration.h,3
config/examples/STM32F10/Configuration.h,5
config/examples/TinyBoy2/Configuration.h,55
44571775bd7eae600e689ce0f3d02f851e9cc733,3
Marlin/src/lcd/menu/menu_temperature.cpp,2
8d950194427e2920caea908d2845d53336cc07ef,2
893ee68b52ee21fe82ecab4d480a3bede231f86e,1
39f1222060fd34ec8e61159432a4169811b10d5a,1
543fc4c117fff27529ebb1c6508236a2f5f1a484,1
cfdb38eda4b4d993bac4a0e8600e776429b42b6e,30
4771e372a1e7c941d58ba437d7078c75b2c9292b,1
56fdcf93d1fc8470b442f61c7ec8214cfadcb37e,1
7ce13a6ec102eb32d15bcc70a532ad367a8c034f,1
6df51201ae2a65b75852632e3cfa9e9cabeec3b9,1
2e5a3b01fd7e6a5510f0f0251d0a9cc0f63c79fb,2
15738ea506a5dab194bfbcac7289527fbabe3fc7,1
bc87e97357496cbd84b855450c33b3f94124fb3c,1
2212da453aa8a575df529cd4333b5248d9bae5b5,27
2513f6b5501b6f9fcc9f0fcfabae0b119cb1634d,1
38bef9da9196ed261bbee7848ed84b7d3bd071fa,2
367d392880a13d337ebd518dcce29d4717588bbf,1
bf8b38e0f7f0b3c598d782ac45164fe3ff2729a3,38
config/examples/BQ/Hephestos_2/README.md,3
config/examples/Cartesio/Configuration.h,76
config/examples/MakerParts/_Bootscreen.h,20
config/examples/RigidBot/Configuration.h,3
config/examples/STM32F10/Configuration.h,5
config/examples/TinyBoy2/Configuration.h,17
config/examples/Velleman/K8200/README.md,3
config/examples/Velleman/K8400/README.md,2
config/examples/WASP/PowerWASP/README.md,41
d71dc5cf42c0055a553ec14d1a400a8e02c334ec,2
7640b328dfc0cbaca39e9071029d0b111b8fbb77,6
599cdc3f0fa0ae2446bce1f7ca542ec75c5fe172,1
35ae5daf2da7510fde485da755aa80c6a916a91f,14
3f36a385120fd3db0b2f6ba76cfbd8d235ead6ee,5
fa0d909dd3c736868bc5fbddfbdd2a6a0d8bd248,1
bd4160dbafbd2be4d7e77f701793611710b9a8e1,1
71773b128db764afeccb3c782c5a8bdaef175042,6
edc4e037c4d244d9c310a82000151d142db1f302,1
57afd0ab37060795b8ae5a6b868a918a2ee75810,1
05c2f8082683bc4813f16f9c460182666a7966bf,1
b0553d2d970f0d4d36a7bca34ccb7e4c57505575,5
fa236e9718cd2feb85a1986b8f56ad97cd2f4871,11
2f1e1dcb42e01165e800a5d00c769efecc5a9933,10
99d0022fae0efd9164946062bf641f7294597675,101
9a6b90f47d60cb2c231c1a9debf818a7c4082bcd,1
a2e3226597ee5fea26ad456d0287eeb223d78d86,2
4fbbce9a35f77289798c02e4814c4b8d74c968f4,1
998ce55be033cd83a4e5629c4b51f31b23a992d5,1
e2e2a55d9bb9e6202f6e24e913f19d9d645f406f,97
5b7ad3a5a0dbec27329fd96ef0137c739f1cda69,2
7fde3ed915dd1985aa420a0b009869c7184cef71,1
7de6476b3d2d2a40b7d0cfc0fdafe077fbebc43f,1
2c10222e87925afa0c4adfbd15321866fbea23fc,4
4ab433d39136ed8c94a188a6cdec70c24432944a,78
ab781de5a06a3e88474a33f0da71052db9338184,1
eb4bf93ea42c4c83335ca9cef21e78d0c752213f,77
f37df28d1763e054adf2e399858576d71f3c1c76,2
f8a39919fa9f1f5da0d66c8f1245bce80e5fb6f9,4
ddbe4cfa20165b5efcd8fb28078083261136cf72,12
4200f9ed62ce3ac8de14bc86d5f991d0508b885f,2
dc88747770cdd0ab966e2790ca1168f32aaf236f,1
2356970a919b1b7152693b2c81ed158d32e27afe,1
a79b9bbe6bf53a066fe536b3658093a304390fa3,2
2616e4d4d99b6441d07ba066778cac8f4228c3bb,1
5d28575d4d113aadf2f2c5a341b898e6a5b62d2a,4
808b076000e89fd7dae071bd2e4899833c872af6,8
833c2e54a135c38feb438cee397eb83eaec3710a,2
38363902c73a5be36ca41d039264f97f32705633,1
64253e1a581dedda07e638ea3f17c519037df7f9,5
92a4984066bcb0e157d7e1c7c5421de4c1fd684f,1
e15354e387cc825390fc4eaaf3ae4b784a8fd588,22
88cc1d1a31f7fe21f8a3796878d2ab22e2e66603,1
76e9ee33aa26d6b268387e2128e5993d4b5cf92f,1
562f2321d282eb16d538e6098b0155e0d91e7e4a,1
edf025ed8ddf4571dbd4445ec0d03c8e28c78651,1
02fec89a0dd671d08d8718ea3cab90177514c41d,1
15aa932aa6becbcb917cd0bd547dcc5ae0068b82,11
Marlin/src/HAL/HAL_LINUX/hardware/Gpio.h,15
Marlin/src/HAL/HAL_LINUX/servo_private.h,12
buildroot/share/tests/linux_native-tests,4
5eb82ca6a84066107c97c4e16f387a09c82a0ec9,6
109e67169c75d1b58b761725d1a568ae7f42e638,1
31b0be74af825c82f9686720bd91b4be023785ce,1
f6ab62bc13ddca007b031047b55d2d67ad40ca4e,2
9f5e4e5ad812e39f846759283c1f8de2c475f7d2,8
608a6810e74ff425b564014dd3d956147ced245f,1
80359c9937c98bf6a3e9f218814a44b68b04f6f2,0
Marlin/src/gcode/feature/camera/M240.cpp,0
a43e892fb5f180e9ff99815b679b58ff9422deb6,8
631d867dc9ef9e203e2e74479038974304ce1d68,5
89bbc30a09b854c1fa20f63113a92c33df65e19a,2
44c22e3935cd3430239f6e1fa56a23da177ed443,1
3c9a7926c22141fbae6e5c6c8538a4894bd15163,1
758c6c9464f46a7636531085e010312442b94b5c,3
422dd6666e23a7ddabb2762fe07ca89e51188205,1
03e109c4a392bd6316135e9c5ae7ad01ac3af765,3
50917ccda67b9f5b40aad115fce18e28c8455aaa,2
ba39186364b69f7399f33b7ddb1115db42c6eabc,7
1424b368cff168b3402c73b7ee98cd64ddda8375,72
3a1b6fe8c19d22a15f9dddf012655fd5235bcd0f,12
Marlin/src/HAL/shared/backtrace/unwarm.h,13
Marlin/src/sd/usb_flashdrive/lib/Usb.cpp,16
19af90face9ff836a4b6dc24a2af055a3b6146a7,1
992cdc8d14e589cbc6d5fe5b4b8fca8e2b4e12e9,1
33a6d529654150a95bc914bdedacb97b70d56bf1,1
52665f54adb01018f495cfc452e6f742281bffd0,1
18458ec42ba79818c0095acddd03d65d6541367c,1
d4ed9b3ef12436fc504316ee24b027e5fa7b6dd2,1
ca7b2f574f95c40a223713897b2cfc0622e91e1e,1
208ab8b36617914614a22dbd7d9b3d6abc8f763f,1
567d03a2693df88346e15b9ed24cf3a78dd79f88,3
c041eec6998b95ae5d52589bda6abca271b9446a,2
27203c62b88cdb8eaf3f6e306103bacc53c4a3eb,1
3025ddf179aa192043f216e244f9f71ccdaa8ba4,3
e00aad84afe1660bc27da6e3ea4db1f73a183474,73
Marlin/src/gcode/feature/camera/M240.cpp,0
31c240a8dbef5c315fe83b134a18b6b4be6e3a68,1
84fc400abad3e82dec5b15ca0df3d8dcc56395f6,1
ab2816c870d4f5a623b45c61bd2dca677ac35c24,0
Marlin/src/gcode/feature/camera/M240.cpp,0
d2bdb71c13fa18957638b137395200ba2c28e1b2,163
Marlin/src/gcode/feature/camera/M240.cpp,4
be9a409980a71e6dc15baf363791158b49d7450a,3
ce40c2e87c92c9c4f86ada6971b542994facfd84,3
bdc2f10b90343b4796e5ecd31537f2c02258248e,2
9f0e1834ec7c9b0d5ad56fce0def9d3e5bebba3e,1
1ace97e94631e8511aa1e23ddab93ccf60ee3e00,1
7cf9b93f26f728f0104dc9b930f6b23096639d98,7
Marlin/src/gcode/feature/runout/M412.cpp,11
Marlin/src/pins/pins_FORMBOT_TREX2PLUS.h,2
2c8d12d3ec229c658ab22f4d231f1fd9f8381dee,2
c2b90c44e4a0449cc6218346d1f69ba7e2ca81a9,0
Marlin/src/sd/usb_flashdrive/lib/Usb.cpp,16
a0dadc8c6238de8760dd57f408c0343013e4f4b9,1
18996d25956e82aeb29afd8b30509643bacbe0b6,1
e56c13670d4ae40339c3a7af61aef3ca08b4128d,81
7f1b69b0c83ae914ed9ae35fdad9f79814069652,174
Marlin/src/gcode/feature/runout/M412.cpp,14
0feeef26048883640b37ebe3994730f31ef6e922,74
Marlin/src/HAL/HAL_LPC1768/MarlinServo.h,0
Marlin/src/HAL/HAL_LPC1768/SanityCheck.h,2
Marlin/src/HAL/HAL_LPC1768/include/SPI.h,45
Marlin/src/HAL/HAL_STM32F1/SanityCheck.h,16
Marlin/src/HAL/HAL_STM32F4/SanityCheck.h,14
Marlin/src/HAL/HAL_STM32F7/SanityCheck.h,250
Marlin/src/feature/bedlevel/bedlevel.cpp,48
Marlin/src/feature/power_loss_recovery.h,48
Marlin/src/gcode/control/M17_M18_M84.cpp,19
Marlin/src/gcode/feature/camera/M240.cpp,11
Marlin/src/gcode/feature/mixing/M166.cpp,8
Marlin/src/gcode/feature/runout/M412.cpp,84
Marlin/src/lcd/language/language_el-gr.h,10
Marlin/src/lcd/language/language_ko_KR.h,2
Marlin/src/lcd/language/language_pt-br.h,6
Marlin/src/lcd/language/language_zh_CN.h,0
Marlin/src/lcd/language/language_zh_TW.h,4
Marlin/src/lcd/menu/menu_bed_corners.cpp,14
Marlin/src/lcd/menu/menu_temperature.cpp,127
Marlin/src/pins/pins_FORMBOT_TREX2PLUS.h,11
Marlin/src/pins/pins_GT2560_REV_A_PLUS.h,106
894f5c24a8894b6344d2f88cc03d4d977f4af178,3
bace52afd7de9e5ac2fa503f813cd138050d971c,1
584f9cd449f7787889e67d615e72015fc599f697,1
d9a3fea022db12c290789acb73ae7c0d3a06ab01,1
773fa5c40f287d81f9c509405e8be22c2cfb3905,1
f7efe6f6c5fc57ff1bdfd3dee6ccd751898d5e84,1
2bd6ce4b629dac4660cde0e457f73a3524b724e9,1
27115ff7ebb38f9a0e088b4b56f489a206edcc9d,1
08a8bd10ca27200f9615ccf2d9a7ea884f4a5c02,1
3e2a4c3b26af9c01f47e49f4cd6fe2118dec2640,1
8d271f20febf09531ceb6da53beec2d034e669be,1
9737608f0a70826804843e073d936294f925bc6e,1
Marlin/src/gcode/feature/mixing/M166.cpp,0
5cd0fa3ce1ea2e6839c2a19816b16c821fddc8a5,10
3983cacbcfc94ccb1f47da1246801bf1d984e849,1
43b29c093bfd80671a16a6697309720c3dcb825d,1
166e567ab8ef018c5b84a1514a885e9c785a1f60,1
6de3d3437849c0710881311bc9ad4069b0aee55d,96
Marlin/src/feature/power_loss_recovery.h,1
Marlin/src/gcode/feature/mixing/M166.cpp,15
7ee35c261102a8ed2db4b77a45ea7d4b3f19d416,90
936f982392f35221587e9345114eee8953ffb489,1
0e37fe87767c26675d3e320f2d0eb03ac9af1a3c,2
5a316664e54b8be68af82799817bcdb85f4d419a,1
fcb16ceb29c3c5d9b5edcdefbb812f9fe5083e05,1
9ae7cca5e969986171052dcfc1bf065a2410245b,2
f3b6cb4d34d91629939dcc736f916c039dfb8bea,89
ae03753ef1a2075175a8f6f1564bbfc5df6a3612,82
95d3f3953ad24d02ff6a2bf7ee0dcf15055b5fea,6
6ddd81c1786985c1a37506543a3de9ea70470c06,0
7c9ff322f36650869fcb660713a1c0be2f4678ab,1
ce8cb6a5d91460e164bdcc886448795895d898c0,1
f269766408fd87a95dfb36df6f30f550235b32e8,5
e1604198ffa550f1eed2b8f5d39d51fdc0c2762f,77
113af46a1b0d92a069dbc53593d5da215a727d4b,2
413e303ad53caca43c123fbfc8c3ee7298ee9219,75
Marlin/src/lcd/language/language_ko_KR.h,0
Marlin/src/lcd/language/language_pt-br.h,5
19cf72e057c65a92ad12a18cd6926d0fd260641a,4
d81342254a1fb8b12ce7d86cde574d7d96cc9871,165
e1587da228c38330422518ace720bd92a9f23f94,1
524c6c10bf52b9956ca2f68eb3d3074e5cba0706,98
1bd9a630492e0b029c39e4c885c6a1f49dc0c6ee,9
3c49396370a38b43e51694d4dc0b3708eae24536,2
ab6908a513e9ffde6caf41b3f65b6b9a31e8b355,1
69aaf5d096e96639a8951854bf6e00ef7f7d9fdd,2
2f8e89adc395c59678ba0b4a8b2f65230371a732,3
870757aa17fa1a8dd0bf03de1e82d1bb06295ce7,1
b96cc30cd04fa28cc0833973a9c4c3f423d44eb6,1
9e394139e5f6ffc0e9fcd0a0354d85b598002427,1
b35a7c2c872eab907fcbd986e9969142c301f86d,1
691e925adc9f942e92e0a9ff02619670dd12038d,1
1497fb388a6f168e5fbf3e3f4228dda804a0602c,0
b5fd2fb58b78f4262cf9eab6e292175fe2a054ed,1
c03bac9ad4d5a32b0c20054ae81998e5a3786af1,1
a49f0205eae59dc0d0bb1a18d311a5dd4dc4d61e,1
9091110460de29f5ce619c748799cee67038a0a5,1
10d855cb2130d44dd90079ea6812d560c0562c38,1
d97bb4c41c5faa4f95bd6b34828dba6339ff5a8d,1
2f176d6fb8b71e33b7dc50a86e4f8dfa8c2b27d8,1
ca73b2f465f6a305e913b5327eb95d8021e243e1,1
df1043516e4c94ecc4bc166367c5b3474061aaa9,1
4200bd2fc12627843027b9961ef7a96f05e01340,2
e10943d0d85480d6da4e446c2c44abda4f9fa9b4,1
d4d1b28a06caa57d26e300c1b814b2b8b62120cd,12
0d720a6ff4de7952a7169521bda7d6a607e496a7,1
0a7ea7063f82bc914e5cbfb55f0db400d0c3c936,1
afe79ba22b2f880c8743b0b73fd4c523190e0a3f,1
fdb97a3e9cf598d7fe8fee01fd5fce798f837879,1
433518de745e931fb2c739150b1d5a6d30ff5390,1
5cfc1cdacc52ca9e09e40872ab2918d0d88ef0f2,95
3c88cac2e9a6231afa7085394d4b268f0bcfed37,2
6fb4001b586467ed6965b944e2cf853c4afeac7b,73
ca1be02bf02189312f95d1df2231370b3e102950,3
38c2ca92816b6e6af568d55002070f134da26304,70
4d1093b3868a37ee0def13dbe2785f3ce98fcf6d,2
4fa1c52688917b139f1a2a68dd9028a592d4567a,10
a5e33846916e5415146399d03eac334fc5cc71c8,7
0358ffcd4caf64b7e78449a4c184ed5b00dfdb72,2
95223cb28eb203201b51ca7ee58cf868b2d64d3c,1
6fe39e61173f91807f5d2b5e30cf8c3f3ac86e8e,2
c3cb449990e037ca02826596d4b54aafa51db55c,5
f6edd2c4724609b31c97d09f358969746a1b2726,2
68bbac207ec50cbcfced832b98a9df9b524dc4b9,1
6a57d0b381db99d67cccd48135cbdd2d831588a7,180
996f7d1642c8d2ca47ffa0b7e81aacc4bf4683ca,69
988b5aa4e640a2ef551b4b017cbb3ba8354f8995,1
7d927b66913c0740af691c6bbabb4c5f995ce1f7,3
31e213e427048860cb254cce4e9dbaac50014229,1
f0503372d90469112547f609f0a120108b6497fa,1
a1d03fe7ba62c3c2832b46a5a3c0c29fa6fc8251,1
159d7eefda0c7ad55691b36bb9fe4e39ec0fbb28,5
97da6c1da53817c8dc590308ca34d1a3de6981b2,1
17a8c3714843c40cad5686dc19e76a285f848aaa,2
ddeca7a358a525615cd0fdd6343bf733b08eef01,1
02ab66fca36a3fe981dce3cc96f3ceb9d948673e,3
a79d80c78ec53f50915ead10e657a7e047bec4ca,3
0da636e1a31ea1b93744425c40efbb8bdd6643a2,1
3845baf398badf4c8ada016c92702e1e2fb5eeea,1
48a3502656b29439ae7172d24259353dc3183dd9,78
621fbe99dece0199c70ba7763d6d5490e8b13ebf,1
f214118e45af0ed701b9c49092cb87c42be1434a,91
aad770bce82a32e747cab044d5260758ecea5cbe,1
3f91233f6df84d46fd9bdcb0ea38ceeb6d983623,1
0e0cc13650cd9174114baf02b06a98310f976b6d,1
24fffb8d93e73cf6030f9dce2440981a9d8f6b1e,2
8f9b246d0ec0bf2d0703ed2456ba00820e4a57bd,2
808df82b361ba1678d2cae29d07458584eeece61,2
ae91914260db6da7202e467ab84a9bce5361ce59,68
2b54e98f5099fdfbde7ff6e0287ec0e25119abd6,1
0eca236dcdc68eef6e5f4d6a080da5dc4bdace28,68
f4d1f13358426336695100c253c151cb6036ca0f,2
aa74a900f54b73a336a163c6d10c8c772d297575,4
a073293b6a8967beec4ad58951fe4fe3386e6aca,1
2117a45d1a5c0e5dc4095a394e7d2d401a2247e8,13
0f07ba4f093f5a010955595738ca8b6c833d2e47,4
00cdd41b5f048aee4f1363acfe477e9bc5ddd010,3
7d53b79596a9d70233b891b2b69cffa1b4a92e05,1
18c32996c1ac9c844d571941428f8264afff0c1e,1
7c1a5e3c47cf85b60f24acc729682c89376fd39f,1
b4994ad12ed453184dd2fd36e5326e3fc7c3bd5d,1
2f35747f294c4b3dc3e6920b34e208f89bd4841d,76
Marlin/src/gcode/control/M17_M18_M84.cpp,18
6453b82a5ec3354ff12928c419d668b8821f2774,3
48a581ba2ed4e73e3b2960710852b6cd77d05db8,1
f7d96c5b281590b8c7537c758ae1cd48ad9ad9c3,1
54fdf57b8c7365ef13be3739ec7ff9218e26db5a,1
dbe4126e07db6cf4e96d984c5c8b961b3c776fdf,1
e5801b75f89254d088b423499719b5ccbc48cb0d,3
bb309275495a1e388c9ebbaef09723f4865a6995,1
dc65d96aca9b53001ea797152a1d6f2cffafe3cd,1
a1cf49935ded121d5db26175f706a01dda9d6feb,4
Marlin/src/lcd/menu/menu_temperature.cpp,0
75f2665f2e979da75e3c82db841b709b635780ab,3
Marlin/src/lcd/menu/menu_temperature.cpp,1
e1f951813a5552c202cd1d291dc8884af94c6a59,68
52108192d1181da5275ab5edcaff0e0c6495f3a4,1
0495fcd475876f1b03cbc83162aceee44a05bfed,1
Marlin/src/gcode/control/M17_M18_M84.cpp,2
c2cf8ffa8239f25c719b6bb03faf00bb94ddfbb1,4
4e5a915ef897d22d2f3fc6d101a98a5c175250bf,1
a5911765c3f38017fa017dbd00e2761ced918ef7,1
99e5e8362faa40abddd7a19731978c9b02e144ef,8
641168036441aa11647d4f8be1e6ccb333fbf179,9
8a3f1d693281b11c957ff4d213bc28d666eaeebd,2
c6991109b7fe49d3362717ab4a528df20dfdfc98,1
ca9eb14f6ada918d9e6b58740012071702709c35,1
acf266fe781d6d4bdad7beeb387b70c24cf2e213,6
424aa05cc27ce10a92d014146c90adf3e17ba168,2
ce563d7c2e1f61dfb76f3f14e125b4f74f6d41fe,10
02cc63d6d428a537a9062ef28d2eab39e74a4740,1
f4c16e683b63f4be505638212455f13cb4215537,2
712e23c3835b582e9098fc8e9f0b13d8fb0fb5a9,3
20c20dacb7efa76ba2e669cc439944c2f4eff538,1
7bb5d4bfe85ce05563d6620714949fe6821e0b76,3
e6805582a67b106691423a35ab580bd6b0895949,84
d08f27e27b63cd871a54758350a76df745d5402b,3
cdb562d558ae69f16b01dbbf773bdb61b27ff1dc,1
8f4c6e6d1a271cc0d1d310243941f4b6ce1cc863,1
f11c6d5d02a3992e95c6450a8b7a062aab28f180,1
64a4649290cf3a5af3405d997d0130d1f7bacd2c,1
294521439ecf88e7ad00ee167a6c16b6a38ea966,2
59b18aaeefa92085c2148744388c30bdf8c3d234,3
85f149befeebde5e67e9d0241d2708c30a356640,4
7fde8d9d1e264c09246b0c7f64fc5c56b3752cd6,96
3644c940bfb443ac63e3c8c38f76dfe7c7e76632,1
1a79878dff2d4846b1f58a45b8880a346fb9cb41,74
Marlin/src/lcd/language/language_el-gr.h,10
Marlin/src/lcd/language/language_ko_KR.h,2
Marlin/src/lcd/language/language_pt-br.h,5
Marlin/src/lcd/language/language_zh_CN.h,0
Marlin/src/lcd/language/language_zh_TW.h,1
7cfce20cd347b8b60a5643f4a9a4be16379743a2,1
dc4786a5046de199feb85928027facd4c8149142,3
3e867008f0fae036c5ad40960f379111d768d290,5
eb78aed863cf20cc02f07b8c3e47d27ae4ed91dd,11
Marlin/src/lcd/menu/menu_temperature.cpp,1
ed3ab5e212b96e259c0fb1def783fde06c35d0c7,1
f9299c4461d6da3a0ef24ecabdfc8529ba015e61,1
082f6a27dece8d1883751d3f2af1c2b0f0b6802c,79
Marlin/src/lcd/menu/menu_temperature.cpp,8
459f4fef6033aa48eb7bc188a42025841d62dcea,1
a403d9a50c43f0c6b8aa16156ef7f5adcce99260,11
432c21456f89881023dd4203796baa559101bd6a,3
fb8111553e1e2622aa739be933ed6273c83d4c56,3
2919f3045de2a7faa35b1d8a2c1709e9cf5ed993,2
19fea772e5eba0b850512123f10c9c72868d75a4,4
0d30ccf7671629eb79f1038bd5aae68ac2d56a91,2
1fd8e2c6492bff0448450303ebf544f1bd89f064,1
b4020400595f5fcd5cfa09a370905255e8c6a7fa,1
1d33784bf90dc985e9b467cb7de87986bf58340c,3
a0ef6198ff012b046a680f9feb535e1941a9690f,85
Marlin/src/lcd/menu/menu_bed_corners.cpp,0
8ae6f1e556b306148102d4f749b0c12cecf4b355,5
e6484d9dab9f9468fd59ce06bae3049f7bb39228,2
5f2d75f45b558c1eeeb18b0e80ac29c328c7a226,64
da42f27c9e6ffe5bf2501c78ad23edf7a82e9f35,1
de4561c9804e10bb1a649dc01b6392281171179f,1
917cf3c7f09f1755dc2bcb80608561b21ecb1b19,1
709a6356f78ecec41d079823f2ad230cb1ddcead,2
bcf347403b13546e591e4f80cc06e61812049703,1
ba7e35cbab8645497b1feddb29d1d02be5dc763d,65
d372e7e4779ebd233d9f0a6dc3853fc1010c8b51,2
Marlin/src/HAL/HAL_STM32F1/SanityCheck.h,6
6a8fb0f25f65b2547a1f5cf723d523f5b3d4972c,2
a59d3d4323577ec8aa2c140bf51fc9fcebe2c594,1
7f244f9b9cdce9580af6ee2a1926131805977364,1
813a4ea107f3b09b85a29e4446755fe276eba6f4,93
c4237b529f6054f78da35de618d62405ce72be50,1
01f75591c66bcc25247d56d162ae2f37636228b6,2
288340cb6cdd1e40017c3407a2893f2ed1bac42a,2
2aaa681dea4600c47062b7ad63c52e709d09aa42,1
81e753064ac81292a4fc47ac5fa3f17686bdff7e,3
74c47803f799aa7be1f1e6d8f177769ca42a1f10,7
637fb20c7540f3fe3dbc955bff5162d0eb089401,1
d9cf5e488347e346b74a9d2b63f2f0b382007d1b,1
cb643d87df16dd54d6e7779fe8565c9be04ec951,1
14a7faf087f7d6f4934d209ca859ad0c91897c31,1
60cb36bef3644640f2eb1c9d2b30189e41e81ef2,3
Marlin/src/lcd/menu/menu_temperature.cpp,8
4f2473053c40ec02d1635c5dab1785e9e9073166,1
7557f8d68c098f64b2ba17c9587f72a61129f0e9,11
371d9a1acf6a87f42b76c602b1a542e1bdd37b26,5
135c74017c55d51f31bc11e9449121b67e6f79a2,1
54ba44ee37e443c6f6a7a3d2f18275231f76efd2,1
b01a630bd09c21e9c487926757b16131e0c5a056,1
44ed34475beb68bd8492634fc5af45d78b89b4d3,3
3a16cb6d7ff9f98594947f4d06c6120f9fecb4e3,1
814d93c7cfa45a3ce093f75c8d3a5f767c23bf7b,1
3877bf9704484d9455c3a42466287dfdd96d9d99,1
cfc5e96b4b316683391c7acae5b298a59fc7cba2,148
594898aea757ef267ea2f841622f351d4f84b82a,1
530ef5846f4e02f50b46ba75486b5e9e29655899,2
14ddda285c6d9c1dde0b39abeb91757c4ec3ac4c,1
f8c5d31864d28d63a546c4490009821c14b4ffa6,4
b7a8dcc35d23d555ff2a6ebd64c71068d30859f2,1
f7127c44f88ea7917050b0149f204b8bf0d9bad3,4
33abb86b7e3ee24bfb0cd0219f777e69a78987de,9
367a9f65aabbb50ab95f962fad281e9121962f47,85
33f3c752134329aa1851c9a655213e07de00b2de,1
9d59a9c840820c761ff15647ad58d4d045d3bdcd,1
3829d6ccf84a6e0bd8074575c9da7da42a877c8f,1
d35dcafa3ddcc49e0cbc0050105c1a4f066ec88f,1
98cf546771364f78b2ba0f8d6a7c50484731d9a6,1
4dad489a50cb6e5b63968e40ffb3874b70b395b3,1
8dcc28c9ae1dead09367d76674ec81382e73b8b8,1
4c8a6eee7b1c2d60f5ffaa83d4638094e0f5cdd1,1
fcaed685b28bb5b38c8377c21af47b2fcc0f8cce,1
0572be943964e098936e19d63ae98eb39508e66f,1
c6e09c2689df184e60c572a628312ad9842582d9,3
7a5e637a3750e2ac27dc5fe5b5793bc6b348413b,63
902d5b0f8ba2f46f30fa063b7d2ab8b6193339cc,6
9a4a463ec4fb98b3621c64ecfbbcb88562b953a0,63
55144284c2578dccca7a6a5fa472a3d927ff09f2,71
97de9d54a5bdbaf280207e2b081fbfcecb81ec76,1
a7b3a6142456720a46e0c447abac4f811f4a0ff6,82
daf07e4200592ecd9cee639e2b9ecbb43462a558,1
3bb8b3529a32a9a4cf9f5e9ebaca8821d35c70c9,1
6cf8d40f418833ac91774d84c806778ef4d6287d,2
f6321f878a7b89570a2874ef14625fd005b3065e,1
7d15854514f8e3818722eaf87dc96e098895ed79,1
e8bda62d2af42e68035f1a3de007b14a28f5d08a,1
18fedafbc5f29b01d0421e5b059999ad46b0fd73,2
b22716e938397d8beb64f5855b64f6fdb375b5d2,71
fa47ce369aef01fe7ee6e9dca707e9fb6a12cc0f,1
ef81b5f03e8c4b904fc5a84b6b20b454fa4b2fac,1
4388015f1a9aef348fabd813f8c9a5213f836472,82
b7e38ea2494c7c9cfbe0a7ba347093234e5fcd34,1
50b2fbd03140d21076b8dd3015219ffed0f761c9,77
055cb2b9563d02a6df709a803026242dfc1ea603,1
9fbd73d9311cc33520ad12130f1ca8ee6054a9a9,13
0947b92734446ce1f46eea6f753662a584f08ccc,3
11c7945365bbe284ed2f863faf2eb18c7e6b92e9,15
64389acdf1aacbd769f2d6da5ee1e6316db2d023,1
7a361ad36aff4a6dc89ebb7dd66c02a532b6cb2c,63
261c6f4b96541435de786ddbafd491bc2a9d3bc6,6
2224a4d61aea4c282bc6c7cc56071da0866a1afe,1
e874f9664c541b5a9f0d24149fba2b5956b623ec,2
3c58b16c9fc80d995427de0e55fe934edad74500,4
aaf862aef22caa136f4aa63d9fcc4e71c164ae33,5
c98623983774b9773800bc7dcef695c4bad81c0e,21
Marlin/src/feature/bedlevel/bedlevel.cpp,64
69d869c3d999207253a6263974b9bb1ef1a9c82d,11
0c1cd9f59078f6c09b17f7b688433cd783c3e058,1
8be91677df714b6c28db5ebfee4824a07239d5be,2
03ef2d6c82048564db284bc3965595c561bf5840,8
95d154a91fef67289a7bdbc2e57c8767f24aadd4,4
61db0b65b6d227d3792e3d988c5c0402b3082038,1
4f9ec9ab4518c74e34daa1164eb2587e7e39d7a6,66
929a513a6b7560bbdc490e96929617c208a6c0dc,1
01b5c810d58c46b64cf8b041a8647c11399eb07b,1
cd88ea2106ccfa7693bb14001aae5ec3f270bea4,1
cecc238f6845f2e52cc84145fecbd4c5f283854b,1
Marlin/src/feature/power_loss_recovery.h,1
439a3e846370b5f4dfddf5808a9572eac9e0efc2,2
5b24ce9024b77eb1b9650cacb2339bcaba9c1d42,1
d94b50a3d839c73972ba8a013c5a210019d8f22b,3
dec721c52ba1eb7e06626bb18cd1adb5564d3512,7
6aae199572612827e56a105050b63e3f51247e04,2
0a638cc0223df0c01c1d3eab9db49c49175a4dc1,1
e5019a048131987f2621368048de985eb039e2fa,1
1980931153c7d5f2b75f797ac9bd681b5e43f65d,1
09d6db491a6263b1ec02cea74cd4f416cdb7e34f,2
d545f984b08aace358c78b398185b3e24d8d5101,1
730f22310090dde783dc01a3177fb208fd36b813,1
d857cdfb27d5997b4f311f36bc48a467da5d3481,1
4a7c6f7241d9b421a771d1820ff3989fd76f2985,33
31113c5adfd0a34144fa256f585c85fd4adc6430,1
b57343c25546067218451a9c8d315d2d87386735,63
1fcc13b01162c2a59fcb4867cab4256a7bf6a42e,65
29c53f2402c72dcd58d6cbe00290119663489c1d,2
caca3c850324308645ff216efdd223b0c044a3c9,2
f1efcfed14093aa3b764b29fbfbc21e0193e3096,1
3b186a55ac71a6805a47c3454a0922ee8cfce6f1,1
02f8f4187a6f0069fd756d40fc376f048f0d8a7c,1
82c96c971e89a4f7023ce7a9d099f7af02639aa7,4
8a0992d921aa11e01136fe2745c4bb0a8e368d7c,1
e98d1959011bcff83e9c518b45aec6ada0c5ac34,1
fd2998efd5fb888eb1deb432c6790c3d506060c0,4
d29cb09b3ef4e3c384fc37e4e4c4e837e6f64e31,2
5b1d52671c2140ab21839314a46ead82b4c0c683,1
7109dadd21a669104cb34ad54724bf4f3354a676,2
4975b13b74ec29828ce880f6a02786d494c2e915,1
b738972e690ba415961b9c164a00fb19864ee39f,1
ee423dcdd0e89d96b5d3b9461d71737abe8b5186,2
c5642a894fb3e9bb16433d40b9ae152bfe204a6f,3
0946cbcdca99d833d1a4667d00daf112394107c0,5
4def8b3b5e01498d0a4358898784b08b886c3202,12
d51e5690f4bf993cb40eb6c2915f28543bb41d73,1
ec9d21a234656b41dd934933d42c2aaa2599d06e,1
817a37169a0ef397a82209d981d59db6b7f75146,8
643e0066a05d555ce9c49e6f3f6b4964484cca76,0
Marlin/src/feature/power_loss_recovery.h,3
8ea4eeb78531ce3919153a2711805b05649854c0,1
4bcb63b7052c56fc8188287007d4d65140b219aa,1
50ee747787d395b8d0312a0b43369a160c02e8fc,3
90a58488b50862563f82338c4fa47bdf22e434ce,4
a4c15dc54f2b7570050aaf0555a92a964d281682,2
fc3f1c45726fd13ced605fa1d837eb5ba6fb0a82,1
88c57eaf55f67648e494a6abda4d9a8b7989bad0,2
1f93d2bcf70f1cbe63ac9f21892543663723c8f3,13
826d5701627f4c725ab9e0c61a53643008c5dbbf,20
9d13f07d09881aadf0702a7b1cfccb3887948d85,1
5fbe5cabc83b8eea3fa0ed97b1640979e82bf35c,1
4ae9a06c604a422a89e476661a8ff167e43af3c9,1
c0b75f49b65d2ef07ad85b5505cba7dfdef3adc6,2
5a4fd8e0a6bae0de3e2bae0e38c475b50a63f6ed,1
7f225b94210c02b5939652b5068cccaca1488b8c,1
06674a321a128b563ea25ec107267bfba79cc8dc,1
c1e17037e55cfb3220a0f3b190d3f2df8fd72724,24
d3605cfc26074b54071ea26a50bf4a121539a0b4,1
93e958f6958b85476eb60d9966f8299aea8464c4,3
22d7fed60aa72937786e88196854c5983c98501d,5
779b2709ec13f30c6593032397138fe421db215f,1
8ebb4dc294059bd2d31f310d7aa588052e52b034,1
7ee58943604446c83cde324c2793597f657de59c,2
43ecdb606febdfbcddc4132f0e20f11604fe7420,1
984c4ba8c787da8e275f2861fa010475f725eade,1
56a94c2a2689882664274cbf285d6c7f236c6b85,1
66580f32c2f4d39a82b77e4b6982e7ea6dde0766,5
Marlin/src/feature/power_loss_recovery.h,9
3e9ffaddb679c6eadd37123fd2d6e1ec0bee4e44,4
d97e31db4c2b8b27ab1c6fbbe05f11aa9d5e94e2,2
Marlin/src/feature/power_loss_recovery.h,10
Marlin/src/lcd/language/language_ko_KR.h,0
Marlin/src/lcd/language/language_pt-br.h,8
ca21ac6b9bac188560c4d316ecf1b257d3f0cec8,8
Marlin/src/pins/pins_FORMBOT_TREX2PLUS.h,12
0e610815e4df616259e046f128a7828e9ad349e5,1
7a075a5dc99b8769061b197854af70aefccbdae8,2
2d92f333f5f3f004c9007e2428c2877087797512,1
d2bb53702a5b8bc03d6691230f252a21ca3ee375,18
5e586a6b393c9a99c0cfedf720f360687582a00f,1
d82c350de741b6f20a3d4860c9cdc30dae20f746,17
edfd106bc5d7bc02ef5e55445ffb3dbaf48b0226,4
f4c128ecaa8f0355f6ecd359f06dbc2cfeed344b,4
54ec5528a0d8ebf4573af3ec78d8141d8a90dceb,3
ebf585b673484ccea66456a03bbb4cafa175b97a,2
052d102ded293e7ad96739c7ba1b0662fc64388f,9
664e20754d67a2d04261b0bdfcc87802cec7d84c,46
1eb524959816b631a443104722f6bf99d1159dc7,3
075a22ed652a5ccbbe5972a5706e4959cd8c48a0,0
Marlin/src/lcd/language/language_pt-br.h,0
3ceab8474c044f45e0e10f882a0e8ea20c4a781b,1
98c2fc4e42eb3f0a1b2a40f2cab785f7a9f59517,1
f19fd642ced1bbff6d16d7c71d03ebc153493617,3
cda5ef08fad18c728523a6ee7b2f05355e47799c,2
9ad3aed0ef2ae8875e2aaace43f3507ee994c5d5,1
d631267548fdcc8eee3a4d909e0ebc2c0de59d17,2
0ee1a92971bba0fe5ed290e2562bca71cfb5ea46,18
690c4e84570f3b005872f67f292e91cfe997490a,1
143b2896e0693442f642e2dc5e3fd2f05c2019c8,0
Marlin/src/gcode/feature/runout/M412.cpp,3
a163c89c6a75ac62bc738e66e246f8074634648e,3
fea2363a2e3021cfa76301958f30d19679abbe09,1
be6271767fd06b7a333031e2fbff2cbd711330af,1
50af1d1e0874c787fcafc9cf71c6a8ef55b20643,13
Marlin/src/lcd/language/language_el-gr.h,10
Marlin/src/lcd/language/language_ko_KR.h,2
Marlin/src/lcd/language/language_pt-br.h,5
Marlin/src/lcd/language/language_zh_CN.h,0
Marlin/src/lcd/language/language_zh_TW.h,1
df907a905fc95bd7f9d1647e6feeee46e03d5c4b,1
da17f8ad37e5f8895f3db0e8f0cc5988556bafee,1
a3923424c7f214b398a2241d703f1f775301fc99,2
a0c795b097a30eff006c8dff178abf5f1f1907fa,2
Marlin/src/feature/bedlevel/bedlevel.cpp,9
Marlin/src/gcode/control/M17_M18_M84.cpp,22
Marlin/src/lcd/language/language_zh_CN.h,0
Marlin/src/lcd/language/language_zh_TW.h,4
Marlin/src/lcd/menu/menu_bed_corners.cpp,10
Marlin/src/lcd/menu/menu_temperature.cpp,12
9da6809ac30e1e3db0ccfa39164e02fa65b773c1,1
471f403a671e7d095477be9a0cf2ed18d6dcbbd8,9
30a49f5ee266018a232223adeea9aa42cc491857,60
4e0c93595961bad466c06bbf6b4f1dd7f8085c81,4
Marlin/src/HAL/shared/backtrace/unwarm.h,6
47483e8c17b813aca40b9ac78e72c6b4f4bf2819,1
6093df11dc91273764d0bf5607fa4314391793a2,7
4260282df7eb206317ba1f26c2a441ccb303482d,2
bed15fcd81d6740258dfada2c8eff4814bbd8716,1
c239131ff52c54c9771ddfb80026f1827a808a23,0
Marlin/src/feature/bedlevel/bedlevel.cpp,0
8ab1c16ebdb9c251ecae3bf691d15afd4ae52b01,1
56150ec030a26d97a7f8f996c26a04412760908b,1
c4734b947b54d29ab18cae114108ae52786b0e7c,1
24c5e57bb6f48f2e4e757077cf37d6181452868d,1
fd7fd55662f380c9015789e4af939d4a23894553,2
78ccedd6a8b9ff1cfbda6153bceb430b042f1c68,1
b60abc7c378e47959fb11f890d49ee7e90588d3d,67
ccdbf20f60f73cfafc42b8988df4d46abcf42544,1
d08847b1a6549ff743d0c9560cc36f703456a489,1
7665dff58b53789dd5c8dc3308154a050faacccb,1
4ed6397e5df428c1b6881fe0780e098362f40b0f,8
9c8f083d6cbc14e1c130626e05441696e0616161,29
Marlin/src/pins/pins_FORMBOT_TREX2PLUS.h,58
525ea554a1e53cef7d60dfa8d33664a99bcd4a3f,1
ef724edd80840739e5a99bcbb39e775fa7a8c289,2
b169320a03da3800945eb100f82ef22de6dda7a0,1
81b1e9d2724d36917f9d3251ed442270eefc4f21,1
6471a75a228d8d60416f7b405e888064e7e8c8da,143
147e2702081ea030f7085da03ef56b39a810f7de,1
8def25e4756931baac49940c37ad9ca47dd6f939,12
812f6a7dd7344d387949b75f9126a605f10d8199,1
4f72e041f21a5f595209ebc90dc466d910852ecc,2
488a17b3f5224ccd50f0cbc916a1e7c7ccf1ad6b,7
4dbaa6369fa457c3338408b60d25f82636494110,1
959ed32636784c101857c2f7f42f484c0e0d2ebe,2
812bfec65ecdd4fa9b0233cc39fae30a14684395,1
16247225667218df75f5f75f82172fb779f5f940,1
e574f015680f88137b2ccb0fa159ebd5749c26fb,3
Marlin/src/gcode/control/M17_M18_M84.cpp,4
Marlin/src/lcd/menu/menu_bed_corners.cpp,9
5a470d4a494cfb4704d73cfedbcfc8ee9ffc4e60,1
34ea458667f86f74204fd287dc8e142831001c55,1
4c5ca89d8cc6a5818d47762e583492d98a99d1f6,7
8517d5f91560cb3c6ee32f5220759ee535d64fb7,4
b3b4e6dc456f18f933ccfa3d5e88cfa5055f1c41,8
f7e682eeee37bcd17558e429f26fb2f4f4d22c93,1
a813900fce27d9844f92dc15f3e61163e58ac1dd,3
04f173790f612250983e0f6b170ce35c958e1cca,1
c536ee1122963c75e5d7391c27f87b3f538b4020,1
c31e1735dd3dcd8eb45231c03144cd6cfdc1ffd4,1
93d5b945dd56a6632395522f6c049e942e4b0166,1
f34f09c8215a675a84cbd70f4b637f51e7668a60,1
eefd7676a38ee08d6bb181c9d537bc50c4336ffa,1
486f2a66a93909cfa9e800bb4dc1f14880bc6678,1
2613ddf61cdcfc68d27b38601a8af40675fbd33c,1
b779b42ffd00ca608fb46f522cb5b3e35554f361,1
427bc64ba137907fbdbc103622ae88106a31a250,2
3866aeac5290eda03b7f4847e7ec69e5b39bb7d0,59
498dfa291e3e75a9c47fdc2e9fcfe3b0fdea5bc7,59
Marlin/src/gcode/feature/camera/M240.cpp,3
fed84f2961f76c5fe3f8d767dcf3fa6ef68049f5,1
d5ab4cd22aaa6bb445b8bc2b7c8017d3d00b3dc8,1
3cbc3ecdd7c91fc5058be7911d86b1ca582c7ca3,1
1769249876fb363e74cb27d248a79c681269ae13,4
5182eaf661d148b841e0034d4337241fdca2b36f,2
07a0822ebee81e49a7107b4d97ec68a8d84f42be,1
b2ad2c875102d660a738062804e5585524454149,0
63be48ada68fc4ae6b1c5352babdb4e8ad4125f5,76
82ff7c65425ec468e241291ddde0eeb133c703f4,6
44fa7fb18cf1e72569215d6425ddc43063d9e37e,9
cc2bc67440bdd17851cd76fcda301c9bffb788cf,2
fc84878cbaf7a4ed5931f94fd4934619d7fb945b,6
Marlin/src/lcd/language/language_ko_KR.h,0
Marlin/src/lcd/language/language_pt-br.h,2
Marlin/src/lcd/language/language_zh_CN.h,0
Marlin/src/lcd/language/language_zh_TW.h,1
cd066bfebadf922177628d576ccb3c780b3f24e5,1
c10edb09986fa6516c8b57c652381b2bf7715577,1
32880ff42aa119fa41a1ef4ce1160de621428aa9,1
0c85869c26bfe177b9f99a2c41554297ee257b63,13
b99f0776d6fb546e58eb31b3d87b4e9b7cc63ce1,3
8014e1cc9d50f06862bc0dfb669a128a9d3f5b60,1
bd05816fd84c65e3b3ba9ae0cd06e6b8186a4886,1
3c21483c88c7bf763d9bfaa4ed51c1578cba6b42,1
e0956bb5724a18485c98e79fe1c05a758a9251c2,6
c04cf127f779bf69b2bf9f44cc425ac9c2038184,1
9c0e05552ea504b193ac45740040953a8473b93e,3
176654791e790010972a7514ef08f328fb4b1884,3
60dbd8161c77c2956cac9a4e87a9aaf497badf6b,1
b7ca93ba37d8236cd4523b6f61120e6b9c6d0f08,1
608be966d7c7f1fecabdd92e7e992aedfd3d2e4b,1
67b22760d97990529be41ef93d23fe0a782a1180,1
f5e8e8b53dc15dd94299071540090b3c109d655a,3
f5eab912ed6d336f2c37a688a0ec822ed3d42fcc,36
Marlin/src/HAL/HAL_LPC1768/MarlinServo.h,37
Marlin/src/HAL/shared/backtrace/unwarm.h,43
Marlin/src/lcd/language/language_el-gr.h,10
Marlin/src/lcd/language/language_ko_KR.h,2
Marlin/src/lcd/language/language_pt-br.h,6
Marlin/src/lcd/language/language_zh_CN.h,0
Marlin/src/lcd/language/language_zh_TW.h,38
8696f882a9517930803cc2bff18c1661bcf770fc,0
56d2dcb184c8ff5e868418ee0b585ba4abbc3b98,1
d1ff22b9830bbb94efea52f4233b2f11ad0a0c4a,13
2c9586be0cb55fc821b50413287735ff83f0d321,3
6e3caf23b6773a16a11c83b03c8a9463733534e4,0
Marlin/src/lcd/language/language_pt-br.h,1
19f49db96f9cf1457388b4f07a526d66cdfe916e,1
Marlin/src/lcd/menu/menu_temperature.cpp,1
8d630362b75ddb120e1680b367f004fadf655752,1
e4cf175163054b9e4c3ffe78876289822cb9a923,6
5ba6607181470006c5903e414c678506ca81b22d,5
2fb2e286ee3e6ae583d4543692f25c192f5df245,1
3eb9838dca3f60acfcb407b20d23457f7ba39a7d,2
f5b31e218d79b553d5cf6221083e554d386c04c3,1
31c28d0dd243331adba3debb4801fbd03f7f6ec2,7
fce150f09413de6884f953fb6859abb24ce3c45d,2
323c0883564743409ff335f3578d9ee033163571,4
9f77df25900c22181de1170c4c81f10b4c1b885e,8
cafabf20559a8c10faad02a6ace403e4c956714c,4
f5498168aef6a01726c20f1777eedb25ca508101,1
6e041b9c612da529391a8eaff3081750fd0e2fd3,2
eb5600acd2bfcd141022fb49c0b43e3eb46dcdfe,3
42f8b6c53011ea64be935f730250f7537940d4e1,2
f319087372df3bb7bf7f075400ebc24005e631f6,1
74bbb1300847d56abff4ebbba02936ef9633b7c9,1
549d11225a3433f9680ef03092c53b2fbabba688,57
724c2ed9b461879d4fa90834d0305278d014d869,0
2cff0d1f39061e2309510da0dbc8b21975f965c6,0
Marlin/src/lcd/menu/menu_bed_corners.cpp,1
44f2a82a567333312c3d85f72176f437bafc9625,9
946cf8b4533ee6176b3a0834e09f387977e2a37d,1
f2adb4b9cce0e31f25aba4f676b75969824fed4d,1
484ca6822807c22f09215a8a54d5f2604abcbbb0,1
1d366db764ce2df11b6cac1c1916c6f58bdd5f26,1
b5d7f69b51daf218f61defa22c870ab6e1ca5a7a,2
b780b69c62b64c7298531255345a28701ffdd47b,4
9cd3529108e088258eba6a3b448eb89e6719d0fe,109
66d44c72c30991965ac7f1daea1c22c17cf12a6f,65
72d8adfd1e5cadafcaf0500315d47954d9d273d7,2
1946f729fdb4f18cf6b249b988363c693589150e,4
56057bcecd071493adcad4823d60fa09381c011e,1
4ed579cafc5350443a011850fba5c78a6809cc26,2
9e663a624bfa0e546a9d1cf1af191ef85d698b6b,136
98c32d8df139e2da95079c818cf3e1f4fbb9a617,58
3583e2b4490e8fd6778d18003641c2fdd333e8a5,17
Marlin/src/gcode/control/M17_M18_M84.cpp,27
553622835911b520c6ba43bc03e71868f3972cb3,72
f9b80e7217d70c3d36edaf2601bc380ba02fce23,3
5ead0269676b80292a360e5b132204ebecdc40a5,1
d632e44c8c3060f3cdbdee10ae845587ff57ceab,0
1f9806875cc8b9d6ee76f3bebd6f92010f62e280,1
63ce8baa5564002af034bdc4059370975f1b3792,1
3a935fd72bd4e504b1bfdcff33b76ce193c48e72,3
Marlin/src/lcd/menu/menu_temperature.cpp,0
b063b1b7229c1706690f167a99528e13d4ff371d,4
Marlin/src/lcd/menu/menu_temperature.cpp,1
43cf9130481a497984a935933d13c6d097157e64,3
0161d3f733a8b67d6aedd63aba6fc7beae229890,3
3b0d2330b6d6904e08f8bb6ba5ca2c488b040f65,2
6896847210c7b9e594e373d3f698d897870ced0d,2
9cd54712021568fc3dbb1dc49388b912a88116c5,0
Marlin/src/feature/power_loss_recovery.h,2
9f11e0284c3ea690c2583a9e260eaf203946c476,2
d87ab3ed2052e28bfbf4282c3dc14b071c71ca32,2
587a64d80c5e9c87614f2fdb8a8b3973283e1226,2
96f313fb410b764958de61c213dcd5da084ba581,2
423ab029b2509ca5844a80f2eeb78e8c054eb409,1
Marlin/src/lcd/menu/menu_temperature.cpp,0
489017995e5eb799df9eb0ea6b2a721a32ab1106,2
a489c9fa52261cd5836771f0f0c5f3dff20f696d,5
3a9ad9f2b1f56d14c6ff82a96e18319e64bd4016,2
143d4ec043a89665f72e4cda3a43a50da61f0317,2
829effc1fe813b7d622c7790a0a7413f96dfa7fb,2
37ff663b0242b3db8f46d13ca26c6ee4be40a833,3
a964f098b33300b23ce133bc48438684dae91efe,5
8055ed24ff9f9d8a6441ffef30e6c3458aee4ace,34
774a6e81995b23c383bbc2fdcb5f6f5c014043f2,0
Marlin/src/lcd/dogm/status_screen_DOGM.h,1
Marlin/src/lcd/language/language_zh_CN.h,0
Marlin/src/lcd/language/language_zh_TW.h,3
c825c419d4e1d10600148bd7c927bef0fc4c6baa,1
Marlin/src/lcd/dogm/status_screen_DOGM.h,6
182b1405d92bb157571783dc48f57450034b8779,59
2bf18950ab2070e842c91057d5812dcaa1bff9a2,9
Marlin/src/lcd/dogm/status_screen_DOGM.h,3
Marlin/src/lcd/dogm/ultralcd_impl_DOGM.h,1
Marlin/src/lcd/language/language_zh_CN.h,0
Marlin/src/lcd/language/language_zh_TW.h,8
ac5f2762b70343520c8c72e5dea034b93cbdf629,1
6fbc87301f628bf859933fc69064008fc9726806,2
c1e8bd6add40857f26442c180e6389bb2f17a533,1
3c9daf322a3cda6e618d2f3e0c56a9cc6d68a835,6
Marlin/src/lcd/language/language_el-gr.h,10
Marlin/src/lcd/language/language_ko_KR.h,2
Marlin/src/lcd/language/language_pt-br.h,5
Marlin/src/lcd/language/language_zh_CN.h,0
Marlin/src/lcd/language/language_zh_TW.h,1
4b7a0a5b3932dc1710a2256ea7ec66677bf898d4,1
ab8425f1b57eede22873ef91c504605da8d41037,2
3028a620af6d6e7bea05e1dee2cdd2eae47db3b0,81
ad60f0691c64094283457f2f4b48d37c296aa42e,5
55807731918625b527a75668bc7fa069640f83b9,1
Marlin/src/HAL/HAL_LPC1768/SanityCheck.h,6
d015f746cc8f8e2dd930d7c87165825993743351,5
dacb5324e80b1725208dd034c5ea74ede356be56,0
Marlin/src/lcd/dogm/status_screen_DOGM.h,0
bf9dd4f4cf67cdb925a9fbf455ddf49826f56fd1,2
e8031b115249385700006146f273bcd220394ba9,58
fbfb48cce0771abb327907116a7b11e8c762b4f9,1
1a00d1bdaf870fab1bfaca2aeaac78a9ad806bad,1
a07ac6312f29b3f500c49c32b50374d57e0a3986,61
53c535a0c151418d362169c06ba1f1dfbf6e420a,2
55dec02ca188c670cc0dc32cd81898f2b73715c0,1
7243101135abc42e0e3c5acf61e52979793e899f,1
9613f00877159a54675d83a305bba931a6d6e6a8,1
5d487ef40e4017beabe4874537b2f51bc3558457,1
a9061714f242a30357e963399510e9ae82a3d7d6,1
aebbb2359dfc771f818d8633452113c4e21ca2fa,1
0a549fd1f28be756472ded0362c6a16674498297,3
a80ba8fc6e50a1bd723d657326a38a05a736b1d2,1
e48cbff10dcc469501c4530e4e4d1da4993e7f49,3
7a04eb3a8b80e2c67eb7c35e83be84d761aa3d1a,5
2f873a119f9de2a7f2e6b40dd08f8a51710ef1d1,6
Marlin/src/lcd/language/language_ko_KR.h,0
Marlin/src/lcd/language/language_pt-br.h,2
Marlin/src/lcd/language/language_zh_CN.h,0
Marlin/src/lcd/language/language_zh_TW.h,1
a93e9e6e9b96512e1dda6f9e1cfb836a4a4e0fde,64
Marlin/src/lcd/language/language_el-gr.h,10
Marlin/src/lcd/language/language_ko_KR.h,2
Marlin/src/lcd/language/language_pt-br.h,5
Marlin/src/lcd/language/language_zh_CN.h,0
Marlin/src/lcd/language/language_zh_TW.h,1
aa72884a6e483f290a62236573d4364e7d6cd139,3
46360f18b4c0a8106c66e716ad1b57347521930e,1
e229b831fab7b3e789631ea004640b7c82555253,81
Marlin/src/lcd/language/language_zh_CN.h,0
a553ab82e0c21455abb3e0515222f55defe8c6ff,1
3a46212dd84697d9b84ce59462f351785aedd3b3,2
fc31da1114e219cfd573f17d0abb5ffee4e3d244,4
3a3ab3391ff56e165d2062d3b53a2f8b9cc3b486,1
e5ae7a07d17c0c9e5063bbc73599c278e1bd1674,1
6ee2af5e2d6009871f3ca37a4eea3f7e8d876667,1
d801f8596386d06db6a8696f18c966e27e1de14d,2
8d3a92fc4a6fe3fd8f7f244b9e16b8cad3def8cf,1
44369d536a658a7ab5c75f33646ab170a5250825,6
b64157109872c696c328cc2b19bdfa314007a5e7,5
Marlin/src/feature/power_loss_recovery.h,3
eeef4e630a2ed045a2975354b70d92d5a9fe0d9d,1
9969c06cb578ee7fb96fcd2344c795fb3a72c773,1
427c80119a0e19fe1687078a982c67b3afa70299,1
55ac2f4c2376aeef23f9161c634a4fc6cef5be00,1
b640b3b0d68cbb5c7c60b2795c9fec7bfc38ec93,1
2e5e689a7f33ce76718d4220045135a782828426,3
b381cad39994fbae79351d1e87368cb98fbe1a8d,11
9090065e9fce3ab524a7636e778cf1ebdbfb8e2e,57
4eb798dbdc52da98a9491b8ca8831dc54281af66,6
1fb9b299d4d96276ff1fb6cd2ee5e73e753e2b23,9
d26d9d5b81fcbbb2e5f8eb8c92fbb6e679de9349,1
c6a5c7420895bbb32ac3c70f0382ed5622c3746e,11
aa9202260dcf1add950afdb05942f3c0e89d9af4,1
8c02dd971bfd8f51e39a0acc9a7c7cf7e8fc71ec,1
3847c08f7ebeac1822812704ae6868a3e37c1b02,1
71e19baf691a5252841cca5871a29d7a65b62e5f,14
4cc1c2627e052306469af6352a798bd89144c949,1
75a0d46edfc5d99f02f6677e36c63587173d7b92,1
a81763c237634fdb88bd82eb85674555b4ae2f81,1
Marlin/src/pins/pins_FORMBOT_TREX2PLUS.h,4
bc226410025e0e6e34887986696ac6a1113e0e7d,1
eded90bf87680acda56a01d2992e773fcfc60a35,1
27a84fd021d8fa1d80b19770f020925297728eef,1
67a3c5a16ad0c202352ef19b5993ac0c7f52862d,137
Marlin/src/lcd/dogm/status_screen_DOGM.h,3
5b7dd553d3543d2e1a9305eca6060e35fe2fbed9,3
df768e7d8f1d69e2a510cf4d9c0a6e3da5d06a82,1
3c13c9e3e9d5768d69ee7efbdaa53f0822fef107,4
a768df83cb6811215ce8420aebdba1e63faf9f25,1
c36773bffba9f5300764238a06a7cb9e04c315da,3
9c71bff5e83ee7c4545aa866bf8cd79671b3b021,1
9deb23aa47349969c47ecd6409222da7594b5de2,1
0519ef08029d0a31fea3fee824dde89edf1360aa,1
3ec38727305862c881f268e2fc27f8188b5bc767,144
6bdbe3299ee4e6dddcb49fa61f8b2d6f7dafbe4f,1
bc75eb2c64038e26f43f41df1af8a476fb605ff7,1
d82bcdeea1971c759d71926c993c5a94a823b021,1
c90e26dfa6bf0a25e3094a94ea86931b844fb7f5,1
96bbda5d4895643ad78d4c9ff4dee30d1db4c514,7
f98f4ac7eaab5f509da5cd94420821f23fe7aeea,7
8bf596bd4cb6879eb50994d497b30acf84082395,67
Marlin/src/lcd/language/language_el-gr.h,10
Marlin/src/lcd/language/language_ko_KR.h,2
Marlin/src/lcd/language/language_pt-br.h,4
Marlin/src/lcd/language/language_zh_CN.h,0
Marlin/src/lcd/language/language_zh_TW.h,2
056561df935f47ecfabc16e2ed777f3754be837c,84
cce49313422e81e23c1bf1502da8871830d32da1,3
8b5e51c9aae01ca955f9fcce0975c016806ba068,15
bf0c809ff2de1cf0dcd750e2adb2760f30edf2f5,1
9ac9649183dea881930e7eb4f7e8757bdce9d88f,2
9bf5d4331c0b414f39e4ec8acaa7558fd99fea93,2
0139762a96e7219573581cfd362fa730a09ba8be,1
2ecb124e42479566c33d2c5da2e48f611bd42464,1
f56968ba0b8d4eaccbc9b0c7834cf0cd2f5872d8,14
2d2cd628c63bdb593468323ada57e79b0851967e,1
84b59d58fb71366e4ef1f3cde79873bff53ea2d6,58
06e2afe8e0c77043bbee227a59a82214c62fb1f2,1
af939c158ac8e774fbdbbfba6908a02a9e26e745,59
3d5be2ea4bac370e05b8acc61a9fba2684e5131e,0
e5b4bf22d446de0781b5d0ca9faf67c472ae7a11,1
42fb7c14b09b6e484334f0a39f1e1ae3d6fa5381,2
61fbd0aa59a1576d2bc16eaccac55641750a6475,1
254b68fe2c83724b2844c0b0e2aea286471261e0,2
Marlin/src/HAL/HAL_LPC1768/MarlinServo.h,4
870bfd08f5813da47adec09cbb43e626b38984de,14
5ddf52d58ebfd3326a967c4804b382f6b119b797,5
Marlin/src/HAL/HAL_LPC1768/LPC1768_PWM.h,5
Marlin/src/HAL/HAL_LPC1768/SoftwareSPI.h,90
frameworks/CMSIS/LPC1768/lib/Printable.h,6
frameworks/CMSIS/LPC1768/lib/chanfs/ff.c,0
frameworks/CMSIS/LPC1768/lib/chanfs/ff.h,19
frameworks/CMSIS/LPC1768/lib/usb/usbhw.h,8
213e94bce2fd74b10014557bd6801b45193a08f8,1
a40458405ad4fb8ebe8d90a4271d69f9b8282bc4,1
951b25163e8b9e09212594b47c26434f23dc1a1e,87
ea13a77dcb5269f37276df471a68dc2bfc6afaf0,1
ab9d5eb38d4ea9f6a197cf86a34c4dd4092cc441,3
8653cedee4c18621739b96a47ec996531491165b,1
26208a5c2f4178480ec783d7ca4c51c52c6e90d9,2
9b6be0ae0f9e2ca03f9f8f88b173065a02954396,1
af3bf6c9563fa6f9c6d10c8c62501f01bf5c3050,77
a44ef2789759c80cefb199e55ce5b1a2fd7b82cc,1
d338e4d875235d5b9020a5f6e7d902d15756d48b,1
25b980dddbfb2994846c46ca9f4d24f531596e33,1
ddaef1a60c5e01576509d3c79a83b750fefd6969,1
49d4ed4d3f4fcee43364827fe671bd7183ef1fd5,0
1407afad738ce64f4cc9f0c2ad9d02ba88f2a925,4
45e738876ac3b08af1b702d87435899005c043bc,7
d43d4e421977e333f1a7fbff8b939e0288b3616c,13
d8d76cd2ba1ae02f4e88e3923790f4b1890e9eb7,1
e8d2cf4fb55324a421f9c3f517712cc9a717200c,1
50cbca4c55243f34c84ced3f264fdc76f9fcdc93,1
3cb5517ddbafdb0efb0cd24bb29be51ef0b0f2a9,1
d332fcb8fa34d7012b08f4f06f8354cca64d0fb4,2
43940d59edae52f45f2611a8f260f3544c005890,60
b2c1cd7eda5aaec3ec9ef5322e9502025ce2a2f2,1
d556dc18650e2185791834d7fe70b4acf45254bc,35
9b5c1a5e77b5783baadcd1262efd5c1f002f5c32,1
272d4a5167c8e97638ab0766b909e2c54096aa27,1
07d33849b0ba5fa19700140c5741041e40c9b6c2,2
a3e8cb1e44803a73936fbe4760fa42e89c6ceffd,3
cf5284cdf25f759ce1b64c87480b2cd47dfb1916,64
0bd54392b7a4f2813101fea780a410bf0bf06359,19
ce82015d5f0743c0c87494e91e659ab3e553a9fd,1
cef1de89d0b0790126c939f23a29e846edd52dd9,1
d52deeb15a6e56cd011a67039195c88ef68c8ea1,7
d6d48e63fbc94b2ce954e0a4a2cdebe2310eedcc,1
2ef7175b42aa74a04abecb885435d1fb2a372845,2
7f94ca950ea85bb09d211b08a37c6dc8315a694e,2
5f6aabccbe7b2df3cfdc9381a41fd8a831ead204,1
ec9aa4f46839e95616fb730f27136e6fb3968a2e,4
906a24fa81586e3d9aeb60e7a3fb179a8b616b9b,88
ee253991d4eeecacd022833ca72eff1c344b54ba,81
8dbb305e8ece52fd8ec47411ac9f792419b3a178,1
55e810d512fa33104cc16270f5778093d6afad0b,1
d5017e2788f042d5b149a1e16dcbdc672d092015,1
7db0113b53632946ad85836b309190ae2d98f9c4,4
191df5e17d0238efa71b45f84c0327c3a6dd3442,5
f2ecf8d5107e17508b55c2e9108c0f7395c7bb49,82
74cd6cb4fc90e4c483e7a97a313c0257790f1375,94
bfcf570d6831fa54c587dd67a9f7c7449f335418,1
c0d9058e252b1fb9fd4ff09081eb6d71267fca05,2
dffb4c63dca4da7f2c248cdace62c475479ca117,2
d6b0fbd7715da67a2aaeeeafb0d4dc7c1563ef98,5
Marlin/src/feature/power_loss_recovery.h,5
Marlin/src/lcd/dogm/status_screen_DOGM.h,13
cb7844c8d455fe31381ff86e2234def7d96b4cab,3
07db08e39db7daacbdec8f7f6680abd9b20327a9,57
ca0e308105f199c2bf50462669c3e3438a3cb3d1,66
65b8f3821b9527dcd72cb91651cd7499d17066aa,1
c447d759167bb118c2f26febdae71dd60c64977a,5
Marlin/src/gcode/control/M17_M18_M84.cpp,5
cf0b9eb37cd8ce188941c3cfbe33a68ca39be297,1
e8d677620ca4489add6900e8342cfce393819290,1
0fcdfdeed6ce983209427e6d1e7ad490838eadc1,1
acac2adfc85d4e607d6792053e9995809a98d31e,5
49823a4939874ae9befdce315f54d3e4ee8869c7,1
68bb75c847a123b03eead0f34215c51e383b8641,0
52a37913c16ab50a0c35e34a4c597bd1428edc7e,10
77b9a41f1ff60d3435dbaa92a8372980368db487,54
e09c144674fffa39a0077a6af0bd6093eaa138b0,4
33056046a3938d9f8f814f1a0a87d69c6c807b58,6
d5141c4e03925c042850fbd5c94b87b259c7b731,3
03fc4d31d0fdfae8b0e770726cfbbbef03c3a111,1
65b36642f8d8c411fdaab0fe7f79f2a3bcbab1f8,1
acb91b1b3f7832dfcdd8ad91d0e5fddb5519fc9b,0
fc326b3dde8f02a8feb6fc9187b8ded4629028cc,54
2067619a269f2b4a6e52fdcb1f968e48b952a7d1,10
Marlin/src/sd/usb_flashdrive/SOURCES.txt,2
Marlin/src/sd/usb_flashdrive/lib/Usb.cpp,20
07fe8d28be6513f5adc062e6251498933a54f903,1
517b4f4cd4a0c71f6bd4980ea2f40566c72b7b61,1
72a750e0eb19f69e87cb172a9572dbb5a936ea05,2
bb561baf9efc880a5d30cdd6cf2b3f15d9513e01,132
fcf6d127fd644aeb754724adcb296b94de1b2ba3,2
8daadd2c8ce9ab8fe2b1c346fae589b13f332d27,1
c40ea1f0fd28f421bad4f25b660e2316e4c5f2e6,1
1358bd9319167278d24813fa346da2fc578d5fa1,3
001f26b642e2957371b1eb988c0c14a3c6dc61ee,4
348004c34fc58dbcb5eb697b4d3dc598628e2adf,24
3e58b3a5d49e985dace724493f5d8831092d5c54,2
c3229e1b3461b6da8373e7a24a7eeb131912a15b,14
2abf3d258d119e337b1fadefb1085e7b667d7686,78
Marlin/src/lcd/language/language_ko_KR.h,1
d6955f25b278904e61b296201a5bee9f222cd4ca,14
f6f2246f596ffde3fc6182478d41cbff310a670a,6
ee53f7d8134c496552b8df6b69236727d62ec592,11
d619ba2685a1bfb58893818ac3c919622cd1766a,1
6b1967ed337932746938dd3ecd5f69ef3b9497d3,1
d777cef837eaf7cf92e30508c6707611d893231b,1
e3f7b6910574edf7b0f1ec2e1670bb2003bb990d,77
0e5bcdf695cc8a0a0f0bccc365a7307a87a763cc,76
0dedb3e13932c9134e635a857f7e69547a2ab4bc,14
ab4549d2bcbd01ca5f5fbe2de4b6ddda0fb499f8,58
80f9473fb429695d97f176d5d84151345639b1f8,4
c75f5a376b797a839519a7d31f6d3237bb392a6e,1
366fae684c7a4e5c71ef039fdf5d239a6cbf348f,0
f4c625d3a16be2c23e082c84714660ec969c8e01,3
30197134027d0b831fe370c9d0a047b8e8a333f8,4
606a4362b3c8d64b3df8e3858330d7465e14e1f3,3
ccef14e2b28c173746ab465ee56aa23c9b214f92,0
b3154b2120c48ce20aedebca119c5980baf148e8,54
b0fd8f2d746e5eb38a1d555fd5d6f6a22806a3a8,3
389376c40e3da37416311141558013944f9eaf24,1
e78bdd654da6518c74a7767e8e2ef85d294925fd,56
8ae113ff36b4fee576326c1b25f1f63859df73ea,1
2e98437392ef6192528c4622c09c150797b48bb9,1
6d862b291677dbd91a5ecc40d7ebd881a45500ff,1
11ac75edcb34a2f90b50ca134ff40839f8c29199,39
4d5566a6b720d9cfde0073d55e551625144983fe,4
8489673cea9ac4251f4499018ffa3a3e3756cbcb,2
fb8a07660a410af76b9212328e0d88e9704d7ac7,1
3c40933713c268dd057f850e3190f3c6f4c39751,58
a3ec805c97262e35894e37c219bde1adfe404210,1
b30ca652aed417be0ba8857922c1cf2b4df26f2d,9
e10f7304789273dcd1375c43ad8f74e9c84d9bc9,1
e2ab78d876137a5ed88d76c0c1cbf0f642713d9a,1
a644d8cb93aba193df5f2f8897d0ff896cee5b6b,2
693865a649e92196a8f5bac0b1ed63cc83c18f22,3
9903305dda4841520147f2ca77f208e24e36aa88,0
14df753086a1914f182368c8acb7143213cd3abf,1
2ecfda80aceb76d2ef774393b24c26f54794fa81,3
bb470096562ed2f9e7e79fda90028e1ab1819d7b,54
3286325044a7788f12ceb3f3d6cef00dc8b32433,16
7d5c336c56bebddf7cbcdba205934785078ce054,2
71d06ef1b2c8a290b658b010bb9be46c90f80fd3,4
d89d8fe852f129ff1fe9a17b6c9b3c8cecf364f7,1
70e7a465d80c0c945f17a6053e0f768bcf1356a4,1
935b12094998c0f04e0631f086cd552565b01f2f,1
1410e79e7f81d64a926c708adf138fbce0e372d8,1
e4389f7d2308a8c3df2a961a511724513b519a4d,7
bdc9889d3a3f7ae66f04316050832707b6ea74ff,1
321f9140d13fe1f3c2eba69b577fcc1f476bd559,1
23114aeb8114ae3e58e5710eca07cd5201642b9a,1
1667ed9d1ca3065df44d123c609f5b7d8b442338,1
93839e2f73c78fd2448c15c5ffefef62fd53fe6b,63
ad21a4f07b6eb5d9cd3c475120bad23b249e8ff3,3
b682a1961a7b6853ad5bc47c0996d5a1637d80ac,2
a0a3b23e352fa8f1cc98bdfbaf504bf424b8dccb,1
95d793456b17a7b79a6b18211ba27f80d819445e,12
d016b572e39be5be059f178a57aab351c1793cd3,3
84926b1d5ac9c1f701f35245066e451e2f35b77c,4
c575c5d5f6002d5a9dac8b4d2942f6318b81c86f,15
6b1a4f30a80c3950c6c14088aa9ebf5fc54d4f60,1
ab7bfa86e2c3a23947d6d5aba04c309e50ff196f,1
241168926d1e7956eb99f464a968c3cda70fe8d3,2
cb6454118ccf99f03bf9264dc27546b5023bc646,1
eeab4141db2d84b1f71ffb3bd995cd7a4630438a,1
cb9dc56630f4c6d2913867fedf094e668e8153e4,2
Marlin/src/pins/pins_FORMBOT_TREX2PLUS.h,1
f2e630a05e84c3fe3837a4a3d88caf57100654c6,1
0b602ae101c3c518d34e227c9709fa86fae5fe45,2
dc1113165601db4675036f52267f8489464107a1,1
d6b9327c1119507a7369a72bc322bc6df2730fe9,1
aa6e8e932518a4463f6981b2dac1bfda46f4f9b6,75
5490a664f51c3466fc171492a7016d21876ab33a,80
cee34f72901788fabc358a31580c9894c6424a20,63
Marlin/src/pins/pins_FORMBOT_TREX2PLUS.h,1
884ad75cb836d5a37ad92cc0222f146ca9ff08e2,57
18e456d38d8625ac13970fbfc4e6bdbb8adefc28,2
6742026568b232c749f8be2bfd6bc61b6313e265,75
04bdff4115dc8750c35f6f7f9499e607c2a6117d,73
ccbd045f02ba5fcad28641ce238e1494198ef196,1
1104054d7347668a61e90fb6216e22afae2ef9f3,12
Marlin/src/pins/pins_FORMBOT_TREX2PLUS.h,0
217e0efd20292f5cab81af4f381af214a8bf06e2,77
849dea92a894a025595bf5c77fcb16503e63b218,75
a2b0260f0f9544c87c276a7b23272bd9307dd1fa,4
a4cdffdd69112424a3d678713cc8ac4c38ad8bad,79
ddcbf80f23ac588f7b792f6b0c2cfc9268b013ae,52
c411e7eb0dd34e3cfefd29b71d9dde152c99304f,3
83105590a0c833e5712a2f4e0059dd84381dd10a,1
4163c1a5140c3ef04af1f16e7aa0989893cdffce,1
ea9eb2fc8fa8a5b5e3349ef9e11543765f6b3bfd,1
afdd4803f8381ffbbe9e9a3632b4fc07eb341fea,1
d3d6be8210d9f1dd222153c317a9c666f62adb06,58
beab9733f8cb0afc72c657ba39557bcdf71b69af,1
5a74b12b45dd881cf253079270e379bc12d06315,1
f38570ac554d42ef8a3c5e0f177edcafe0438ab7,65
Marlin/src/lcd/language/language_pt-br.h,3
Marlin/src/lcd/language/language_zh_CN.h,0
Marlin/src/lcd/language/language_zh_TW.h,0
17494099a96fb6bc5a27b98ac2aa458273378880,1
140caf99b8c4e6fb45fb40babfe9038abe1f4e44,1
10590c2f80f267bba4e6b60078968fcda9c20038,1
e4ee607fc8cc925827d0e3ab7447251c720f73a1,1
bae8f82ba80be8dd90f52156652d46be0b0a2a08,78
c5e5cc5e9f20e82cbd15b47a85bf08bbca542961,6
54bd124665662347ba123abccb99af90063827e5,1
5fbfbde532655e73b173d03676b42ad96880e4a1,1
378f354939db76d68ca46e5812e82d380ec74e87,1
65045ba54b7d0b23b07ddb8b1064ead25643b0a4,1
09a2bee8aaafb8b5a4aa45398e55f0689254f9d6,3
115abf9c534004a962a100c48bd1c0da8be78f48,1
0780913848eea5048947808dfcc9143131f094d3,24
39732838b499d29b4d23aff3c662affa50bc611b,0
Marlin/src/lcd/language/language_zh_CN.h,0
Marlin/src/lcd/language/language_zh_TW.h,0
53bd0b55cbbba9815eab8e3ad1ec23d3e4370e21,2
722d186ca02a8469fd373e39f5aabdf3da7106f0,0
1718eff54adefc7cc95851f28df0c7e02eae3a36,1
Marlin/src/HAL/HAL_STM32F7/SanityCheck.h,33
Marlin/src/lcd/language/language_pt-br.h,5
Marlin/src/lcd/language/language_zh_CN.h,0
Marlin/src/lcd/language/language_zh_TW.h,9
f5c210d33dba860dd51f4cf45bfbffdebf53e34f,132
d948c6e867ace7e334a89df6011147bef85826f5,1
c437bb08f12f1c0535cc78a761b49a18f2dc2a12,9
Marlin/src/feature/bedlevel/bedlevel.cpp,5
Marlin/src/feature/power_loss_recovery.h,23
8323a08642894124bbc02c3a116a6a3d52aac5ed,2
4d99f9d96aea0d80da544dc088acbda5712b994f,0
6286afd456c73e3b41cc2bf345da5c5955b4fb62,125
1a6f2b29b8dd3bc8e6ef56d4f376f49cacfc8785,37
bc06406d7db570f3cff96d7bae811bb87ec03a67,3
66f83d33e632ee9432c905eff09d03f57f54b33d,3
84ed9b5a636ba21de56dfb85afdbf176d437f0df,1
215eee4fe58c7cb6d61f496a9c27194865fb7317,1
ff51e7322d76c37ebefbbde98d11c6a837a5efbd,1
809b232fa256c345114ea36c9fbb879e93b29f12,1
f79a5a9dee8e9a63ee4db4a4f9b3e5bb61ab46fa,57
c37d3ae97d9372d2aba0ef5bc1146181740bc815,2
4fb2134f00d3a70be996b0bf8547aecf031b7014,1
b220a825a769955f8df0a929f4a1d582e461fffa,1
1933d5d6fbd4b5bcd9fa5cc01bd1a6e3c93d865f,1
8bce5370c7fb72ce33437a7b7824d0871bd45e51,1
64d629ba2a5f4bc9cec022ff5b3f0bb8ca64c0cc,1
8584d3697d1e0bebe67e8d30184ef7dc04d873e6,3
06949ae5107ad64339d2b015fa128d1d467a36f5,1
d882717d98d08ba7a47234eacf291b2d82288f13,9
4f883d59712608d82d33d387d13571c8a0b7dfd4,5
fe9f088d60a48de369500ef74d6ad0a7c2c809b0,6
b6aae2b3225ab40e9306b7bd1a2385d011dabce0,1
7391e233324baea43597345cf72b91387762f707,1
5d5cd1332dd79c217425d3cd2f197de7880b5675,0
53b8c3bd66e9b796b800918d54b579c1217c762e,54
1b6bc194279b24e24df29bdd677a112236deac34,9
2ebfe90be964e321ee222c25eb4b15a392543f85,2
69d0ed5791b44ade5534e0b969d0f1abb63e3f4f,0
Marlin/src/feature/bedlevel/bedlevel.cpp,0
d32c4efc77350a08ea4f149c0889b39da1dc75f6,4
bc1ba998b20e68e9f913ddc5d9e89bd8cf11efc9,1
bad225dc04b8484a87726383edbbcc98e07f9195,1
0f7d82bab100cfe2da47d7123896145ca04089dc,1
d783400330249410499b7b343fbdd2a07fa84032,6
72af8e0f026bc3149696ee77dba8d0b26d99a7d2,1
7e8c073fba85c766d571bec47319e7ded1476618,1
0c01099f17685cffc3777e1bf89363f39492022f,3
eafd62308e90e98f16d3bf1725ba62eb1e0b2f2c,3
e25d2ae4a2063d30330facf81c4b2b93cd63dda6,74
f417408df10dcf4ae6fb6952391842aa75d45b86,1
3d7f2c1fde5d93f55b77a0521363f94a4047133e,6
a9c98a0e478995d9ca9797ddb7109b8305b1ab6c,1
9f85d3a9cb63349192444943e3cfbcd4dcfc89e5,1
e2e7b1d7053a3c610b7aa791a69bcfe01b65e4d8,1
67996c2b6663dc6e56c09f9e3eab83d773cf6ea8,1
9c8d9d282f23a1c55f7491a061949fffce0656be,1
e3aac596372b4b4d2076693f7a3a0d0b3febcf3a,1
f580247581f09bc7c28c4161fe1f9bb74c9add86,1
073857646bd9538db84fd7757844120e901b04be,1
fe4fc2883b9743696c30aab09a7d643ed9aff5ce,1
2a61c9a9394c68b6eb26433f15f1bca9fe128da4,70
b3efbc6e6e16a45e81506d9d901086b9d9fe20c5,9
3b2690ab02090f6652fc9b9084eab6ff3497c534,0
679e4602fe7709d6885f5716e0061475812fe519,44
beb51c2d58100fa6959d7216d85294f3dbe2e1c5,3
d10f29ae2e765803070ad024685972aa834243e1,1
dcfde2317fe9e3fe2cc37bd87fa4e09e73b74354,1
d5379ee9d68061b58207c3a2d4e81f4ea3c7cc7d,1
8d5bea073b1f60d3c160c7d9a0baa5a202cad6c1,1
9651ceb36b8e738a6088c310fca20dcbe763ccae,1
b213a89ef5061b6c2c56f379a9fbc6fbb53bd4f4,1
86ee74731ebde33a61753819c67f4c7af096ab09,1
ae1271b2aed9c5a255f3f53908d8c13e12fa602e,1
650d4313c4a7179da20142e2bd0ef48d8c7e7a13,6
530a13ab6cb681d0b14bbd9d73813f568c5ed68b,1
12fded46c2eed7d365151fccd6ad036e35281ebd,1
aefc2f7cf9a9ef19389c45c4943bffbe140ce5c1,6
72fdb6bab30f689032e3e330c90f7cf0eebee5c4,1
8b837dc3ad5cdaf3e66fcbf58fc7510f545e1ec8,1
d1ceaf5550a98049fce5c78983f798d096e43c1f,13
d62f4df0b7bfa8f9ca99f2ea5face12780b6a75f,1
fa772c31bfa032ccc13b808db05a3337b0832c08,1
8e18e48d49a3fe61348a2b996a7b5f4c32069002,0
4668c71a7537c84af28e46b2d1840bdb97ee485a,1
59e76e5fdf815448d320412d104940bfae21f61a,1
509ee44611e5f658e02f34373ec6a3163a1b8796,1
f8abe12a9c91a0bf2cc6ff35333b7d28cad8404a,1
7680b64aa66d3aecbc8d682af9912797e59c12aa,15
8c112200424c17042f1071a1854211804e2541dc,13
d0c96ee83ea934600133a28ea21ff6b36182b195,1
49e107cea9544bc531b8d01f47613747cecc1621,3
92069f1422022af4b232b91dc5e74180d209c461,0
05dc79e78d31ffae926fca63a19fb9beb43e2c84,11
18f1af2dcabff765f437e1f5add775b3a29113fd,3
74a04aed552fa7f93ef42fe3e5e4f095dda4aac6,1
509e1cf2bd96f1c3a0e7578ae61d7acc3607ecb4,23
e3debc796d9988394c83025f0a591a9ee367bacc,1
d55f44edba3521d278c04ad91ec7e532c6827efd,3
6a3207391f39734906ffc74d520a17ea503a3bee,10
77efcad1dfcc2eafeee9887b1261f26246536826,1
e3fc9aa35fd9bbab99cef13fa00b70f4cc5ab8d8,51
136860e8bba1937bc06c9a6fcdca2befd4afc357,1
66de50f5f86111ad0851783eb52bbdd190b677ce,1
ada85d5585472a9fcf32b4367678808597b3f705,1
607c1e58d9d899e0e8880bfb2dba8b996317e71e,1
3e81745e81fea173599b06ac9db7ed776e986808,13
aa80e448e24a27ac0006de4e3d3e93b18c73e3e0,10
99532135133846a52307f28278795cabb07163b9,68
0966bdcbc424908180fb9f2d963917236ef60ac2,2
e40a3eef04b953a9f7a73e1602f3f73c5f28b7ad,2
199613a416cfea90b94f39de613ea3810f5964cf,0
32e38fee7474d56a3e4d47bd949351d3c99c4af8,1
59cf217e7729a1c59493338ec465f1c68c912f43,2
2a2e8c314e25a92a212b0a578fb765da2bf55258,1
7ecb8b4af57a04c2d59a8853eedc7bc328281295,21
409a0632af82bc66b60bdd5d53ad8de15ae13dbc,3
0f14977b5d9adb77f5d953e48e2c3ff818828794,2
6dc9553aa5d8b35f54a3890e301c9a02c7aba308,1
a15e570d3b28ebbdd140aa3dea600f7a9d66fe3b,1
66966dbd6906eeb458d0541d1847f06e03ec19fb,70
933d833ec896a2d785c0d7c6596c74394a695be9,1
d1c9517903da3e7ab84e34ffb2c23d0772f2ce8c,9
e2b8fc4f176ea3619096255fb7183d5ef9f701a5,2
b71c2b8651f7dd01197596f38dd7f7baf3b0946b,4
a317bb4991e5916e884671e6240e162789904353,1
acf5ae3083fd1c5c0a8e14703867b676dc56908c,5
ba1919c1eb3b617f8570b74c8540ead3212f992f,1
0987ed2a1816699b87a367cc4aec2a39dcf5abef,18
6483285bc5b41a6d1f38e1e52dc046be98ccdc06,71
f8c52c9c29e3167a64ab4c64978b1b740cbc4a6e,56
3671c63cde757b7d1bbb56d794305de812eaa0af,1
593d5375eaf51f6c313c7d6b7a5edfa3a9e46a97,1
f0dbe61692247772c686bd2e1fb6be08810d6942,1
2d3317a35be08ea82fbd5c2b4dad207b2baefeeb,52
cd9868f442d07ff2de8491c064422f044c6e8f80,1
97f6396b25c4ece6ebb0f11be582d2b4e2ef90ac,1
0e25f66c09ab8cf34203ded210498b554474e8b6,1
ad12b9b46be2d383542b691e81e4bf8bb465f8cb,1
Marlin/src/feature/bedlevel/bedlevel.cpp,2
b5537dde7f4736cc223d0339e19ef7c2b5da2e51,1
8f0bbdcc9b0334754c950c1903016d95539b3aaa,3
d05b23941d34791a6b9ea38b608a7183c705e80c,3
a77f8c6dd51bc035a90815b9d9be15bfbede8e71,4
0456caf0ad12482b05033e9423f42fd2df2aee8a,4
Marlin/src/HAL/shared/backtrace/unwarm.h,11
dfe18ac633c47a7cf78c90afd2293c2a32d5783b,1
b0a8ce59bdc3d6f0c3470edff735340de77c710b,1
62ce937540cc2948511e7bbe1aafae9126e6a843,1
a82be36d5dc62744216165849f34a617b661775f,1
00d24a8219483c51057e4276c9618fbb051df606,1
56f1e17a25c0bb73d57a23b39e382269dfa0eb51,4
0b2d68616057e1dd1b1f78c9ba70b71caf502479,1
a98f21ec5e8356ac123d0f62ec67cdf83b783240,1
db306507311862946a966e006a626dfc28f69ad6,1
aae4c67e5d2a617144069bd3a61bdb3045938811,3
9de730b2bf63f800065f912c8d20b750a34918a8,1
c2553f9888e1fa7e23f0e3da26e289eb2d51e473,2
e9de321ac0abf968393fec4815aa86c286fe87fe,1
952a1bc9d511510d94079f398a747c582ef8f6b7,0
67613bf5bdff1e577aca27028004338e90625a3d,1
bd6d0326283a3b90af4712332a8fe848a7ebb5d7,43
1561e61df78a47fbe7a1b1b095a890c0ddeba77e,1
b37bfeffebc0013c621a09e4b8bb3ea811517a12,3
5573ef62c69a7f69e3ec726c4c0f00ad43d7070c,13
846bd24eb95d9fcd22268b15a491923a4c70da0f,70
834ea7fcea251350ca2db9a43eb39177654ef7d1,10
c64199941e058abb18a06be90002f5f03009347b,16
Marlin/src/HAL/HAL_LPC1768/include/SPI.h,41
5be2559eda5d6bae484104831e43b1b0fac8517c,4
6964e1a95a8ade26f8432065d92047efc0ac4653,7
ccf65c53972477e01c93f7cc96f21ec80e955399,0
865ee5985f8a9253897e74ca6ee707ee887b8181,10
a4b01483650ce50e3916d4bc16553429825603ec,6
cc0a60453fb10feef9c1747ca961b66abe5eeca1,0
65c5227c29e9fd037490a5f9466f1ade73eb2bed,1
577aeb4aa91c2f9ebc9b7e44cde23da647893a32,2
6a8b906318dc182f5566a9777108360514bfbd35,3
66d2b48b5995a4225029f7fed84a2dfe0ee9300a,13
60f13767985da920cf77197a6441f6aaad57a2a8,1
fd15b1495a7b5472cb766f59367d8c94251d4ed9,1
11b411a8720571eb5d07ad36d27d8ead39fbc62f,1
f1347f783db7e4a2bbc7aaefe90f5545768f6bfe,1
0bda22367b3cf1de2ec6e33b9bf12b9a69e08b2a,1
1b921b246b873c0548c7625c57491c7d7b36fd5a,1
aa9d329560eb9c8de2dd68bbf0797c200e540b33,4
c93538e9f3d409c9b96921d0d9ed4681fa0226b6,1
0af22549a6780d3486da895be7a920bd6c02927f,1
fc55f1da015ee351c78f349d92bb5ce392cfa951,1
b328fb4dc9ff9796715aace679d15799c9769e4b,2
42ffa58e350f6f3790bd21184c5240339d607791,0
72b086b90d830b24b0320e0de507daeb2524f841,91
a1a5367380931a4c4c5b3eb0543dc8d7e57aa4c5,9
b7e15a65e3e3b1cc900f498f59149a96c053ab41,1
f891416e701ccd9e6153c20d55ac9407a0fcf017,1
e4ecade8d407354a2e54de0402cb3b64fee7abae,1
eee1b7c50c37124816acdb9b2fa97e55d04746f0,1
e85feb254534f66e4093096ab42671f607bdc070,1
79835590e3009487d606c7de8de6a7e07095ea6b,2
131d216afada6cf30ddbc4387f1ffefc920106c9,2
9c62c47579fdefccdae5bb58dc706a58689eed0f,55
9bae4139010258127a634111f4ee9b2c05f85c37,3
f2224755adb431a380058b62f063906725f92da0,1
aae02827c07ced2318762a8181d63697de7b7b0b,3
64c493ad82110809b4cd4d1a7dbfda926bdb5b0e,1
b826bf41945b453067c3516eafe67b8ed035f0ed,1
2cc950d67e8a5d39a35b588249ee1660bc0cffe5,2
16432376ab9ac694e6ac38d21dfcf001e91cbd27,1
74900f7a70f339071fd1e03176260f61f668d4cd,1
6dafb90c0143d615430138f213a0fd232610119a,1
5ce5ff8e9befae837d583527b591445936fbb7da,1
15d68cb496e3b19b047a40ff0483e577ffc98f2d,1
8a24ff94d1e66211b0941e9110001d37a94fa460,3
094e6d81a52fc24aba13b632bd4693263ffeed18,11
244b9a8257368583e9722ba4db4e1eafd0ae0174,1
955a7f0ae9cc7559d7c3e1aecaa7d66bcb321888,1
aadcf0891306bfef9f085390931095466a82a6e6,6
Marlin/src/lcd/language/language_el-gr.h,12
Marlin/src/lcd/language/language_pt-br.h,5
Marlin/src/lcd/language/language_zh_CN.h,0
Marlin/src/lcd/language/language_zh_TW.h,1
4237c3d9f88b3b2b9d6c43e3e51964f404f154f0,3
624986d42315cd685b29cad7cea3d1a9281c48df,10
e2aa635e705fa1a539b690d96c0988ef1ecb68ad,1
67b205fd45dfc0f42da403607ce26b09273fe217,6
d1c6687ecd485c0d3190d2741cbc936edb56b80b,1
048dbf6eca3cde54a29b4f8e2430f03914616338,0
e05e95cf9721262d241fe313e9a4f15a779c18d9,5
22ebbc091f4d2864e5c530642abe5179515aa157,1
32de09f5c5ac402b23dd537280beb5d98a998058,1
9c2bfa2ab33d954ccd513187fc78cc0256c8fdff,1
bd3ec66a78eaa9d492e57d67b1b0729084d44e61,68
4dfbae0e5ccd6e0c988ac029b7cbc5825928d44b,0
fbcdf5eaeb4f2265fd43097ab6c652a89842d8e7,4
Marlin/src/HAL/HAL_LPC1768/SanityCheck.h,21
e5c0b490c891336cf7dc19e76cc25b6c410c59f6,90
fbdbe5329041bb018317d498bd22f6c5dbc2963a,1
14e2b111957a7f84e3264b677ee0c375959303a7,69
4685c7d59f4fd612c9756847ea3b6ce1712c1c15,1
62fa028155a66b110a2030ef40995ad868254404,1
09485f63e9eab3726d25ac9e75fe69adac1fd988,0
Marlin/src/feature/bedlevel/bedlevel.cpp,0
a35abce1acd19da04c160ae5a861dbd086df82fd,1
76d4cfb064b9daca0452055f73b92c20b698557b,1
41957575857b443752df0cb18e9793145a739140,0
03b01e25002490d40e3cf9557373cd33100fe029,1
db85ca93c40c4825a68abc4d33e2454a3db35dea,1
9660996cc3c926aab12f851346466c4c516b9a31,51
39c8aed8ba5ffe745c0df1b1f9988aafc23c799d,67
2106fa26b19e1d3edc2b59bfd1504f7b4e87683a,2
Marlin/src/feature/bedlevel/bedlevel.cpp,0
17ed0f815cbdbc38d62b3f5228e4ba435ce99555,1
6d2aff03bdf661d5de7fb3e2cabd22c1ab602049,0
63a146d42411ab4cc351bb13a3ec698906aceda3,1
665ac1e4d0d5d7ec5b194375d1ae3bcaf0268f46,4
2243f72523d9319b2184f6d8430ffa7eda17d5d1,49
47d5fcbbccb227f47da3290f40dacdc27a85f599,1
c83109c0ae9ec51538cdba83a749d756b171eb59,0
64f007580b0f1e534da8c223801c8a25a060ac61,2
aed1d17a2d0495234f015eece3d035d07212673e,1
8c40f0c6c79dbaff580fefb9425fb8962d77f475,1
b04e0c0cbb7fecf3c52daecd9f699c651557bd29,1
065e9c3d66bd533694664120398e7419de3bd853,5
71df1f7f5724d2f18865969fc7c2dc1625b391f2,1
902167fa78a4893560d82dab8905c94ed265ed2c,1
a26fdf6b68db5db89571e262d9653b7d21d1f88a,1
be7d1dfb3c543803b330727ae8aa5d6ad48d724e,0
8f686aa449237c4e9ac5eb184e9b35427156fae9,1
f38c81cdde22c82437a45cdcd18803ac534fdf28,2
Marlin/src/HAL/HAL_LPC1768/include/SPI.h,1
3b5dec4b13033100e411421283b0554fd9f10d51,4
c43793aa1eae64cf442d2dde2c7c5a1846b030e6,11
e486326910615e0f77da57d4096a44c2c43b53d0,2
e5ea9d200f0ab02ed26ed3cdd949b28495716657,1
8c57cadbe747f9c422025c212aca8da3e22fe821,1
fed68f29afffeff0a733a10bd95952b2e60e537a,0
bf7d0ba8591ea0baddbe7e35f773df87a3ae9676,1
12854f190972f2ff60bbb2dc425334e8c6f61b09,67
25e2ca88964a0f8156ccc385393102feec5443d3,5
fd8a76493bc0971d086b76eceaea60d84e32362d,2
c8d24a6412eaa486b6394c4ca3d7ce66ef8fa3a0,1
566d05006da2ef30f0409664bf21b6211e1daf83,3
6b521b6df286f3de3b2439d1bee7dd34291794ae,1
20761b88e0e112935f03b998ad772f705fc05e39,0
603e136e87e3b26177eff8d24d5df776c055fcb6,1
03fa05ab59ed3727bec027f6dcc4fa53966e0de9,1
ed720194d25c1820a6754c5871c2a735496b5066,0
Marlin/src/lcd/ultralcd_common_HD44780.h,0
d05e832f29b940f1afaa332b1f4c096c47324a32,8
63f4c9bdb923d8ec4d11f9b261ebed88d192274a,5
b143441251bd15009a36a776cff7acb2f563c323,2
dde009efdffb46c307b849e4b0ac4d4d6e031b97,0
2992112da038e1ec57a1a378a5dcdb7076aa3453,2
1367df2875b4aff41e9c98824e3f7b56f4403e4d,24
Marlin/src/lcd/dogm/status_screen_DOGM.h,13
d960d448fa6aa463707fd6f88199b807573c1e40,1
68e6650df737450bfc469ce5228e9babea4a8966,3
e7e896e7d7d90e50074b0e75a6d968bcdcf794fb,1
55f4744e543821300e20d436d68d7e0ee940f589,3
5abf5bc8a7c80c18fc633d32c53df3cf78d804fa,1
cbea385ed7bfd2226e95aff0a4868bc7221d9c83,68
6837252fba4295ebe22ed9d160ba1075ad2fa4a5,0
5379c115c8ffe29aeee23d767726075d0738d80e,1
9c058091e936e3bec2900455ace27db2643ab565,2
c7ec6c68e7ea50b650e667fc59c8fb919cc32849,1
480a3d3d0c37f0f311b32611f00aedaea42b948f,1
47ee149dfd13425bb12320041f7a2d9c8abd8d22,0
8c0ec81a19a1c06337a4b4ba889c3fa734ad850d,1
48c1f32b3edee6f51b561142ce0ab4096cc112b5,2
568cfe7caa3a8153ef9618ea34cfa0a905f1313e,70
1a0f4dedad5a564800520418ec01448982b9b023,2
Marlin/src/feature/power_loss_recovery.h,6
e0ab8acf198648f731074f9b14f3562b55c5dd5a,51
4b2af6ab483fac4d57304a7810d6cbb138cf6ab1,1
Marlin/src/feature/power_loss_recovery.h,1
1ea222e6fca4c5ae0fb0d3f0af72c2a5f01aa448,1
8299ac121dcfc7c44eb58a2faca2e5d18a1f839d,1
3de0c85d4100723b512e2fe7c47ea2ad90152b79,1
cedc1581064212a72bfb82096f7bf242521f2de3,2
5616581eb147e1ff5a364e24514cf0bda3d14284,1
8a8eae8d9759af7e3934d371dffa246229a0cfc1,2
c51e27d11d9ff0b7ed0c50d4895db322659023d4,8
90ba77ea0fcaabe604aff9190d42595dd3bb9f2a,3
2421f3a47d111209aa0890f6f6710bf43056d568,1
f9a090b2cf2d6eacd17272e7bfe0cb883fcdb0ac,1
8eaac0dab37b4376ac06f1fefd469cdd6bc80673,13
444725ae9a669c2ab87500346be147802b6a6f20,1
8c9f90153ef8cce4ddb75b54963db357aa255e72,1
fc10101b06ff0fa4dd47cf0b2f6aedd60bc2fc3e,1
05518d6addcb511c76e85873226e22860925a973,1
d4fde9122288821d1c21f7e267aeb8eec7622e68,2
a431013eb7560e3d6be4dd02ddc3db172e01f2ff,1
bd7f5848f1a87b5db4709178bf1024de8aff694e,52
fbf1c9b4961dde2ee64dfede3857170766bbf5bc,1
Marlin/src/feature/power_loss_recovery.h,2
0fff79c24b1fbf890c9d5b25172a6f0a6274ad34,4
c36efd3106f840faaba6454e2433a7766b29009a,1
3349eb002010f64760124517eb8dd137ea5f7699,1
a264030526b5d8c029084a410b465c9bce783f64,1
42f99214822cee44279d34e6523b539e057de385,1
921685d12f99fb0dbf13b5bbb37b6919f29384f5,1
1b8973eb1c5a78cc07471c2fb7316210e1cad068,1
aa4cd2e861f195836e51c42fbdaa962bc3e085c5,2
edb21f349ad18d2948ff6c313c6d43132bad5118,4
4d3a9930c55550366ed9dae7d5692f5b376606c6,1
053438a3aa1b6b8318f84f4a9105d39c3a0be46a,2
3b3029c4bfd785c19f791493fbea68fe312abf9a,5
d13f76b7dab6d08daefb0b74a21833b4cb6bd1a8,1
229b26b02ceb5f313abe341c187ed0c4a3daee1e,3
0ee34eb784d5428a7c9435647976a45253817197,2
ffdbc1f42c7db64807dabdb5ddb31324d56eb35a,1
8d8f257384354fa6bfc0e4815fe2ad865acc566a,1
5b49fccf80e0f17aa107262c649ba2777f8d5cc2,51
d86f25ab63b447e2b2121002261c2603d3da9041,1
fb4e0b105b69b8d7289b166b0e88dc6595ffe689,1
48a15d1c7e78eaa716bedecb80feeae780c7234a,2
3fa9aeb5c7bf0489ab294f1782048500d336a542,1
7e802145cc4f316c8ec0a86f280b9b54360801c9,1
3b7c5a31a31c0e527f9648f342fac78633f52d85,2
50b6204079e9b6d4b756968543dbf4feaf49e49d,1
99591dc20cbe6f998850e3b42b5f13e7789ff837,11
a5c11bf578692b55beec03128047ff95f2b85976,0
1d7dd0edfdb96c0701289fb008986ee572292dec,1
383129728a712324445c4354961a37de42610310,1
1239e8eda2edbfb0e78179424c6546f98ec97182,1
7a84b0379698c17274348c4d5b64890b503a0081,1
a2a30ff0ac2be6c915d7b0193c827bae3395638c,2
e366d55bc2ea9471397c1f414128de5e8171e660,1
7406f04029da76d4c6564677ed783d9fb55fba45,1
7c54c4ed2702721c51a9e9816a5a260d43222128,1
a65d15c905e425737a69e4ad2a15fd2e97338180,1
d4795e5b8eff93fcab4a80d16cd7bc5ceb2ebc51,58
e23677a7b2d0f797e8773e2ff283e4b8a15307fa,1
0312c42f9d9d7df342547381bf3dd07097b3e4ca,17
c1269c2ec17f5941a6867437121975284c28be9a,1
da94e0bd27f4c434ccd861ac3ab12aa9ef46bfbd,2
f88adcbfd550fc62fb64e552b94397486e2f9ad4,3
fdd97e649d500a27890ca2b454ce5dfd2b9734db,0
e2aeda61edd123997c77c81483b81d0e99bd18f3,23
091f74243240992be5f6e2edf7e63a585245e183,48
19d4c7c1cdb262b33c12c67eebe60a2a040401ac,3
7e8d2d611d3201ef6a71a88d13d0a5e779d0365f,29
cce0523a953f41873195946fbaa4099b85110d97,1
4c8d6df13c70af8505c2b58796699aa74a303235,2
81edbfa665ab79e3b0b06ef42c877a83d7a522e6,0
f3fed52348005c313d5565959545fe1b3a756662,2
a215725df6a00aa61c5d5a8c5e2d109810f082c9,8
0d79128c8d6830c967f8f6091a40dcd65d7c6a53,3
a9861a780ef73956eff8601d75e3fd5872376b78,2
cf53e502a21f2927a128054de1f86d9e6615230c,3
e0276d2f329e15f8f77b1684fcb1724d29db8609,18
4dbec774b5839df5c0ec0b078f21bb2e07b86707,12
928e50e724400f4c2a332b710cce272188e73dfd,2
12689f2470485d2b8bbac9fb940e9ab6506d178c,0
9b945c13a1b5f8fbd0677e37be58ffcdb41856e5,1
9d04f47d9809a22f2ed41cb8cc093ce68e5f5753,6
f2c3b0d47646c5b56804f2474ae96c0884b783c8,4
Marlin/src/lcd/dogm/status_screen_DOGM.h,8
4832be52d769304d9c92b470a88b47296b9af50b,1
86170e6a66b115ab6fa4def988e8154f729c0900,2
2ddba201c0df622afa56549e551a206c73d3f185,2
43bdd0bfe4beda8877b0445faf23f3bbcf8b20d0,1
b8f8dc72f03545ac7185f78334c43ef4ce3aa60c,2
2ba198a624d0bf0b00b044ef0d26514ab54d2a3f,1
5590c8ffd0157d12fcca77f7a89d5d41d54945ff,1
3fd1f32b7314d3efed6d4948ed5a7f0dfd8f7f9e,1
117fd007a9f0cc1b46eb3d9f89fd4ed910ebca2b,3
ae07a3e4aa8eff8e8060361f3e21f97bd26d8dee,1
20a5db03bb3d9ed0b9a7177cec740ba45531dc52,2
a2f521d34b7a500bcaea996e1f386b57ff40d2f7,6
590ce1c33e3e7eabc21f7d5672317513345818c7,1
968a5d2e63dd53fb6a241bd75c0e073539fada71,5
4b90cd8ead23e68f9c0f1681f7cf4cca70059228,0
f1cdfe3dfd06a130387cd62e887094573802832f,1
6f14bcaa3e85abdf5f043bdeab2d93024d75ea9d,120
39a7e7720d0b14e7c55b65d7da7973b528d184c7,57
ae15c5af882486ec1db5d734d378faf9fa6ea568,0
99af086cea57c8b6ead0cbd2fd717ceedeaf407b,5
d90e8fcad91ef0205137b4439995366fe2335e78,4
bbf80440bf79736fa99ef0623edaa1554b453f17,1
b64cc9329e821f5ab5b00b112636aa8c2c7b7637,1
8a376e6beb911a3923223755c897de85abdbc38d,50
3701869e6cdf3fe24b44da8a606575cf4764f872,4
e970e429b64bc6b6314e7f96b293db87097a79d8,1
d82704354fc491c88c76dea6f48016b0687fd422,1
779d4a17a0ae4a75164cdcb813f62f1846bb72da,1
b9418439b94d6d7ba1b700d16c78888e458d4102,1
88314b891050d155a6d79ae128d6f5ce74aabac6,1
334341c63275c3632854199cfdb60f68a628362b,7
f74278b8b1e19e29127651a3647d236b63fc8d47,66
7ba5afff0174125fa7178bf42bc155c141f9f1a3,63
55aedf036ba376821d369e75c98bfbbb10b3a7ea,1
e7623b57888e3d60030c86386e24ce302926481e,1
a426986df830ba0e30249d394bd15f209304bb60,3
d8b983f6246cf0be0fa8341800f0e1df31f7175e,1
eb1026d4380875228c86436ab319902fc345b789,1
a5b0bf86f16d05275218dfa307cc8a7665d16b23,1
c2bdbdffaa3dedfc06660e29b42df9ff519110d9,1
c9d1a620d43766e36e8d8860e4d7a225b37f4246,1
d550da084f26609ca86fb4aa1aec5fa8895d25bd,1
c16e41e9e660a7fc18584f9d81e1a62bf54fb97f,1
c685c7b7dd725a24160098632849266f16d7bd46,1
85914423a1a5d15f8c33a2c754e196dc6f956826,0
2fd9ba56dad9bd884598d1ae435d7cc54d981785,6
Marlin/src/lcd/language/language_pt-br.h,2
Marlin/src/lcd/language/language_zh_CN.h,0
Marlin/src/lcd/language/language_zh_TW.h,1
ad8d3150aa4d6b792b5e06a63d2645991136fc50,4
61181b7f24a486e379a90799192d1801434a51ee,1
d3c02410a84b369443654ef77f925562e9b87830,16
ae1be0fa53fcfec8673d9d7004c5b9a7020e23f3,0
2deff0d9b96e117fc03870169b52ac785d7bf430,5
6885ca606c646955a541bb108d477518fdf3df92,48
d87257f63c7f87e3b840e9b87c42d2f5631168cc,1
ae322e0c540200a2a01de93d9e91ad2d8a98ab1c,3
d25907098020d60ddff91ad1abf6ab253d97cc36,0
Marlin/src/lcd/dogm/status_screen_DOGM.h,2
21d812d5020aa917072169c7a0be4c6becb4277c,1
d3c473002a5168429e4310463e5fce80283fc97a,1
b90f54b0fc6b7ae42e1a45db7ea33f81fd9e7ca8,1
3f2a062a57f90561b59772e1e0db6da28701f410,1
b6cd8d9cc6ed2ef49aaf3da2ab9a0915fc5e6602,8
9713538427b21ae981794a3ecea77bff88319976,1
c68b7b39133091304672eb1aca6252219a26cb04,2
cbcb284f4a32568c0c0782e8e3b6ffe6e0e485fe,3
f89f7c4a82870d86dc8f31692fa5cc5cb652be1d,2
4299e5dc8b80e4f6daef3309728d58e09f514d43,2
8f14ef855de42ac3535dd6b9b135162d8716dd14,1
6919e876561eb2729419212e7887b6d34748bc93,2
16da5c62d08985803a7dda3475823a8c53621922,1
853a9056acdeae8f6a641506d004e982d1d54bd4,2
a4f9c3373f80b76c9e7703501f82c2f519136158,1
9b9b62b2188672469894e171eb0996013be44bb0,7
1ce97f1f6d025c98036de097113167c10c4a6ba3,1
0ca9db705191d0b36dea513437ec518b0c0211a6,6
945139e328f80b08bf863196c4f3a086b4a59c21,2
9c235ef8210049724667951f63c194dc157837dc,2
7b9f0302d4113941beeeadef3f1f75ae6983cf18,1
2566342979481a81cd48c3eab1afa0ea926e19e8,1
1b200f331214bd6f893729a56907fb3fab61e5a2,1
22771dd2dd804b08ccd37d8d6f85888dfbbba111,1
6775a16c9785bc3d94bbe9a0f20c787e40fc2916,1
05fc7619298af124e6f0ff28584cbbd437d87bd6,0
2e139fe50ffe77b7796a907fbc0991491da72ff6,50
931ab4ec403092db36c44fb4ffd780e3d08184c0,52
aaaf09bda27eff38d773b4b73925442f61d34866,74
cf7d5a642aea61702823335c3c42d9432270802e,2
1da2c4f1c1af953b8fce109d8d38fa3ad5e7fddf,1
498a328148b86741ebf55d2a7968e25f4fc5b5f4,0
1c0ad8bbaef52f2bbcc27b1ecb41b7a4af39525c,1
01d37e00af73bab50c084d01ae1f837653781f52,1
6f330f397e58130dcc9871fba33786575ac37f6f,4
Marlin/src/lcd/dogm/status_screen_DOGM.h,12
235facd545cb7c1dd4c1b2f894db791c82181f7f,9
645df23eb0cb11f67ec69959cbd75807e24ea225,1
d74e333c0f84ffa1c5d0145bba350d8408a966e4,2
e2db509d58bbc19da21314ffd2773602038b878c,1
7261f48872fd9adba6ac890f886a00daeb852b0c,3
50fa8e01c1f2e23face239d7c7bc48cc7aa1e58a,1
a94506ada0d6808b11b6e5dab1a34556c7feaef0,2
336a02252958d900925422902b314ffb98a559c0,1
f28e366b775919a2c604b0ecad60c73b0b9ca9ce,1
8b44745bc75918fec1aae8c57666a50e773499f5,6
9644d56b42de1d45b292f67cda950387fd76aa06,4
5f8591528e7c5faf97a28447248e31c229d772e0,14
230ae6a14385b8385dc66c2b3831e29ad3ce89f3,2
3e3789da85e4d25693506df9dfd094aabf98d50e,4
c89649b46e86691a8b5b28557c4f248febf5fb0c,15
bbd09a99f132e9daf0240e42947563c9bec9c19f,2
ee333f6be2204c6a7fe9b254f567412762e62c71,2
d98bc71af792709d6a0759f5e527c24f4a5db2f4,1
22e0691a7024c606dbab8460225a6accf50be80b,3
4b610b333e3893d8ce3c4566d01d89d70263ca04,1
d2647c1f19c9658075e06d4c5f563312ae6aa794,1
3bb950c69a181dd01922da040fbaaae021e1ac84,1
1af98519cdbb5bcb65321ff9378beb45b133d96a,1
Marlin/src/lcd/ultralcd_common_HD44780.h,0
0c3773d724c16d4cbdc3e92f3fd5a127925b5022,1
4118199ddd94d1cb46ee96c21c49ca5dcd48bc4e,4
4b2f6e3b2b0d6773cb15e55433bb243625ba71ea,73
65a004564ca95b810a682f224c0b05fbf804dc8b,1
435ecb6b67e285becad4e6ca8375ffc8b5cb6025,4
6dfbb39f832a630f49513c67c7fb4ecf1aa49e37,2
68d7fcec83b4610b49bab0e63d0cdc435984d89b,1
d557c84a711b0c783e4524fc8fbaf8b58879bdba,2
16f92dca445ced48219344bfb4a0dece48941dc5,0
569df3fc0ccb8b000cc56dd55e6369008ed3f7a2,14
a4af975873c7b0c75d986cb829eb5d869a4a6b8e,2
e0ca627033504dd7bf8d9b87ce9ec526ee792276,2
a11eb50a3eab6d58d595a67e526fb51190018db3,3
Marlin/src/gcode/control/M17_M18_M84.cpp,12
0566badcefda3146fbccebade4a9131cde5e6f20,11
c2fb2f54a199efd8b3e52cb5423bae485b83963d,1
206014a957a8142249172c4bbb402e6b3bde752b,5
59f7861bcb7431fcaac1c85ce3ac6e8d589c19db,7
Marlin/src/HAL/backtrace/unwarmbytab.cpp,7
228139eae613b5921d1762fc83e523d69bfabb96,0
Marlin/src/lcd/ultralcd_common_HD44780.h,0
7dc03ce721bdf7577b78d29205d030c45d50b7f5,1
65270d6a96900a56aa02609bb0fd0b8605f576fa,1
62e2987488ea85d67c4effc9038ce9ddd9912c22,6
9ad42d661750f95d594b305ceaf106d37e5bc766,1
fe7aea7bf63b98209183496da4176fa0a2bcaf10,0
83d42f33e140680a3328990cc3bf899b7dd84370,4
3c76bda2d8d1f198a9e6dcb94aca6e383c9d5392,7
8f18854d4da1fed85b493f12f7faded7d02cb8b4,1
c173a31060f904dc4f3017352965f50c08e6272e,4
e1d9046efc6a3e8f2b90ef29cd7b45dd318e1fa3,1
9b64fdbc3af15f3e5f0f0dc22b0e981f382d11e8,1
50270b53a0a2b8d716f1a771563e17f9753e14ce,5
06fd4d7b28486b9ca292e73abe4f6c511bd6fb7a,1
40d7e12827646ca7f6e2a8853f45e5f6274e2c80,4
b9079aa1b5301d7b07b764ebdf7788e60f99163b,0
9a531da861056a0baa00a0ce746d9f59b2702ea9,7
0755fe8ba25a1dd2eb3a8e14d295742fd242754f,47
43ddb29f9ed0eae0b0e1851d6b60b372df6006f0,4
0ea60d506a9d5676afe0a47c39dea32411068f1b,3
eb2eb727207d574deb0db4aef46621a33f1c7f0b,0
Marlin/src/feature/bedlevel/bedlevel.cpp,2
b7dfc7998833d5d63d1d7a8c062c45c0893eef16,69
3f6073e23a78f1cc96781c1176702fbe25fc37ce,1
7edf5bcb7b9ac8bb0be063264aabc736a044ed85,0
ba100e95480b2b7a596dfcccdc0e182ae6d7c51b,1
fb608938f86e114b9e9f17e920388717dd3f247e,14
35258dd50ba09fe6c3d1c8d476c61201bc743254,3
37b15fe4cff0c92479135481922c560c586c4a00,7
836b0bbeee9f447685f4ae3f649fb85dfe91554f,2
ba4c32eec52353159d5a5dd9c5a7402b8113a036,4
d9154ebdf6b23b52b39198f64be7c0e95b12c334,1
f07260c33fbc7f5aaf3c57f5bfcf8587a7c77ae2,1
883b0c98808e09b2375eeb1f107ec931bb72c9ff,4
8f3d313086394354094e52f6854c16f039a941d3,0
08e36e264e72f56bada1f25c1a784d6e3f9d2135,10
083ec9963e2ab37d9fbe3640d83fe3fdac6ac613,0
Marlin/src/lcd/dogm/status_screen_DOGM.h,3
99ecdf59af907ebb8d2d847863614094bb576e3f,52
9d98a62699c92c05b8c142477951f27af2d71a43,8
8f8c6a9bc4f1c8b2d927e74339a48217d9b48ec7,12
a1062eec5b6afe38d6769beea89bb14017c3f260,21
f5aaa2d6c0e4b543ab9047b48c592081921c903a,2
3614e6ce0f5ca5ddf5c4dd76b2b6fa12220cede1,1
625035a9cefde67da3f9f5933a2ba9e636cef5bb,6
1b225a28090a99ab56134cf60e938ab131fb0d6e,1
306f0f2135e4b2aed749a0d1b870abf17d883e38,11
Marlin/src/gcode/control/M17_M18_M84.cpp,21
f2e3c9896e6f1b871e3889bee40c8f0ea69acad7,2
acacee80a26f7f46cc4119031a842d3dec604394,50
d99f1b22455e21cd21744baff27f30d7964783a8,2
8679f671ed678637eb7165f33b37cd7ce8aa242b,1
7d78f3476b3a8f6e6640d2e279f7e1d5ef5e1a23,1
6671c064cd83e3e8495c73ec4dbd2406811f36ea,1
325bbbc8c2a65218ed6a0abc671e74fb41e6fc27,4
c43235dd398e0e0bf0f2d8a7a5dfcefd8175c35c,2
613a3be16716cb31f184164b4ef658d5e19db568,2
23a876b08d235bb60a19c85a7d00891d4991018b,1
439e0cdd0f8b0701e5468111c37d5f2036e2d0d6,1
fe5c308872f573790bb75edd2d7a1b592611bb13,1
265161ba3037325bddc3a234d834b4a26652af8e,0
Marlin/src/lcd/dogm/status_screen_DOGM.h,1
57c2f8d2f6abc3f769b11ed3008e0f2febd773fe,1
b76344c080ce0b7f651290dcfeecc6b815fea916,5
473c6d3a91c1be209fbd1a3ba050fab677459876,1
44f3a6dc3b630b81e37adcb5d0b6d3dfd7bdc27e,1
722aba77f35fc1d274ca88043e2de2c117b91422,1
a225d2e99e038c57f14a0363d22bcf27aa584a8c,1
6d9ec1852a05bcc2474a8baddb81594bf345b0de,1
19f189b4e5e10bdbdb3b28d94fa180f74cdbd654,5
2cdaf76c402412f0d0ce904ca59327e5fc5b2da9,0
4c663b02162feccb886726e26f4da153dab9f724,48
4d4bf7897d1f99ce26062126d3ec9982642b7a3a,4
0436e16fb22ce411311bce5994a315a991ec3219,9
d1b619be52c7af5c506add9ee78d4a4742e22b9c,27
ec0540845328a4675b15a4c5d55f5dfe117e6563,1
55f1f8446bc175bbf9dc425d12776e5dfefce35d,1
4e16e699c1715b7167f5655c8d6c2048240664f1,2
a1fab8336e1f19c5d69f5de12377335ce54d2521,1
e978e6e7820f70427ab435bfaae0feada713973e,69
8c5bc77fb90f91a2d088b0474a9670627e478c75,1
1f11b0f612ffc1087df6a46c422fcef4f2b1eb86,1
f30241bda521c2844c3d19f7728b55adbdd0dae1,0
840ff609521ddf999ed1ec9dc5bab1615a177cdd,63
71cd681473700a4b55aa265b63aaa0ff63fc6005,4
62e7a9c6713e7f719f2e38ce5efa9cacb8ed95cf,1
bfe223e1209af4e50917e752124c7215a4c38953,8
af1950a63e4049c6f870fffcc12bf6e0f15dddac,5
0c23792344a5134dc00446c192456bf62094c346,2
c2c02bdc67d9a104567d25b7e42718e0837221eb,1
b337698f964721950136ef85d039c0da1d780bc0,2
0125e009d371d94041c1addf605ebd0e9bc7ce61,1
76da6cc54484133acd4b7cbb45fb2ffaa7228961,1
d10cb46783d8461dd09611e7e2585a2896b99540,0
81b632c2558257c31b2f762e9bf8237c03638e07,5
e911635fb1604b7ab2c2bd9f829446c2718697d8,118
00e86f1c2d4ce0ee4a53af6acfb5676988b6b6ce,2
410b023b50c1c98308b2b23556d6699678e5dcef,2
fcc5baef5211bcffd21b0bbf88eea6551cf49de3,0
b7e938a9fbc2c5dc9bc59ed56cb4c63e803d3ec7,69
a90d99c27c0a52f7232ce23e2f250798c53e1b34,5
d7b699ec340caf0c14efda13c7ced4fec78ecff9,6
9312636ee4f8a98ddaa903a17e86dac151c14288,5
05fca752d6d7b88b7697dd5273b6f0428655f3d5,5
c87b0e21beb516ed1aa783657fbdc93ee4f14057,65
2c1205d8b1061feee62f66883855f5a3336c5988,1
c8e4b7c8a6035bd39ce7c880a94e8b01138ec24c,1
05c33833e70c143b726fa32d0052618d178fa0ca,117
524cc392f49aff4da789203d8c6467b2f3422e4b,1
1f92b9a4edaf6ea55b0a38155e34970248bb8993,1
582dc7ef97ef59d2d0c5170f42f6257c1fea5a39,1
a73cece36032340c471a7b7b6e22b53d3caf6265,1
4dfc011d86b8a271fca23b42a8cb73902d622fb2,2
59fda986ea429c83b0e20cd8b1a172fd2a550852,7
63e4afc9105301ed33c8e2c85e02893da0456b1c,3
616651ff2379fbe43f797e0b028f04097425bdcd,1
9e0d99c0c61686b55347678633a44ff7ce680158,3
Marlin/src/lcd/dogm/status_screen_DOGM.h,2
3f682033249a5f37b26206f37d7be76073fe8ec0,1
1dab44213a03e54b578e3d88b95e4e9ddf7579b9,1
cd08f01bb471aae84b7d9babcb37bb37df306857,1
7546f879498a775d4d24097434f2041094ddb8e8,1
d470a1234f32f5df036c8c2157aa4b0eb3cd0b37,1
683dc24e0f466f68f6c2d3d2427418f2c9ed41c4,1
8db7fb226a515a0b0dd1ca009ea2e27f2a03c5f0,3
ed8d2bc225a053610ad2943ecfa9b3d966fe70dc,25
c7305be4d21bdc81c6dd9fec6de8ddfbd13cb2ae,2
f973ff49aec30ddb69ee3cba78634e9673f9f899,2
5ac226aa93b9e57c7e66d885b02b40e1e399cad0,2
724e9f56c800af038e607ee1d3e4185fa9f62eef,1
2e1939e85c7f4a796b58456abe189765addd8b7d,1
a474a7e675147b43e8c931bd4ce51f74bc8a2e02,1
f790b4bc0a36fa36e77087cda46f5fb593500af2,2
a51ba6e3f64c38f22260aaea7e52ac3f37fce8ba,1
df6bc812b54eaca9556dacf4e647624ca0386f77,1
63e0b36f8b9c9257c93a630bb5b0ace1b21d3e90,1
f83361a814df875b3a5bdaadcbcba6732419c4dc,2
212e52e4853b8e4d9ea34f951fae09251ebbd23a,1
7b6e742436faf47be5b6d60b6d510954f4660ffd,1
58ca3be1ecec4935e2518a9c3d5c4eed9d2a15dc,1
00dfaae8dfda2cd7e60d6e631f244fd23b63f639,3
299c4fed42cde17063c19a7c5fb95d037aa61b32,1
456cf971afb194d357419371df0c26653e66593a,5
5b5e322356a23b6f107a50a84dd0fc65a0a388af,4
0e450df6a24fea21847cfdff610dd70980312c38,1
25789966316195f779f6578f9a18c5f7068f6dc4,8
8cc31d1b2ea35fa175616b49377c5b944c4b3ac8,2
2242b98248a50a2a3a8a29c9ec4f40308a2a0450,6
Marlin/src/HAL/HAL_LPC1768/SanityCheck.h,8
eef0248a1c66cf30482253359f8bebe672ef56a9,3
c1e5ebbc1e0ef043b6870e0f63b8d908edabc1b2,4
02a711c4d661da6814be050a6acb66174c9b3e96,1
a3ce8a3fcde17df612abf997205b242aaaba8aef,0
Marlin/src/HAL/HAL_LPC1768/SanityCheck.h,1
Marlin/src/HAL/HAL_STM32F1/SanityCheck.h,0
Marlin/src/HAL/HAL_STM32F4/SanityCheck.h,0
Marlin/src/HAL/HAL_STM32F7/SanityCheck.h,1
f06c3c38b9dd040730c8135f69175e9bfa63cd33,1
c82dd5129f1be748a38a2af7e0ea0a9967ca0275,1
9789c1c719ac1bef616ee525a261c56350846bfe,2
0c428a66d92ab3db49c76cfedde5b239db16195d,12
f423e54f77d82bc2d70e035ec4a6f8d50ce6f6f9,7
8177c4334e780c66dd4b39a057f2e7b7b7d6b4d2,0
cb46cb8480c33ffc9f6361b96ed200986a3bd9ac,3
Marlin/src/feature/power_loss_recovery.h,6
Marlin/src/lcd/dogm/status_screen_DOGM.h,8
10a25f733e262e9be91cbca521a1d1b0c06e93e5,1
24d23ce49b6fa4dfe3a8fe76c6a3073c5df0d20e,1
73022d31198ff2a43a8f61af397a05c4a03bdefc,1
ad58b626a35c42bff8f652b450604e51f9eeb1ad,1
9e07df5c1b39d0775158e21dcf0ec909eb98f75e,67
1c3d49afe0228668edb174acd1be5ff48cbf6c5f,1
b6747c742aa84d865bd12561ea82eab904176516,1
023385ca594df78704aed01d390826c42c5e678a,0
33966710119b64f83a19075875a8d27452cca9a4,13
Marlin/src/lcd/language/language_el-gr.h,12
Marlin/src/lcd/language/language_pt-br.h,5
Marlin/src/lcd/language/language_zh_CN.h,0
Marlin/src/lcd/language/language_zh_TW.h,2
d58450c82a477cd87cda464402d52ef2c9a34fbb,1
11ab017dd06bb9d06435dc03469a799d53893493,5
Marlin/src/feature/power_loss_recovery.h,10
594d6f9efd36247efcd17c96dbcb1eec3948a830,45
7dcd0a1cffd1d3d1652a4a1aa70068162a2b566a,1
2f4b4d6076ed23afc85ee7489b41ba4bb76abde0,2
a90cbc633993dc236fdb5d2aa174b52c321533c4,69
a0dac95d25dc406288d4499b87cce972303503ad,0
f0cbf3d432473b371f61ba10460428cb5d0232b7,1
d8a8eec6ea49a88aa0916879a46ac3c7abf3dc49,1
186d71b361a070ebf95b3c2f4cb24479d27e4792,1
11ef4324762d966c02145e602316da9db93b9f13,2
2be5fe5ddf6d7bfbe7c685ae4efcd3ee74fd619b,4
80e29492c6894c52b7695ab325ad792b19005684,4
dea686cf559ea923a71c6e08c08268c997803f11,5
65a6a86d19aca35563cc25d193f20fc6fa04c3c8,1
3cf7bac12977b5b0e579854a1c0399def5225c07,0
78ea4871f9916e859e8a7b45cc8d62612d382fd8,4
6faa93d787d16d2ec545cb9126ca281df4533cc0,45
5cc7916e699a711bee82f0fbe342b7ebd80b6b37,5
23635c2b647bbe14dcf0cf165338ee79dc624c57,1
f36ddef9a761632cf62ec57786c31c81a584938f,0
dde941cac8094de917ab36360cb851c37fc15636,5
8ca3c43d73fd13485acd5607bcf314a2aa7a8f71,23
Marlin/src/lcd/dogm/language_data_test.h,4
90765b1f72eff72df7f3d16c182999267151ff8c,1
184c077c58bf4d845c3c89e5ec783f0b476b9135,3
627348b46cf02da5525fc367baaa86207f7a3a5e,0
Marlin/src/lcd/language/language_zh_CN.h,0
Marlin/src/lcd/language/language_zh_TW.h,1
77bc6535240b338b52ea4c1326496afaeca6a687,24
Marlin/src/lcd/dogm/language_data_test.h,12
a51b61b38c5e4ecc188025739a0f86afe20e36e0,11
buildroot/share/fonts/Marlin_symbols.fon,0
9d06d9edc8962af514e91a57b8fb14f52f44d598,2
d81649b365c01bc5386ac62742a7f129c642699f,1
41839746a2749cd5bc8ce9a8d2a8e5592d5bece5,5
Marlin/src/lcd/language/language_el-gr.h,8
Marlin/src/lcd/language/language_pt-br.h,6
3f71e951f111b6ac8b552231fd90e8d2e9ef0afa,2
4f184ba5dab84e64bc0d0be95f2a21d327112784,8
ad6baa5c9dc6048ec8974412eacd59981e0b8213,0
Marlin/src/feature/bedlevel/bedlevel.cpp,0
df2f24617bc110ee9fc19c1c60d1f83f8e1b8f6f,4
428c54f2ad6836097e851164021a671c4187e683,11
Marlin/src/HAL/HAL_STM32F4/SanityCheck.h,16
744bcaee61a1e9cc7777561a8d1b4611cd36b5c4,24
Marlin/src/lcd/dogm/language_data_test.h,9
20772492aaf92d6e627396483184f59a4e628861,1
f57a008c58e18fc5ef67d8afcbe7322ac2536e0b,0
89b158058731a8ea7a2cf4660a5347e807f033e9,1
52c024e260d483580f054b79a193faa022e143c0,1
01b01f6dfdc6ee87522a01fdff56545c45d9972a,1
e4acd2c40ed78df699eddb6bb23f60cbb858a56b,1
e05c825a0556e2193640232b4162c0968c967cad,0
Marlin/src/feature/bedlevel/bedlevel.cpp,0
d462be6de62f9e49805a88b0eeca836ab44b658b,1
39c6f65ce7ed07fd0d4ad5dd8dca68c04365ffa3,1
0746aff595fde79b62f01fca8588ac803bc3521c,4
3c826e5d05bd0443692a9b74558757111d623671,1
5a064d0e94c823de5787105c31c536d5fed7c089,1
0945674ba237747756b85b96ffc05ffc7eb63dce,1
6cb83758d7001c9bb3174db55fda37bca87d04b8,0
Marlin/src/lcd/language/language_pt-br.h,0
8f57e098deca8d42867e45fc1bcb2f8d7e5f76d4,1
6c7a17dba6bc5b1912ff301f2e18d544badf504a,3
c9aed7398743cbbcb348e230d4eabdc32894db88,4
74f4eb831295a274f8a6d58d7a30d517cc39de87,2
9f8a96fb8ac1ae62669b967d626c3809d53df154,0
Marlin/src/lcd/language/language_pt-br.h,0
93273a4c9ea13888894cd7e765972cb445280465,5
584735c99436ce29e49716a7b7c3dc266e0e3d69,24
Marlin/src/lcd/dogm/language_data_test.h,6
29dda871cb09e6774b3799cd0ae065589931b390,1
36b97bde9f92b6ebf899f5240cec62ca8abdcd94,3
99282a46e9db3ef923dd5aead6f1f128561ca121,1
21f13f9e57b0a4db44f742e591ac679505cd417e,1
6c535081ec6d35826a1bbb47ab060f95724de6a0,66
3c5c6d478adfae0afcdcb1d66ba9f00c5115bfa1,1
0535ebc4d258377446aab3394ae34f3c1869d7a9,1
bb7064cc3030b330c729a70e93d784cdd888620f,1
cc6d41e1d3446b54f219afbcf79ee7785079b6fb,22
Marlin/src/HAL/HAL_STM32F1/SanityCheck.h,8
Marlin/src/HAL/HAL_STM32F7/SanityCheck.h,19
12785583d0d79375b8b089c7b5fb2f118ea2cedd,11
c96412a78fbf7be0f1f4bca17edab49d8f1040bf,103
Marlin/src/lcd/dogm/language_data_test.h,4
Marlin/src/lcd/dogm/status_screen_DOGM.h,14
Marlin/src/lcd/language/language_pt-br.h,12
Marlin/src/lcd/ultralcd_common_HD44780.h,14
daa712455b532da1059eba43a85eb7475bd2b8ab,1
4c8751727acf20cb8d3dece88df1c8bf4d3f8cd3,2
3bc179a16f5164462f54996d7e26b3690da156fb,1
646aa20b433cbde61a849a2b79ddf1c0a13714ef,20
ac2e0afb62bd201608e27e5ef5e0d4ccc5ac9fe5,3
57a899a412b0d45c159423925c1f63164dcd9308,5
5676b187b457672e3491338108713f9a8bc10968,1
44a03ecfc93caf79d4e80f4b62aa88d7b783a47f,1
85014cd132a76ad3f910309e8763d894d9391873,2
8669dba5e62cf07bd05290856c8be534960d33a6,0
472ab0cc243596ff29baf2b4abfec8bc511e246e,1
b94c8defee62a8d7cb01fc6673c49c2b5912aad3,1
6f8e22888045908f40ac7f462fab63db4fdd5ed6,1
2d9b0a66fe8bbd417f6b1dfef9651667aef383c1,9
71d3523254c5f1378e8e031cfde04498d434c6be,45
dcb1f1f452b9c9199d2cfc7e2833de4f8bc99324,0
8b8ad14178374c06858444434988291993903fbb,6
82dafbba333379eaf62285bfa3641e1a495d7e21,62
a731a723e81f1140d22ad27eb27d947b9f07d8d5,1
26cc12eaa4cd8355e5eaba8ffb468edd468a41a8,1
72c15a5cc92692d0bdf8f39501182e8ca3ae8642,1
dca69efc11e09773be1824065b0230f710bc99e0,64
56486c5c0eabdb8d44ac47babbde192621ee084a,2
a6485456dfd7592233b95d262813bc2aa2661754,0
Marlin/src/lcd/dogm/status_screen_DOGM.h,1
e02fc4f1d6759b1f1fbe5771dd74adbbf88cce82,1
44a697ab0421624b9353be27afb8adba35a7d50b,1
cec6e19099caeae017ced43096f851416572d85f,1
9ff4e9e1e61a68aa30e7ec1205f3404d38328dda,0
Marlin/src/HAL/HAL_DUE/SanityCheck_Due.h,0
cea398849eee4e2bf16ce0a52eb94dc196a79d31,1
4382f2124d855fd24ae76872e35a0b6f71047749,0
a29adde5c0706a572261c40a02c61e1c966928a4,10
5932df7ea1c92a1709ed027f69491401c79e2d75,62
93524c19947c42a99e286729b798edb4f77bdd24,0
0e8242180d8cf59f609fe3e775d2c41b1ef8272c,11
5b3bda1c164fe932517595dd1cd88669614fac81,108
acda4ecb20ce0aed2dfeb03da9c13ea0b6114dcd,0
Marlin/src/HAL/HAL_DUE/SanityCheck_Due.h,0
ab715c70d14f010bfd17bf3f0dfbaceb57f9a89c,0
Marlin/src/HAL/HAL_LPC1768/SanityCheck.h,1
4dc7e647896020bc033e275b5b0d8191c599f4ba,1
0dccf9ea6aabe7b185a39d84ad500f47535bc0da,0
2efc072fdbbafabf1632b58228a7837834381bc7,1
6ce060cfe06392956a0d92a881ecb0a19f46bea4,1
9356cf648f86e4f25fcd35fa4e98329470044312,5
75037493fa0bb9f62e7d362a1fa783a1e2af7b98,2
e8e60263c8e454454d126f9154cf5c7ac3213725,7
051303ad4246370cde23c2d938cbdb28531badfc,1
386bc71d5708bcde8032366d0d762aa69c88a334,0
2fa0a73c2ce89b11b20a8126490555df38180516,5
d133ad61f38d3a7e12143f70b11c89b5a940937b,44
4b2554363340dd1f5c424a1c9ef6e964c692d783,2
902c885782d389905d5c34c78a19e2be8d7e6cf5,2
Marlin/src/HAL/HAL_DUE/SanityCheck_Due.h,2
1c36606886104281e9f37774373c95141d59107b,1
fe915143959129faf93b79bfcf9cf2a1f2e30a94,1
8bc93c6f2bc3acfe04890bf5cc187b42e27edd7c,4
21a47b50f4f6489759e2430bd6273cd7dbd0df82,1
e6042a7c52bbe06e28ad3485cada530a32249f57,1
f68b4265a6d125a46ff9872740cb9f3eb80c288a,2
a019eebdd6acfdb455dc53e379969fe14ce56ba3,1
656219d867a55e11a2909258e7188b33884b3559,2
7cbbc2af7a86f16588cc30936ec4d501b6bcf80d,2
4d1a61335c64c057b182ded7be218de048ebbc5c,1
241996d5d6a3041761bb6cc97d882a3d2d4348e5,0
4c79dc109327dff06a34ec569e82dcacc4df1072,1
93305a2d5e75ea65a9807b3fd2e1266c6fcd696b,3
adcb87f0db47672c28cfec9fda3354adac81fa99,73
e3bbd706647fd658d794b44a7935f4493e648de5,0
4f0eafce8f7d5c61251d6edb37b04af0ec20b227,1
4a23069de915996d195f853fc97945f3772c095a,3
02f0f95d4014f03f547a87d021d264fa4057d06a,1
9ec2c03c5b7e7a53c8404d50b8157fcfac6d6e64,1
49f384a2abd0a59ef42ebe5a81abaee66c7987b4,1
2672120a97e14d8639de7bbb7ffd9535f621a016,1
5acccbacc14521dda4ca6af875f6fa71a0600dda,1
1a75165f35f6466738590643bc2c9df8a68c8c52,0
Marlin/src/feature/bedlevel/bedlevel.cpp,1
d1734a089abe66cf9afa71ce16af524d0f93e106,1
a9f94f260a5c0350c86c44d58c1ccab5f7f0cb95,1
31df43212cec2227532d710f6b0444745b53dead,2
7d8a46519fc9ecb07be2a6cbdfa4087d5863d4f3,1
6098efcc590790a463d595f0f338f1563399dab0,1
f6d13e22954b97bf76427641cee03f87ceca0d66,1
889fd5f71f65c1dc46643fc16be561bf57ce0fce,4
53f0c7522a127abe7bb881e3d6e2104d8141bff9,1
ac7e97f4feb8310681a330d757d414c132e6563a,1
55e9b85ad65b29215b353fa6d5dd5c9ce8c41fb5,1
b6a55f08913ed51ffa196892d7325655afacd671,1
b852781ebae71e7c6fac46910b7ff44f8547365e,1
c1f58a238d93e40c155275285c00b3d46b03bebe,1
1be955e52af27cdde3aa35bb8fc4be590fe3a0de,2
9e4c037cefe0d457b21867121e3371f3400c5473,3
568ae094f4f701d2ba668292dd40b5e2027c683a,0
8b7381b626e1406fb7701fc3a3483648cf490d75,1
dbe2b6f7b0067f7398b85ffb57b78cd4ecb857ea,1
d573a2cada9adb63cd5a4882fbab0dbb84fb0f75,1
f04be05a14c40984986fc7089687d6f72237645a,24
Marlin/src/lcd/language/language_zh_CN.h,0
Marlin/src/lcd/language/language_zh_TW.h,0
a97624dd81aee2b627eaa38997c60430d5c0880a,1
7b8bb2519e2e13f17267f0d5381380345d27ed08,1
aa20b3ef7ce6823f64159958b55d13bc22d2a9ee,1
cbdc78ec0f1e55e10afb18b07ec02729b6043948,3
9d2ea5d64b05ccc2ce2ef81feda50622a9359b1b,1
2bc7f416eef66835054265a9ead38ef20fa59ef0,1
38378cd0e8393f052fccf767ce5cbe01fb192048,1
3007eee22e837ad45c25213dfba4f706f0327e4a,1
9656a82609c83f9dc2e0f21973a26c13b336f953,3
749f19e5027b126dc8cb0e36c12512641ea528ce,15
7dc256432f10aa5e0acd87cbcf817e64c26b5828,1
Marlin/src/HAL/HAL_STM32F1/HAL_Stm32f1.h,4
d1f14202a9bf9824dfa3c1ce5551ae457bf2b66d,1
b28756025816bf50a4b096ec572f65b60c967906,1
436e5b7ea3bef27104c8468b6342139386ff666b,76
4d533b9baa7778c81b806670280f90c46ad8dfec,1
78df07ac71801334fbe9878301e756d47a4f4863,0
8934a2c49bf95055f3a4fec4099f8fb669e9a3e3,1
328edea03ab115513d1710b163cdf4d15b539af0,5
aa6dacbbdfe6d7b9d0226fa8a018f16ae67cb084,1
8322a79bb9db66227eff45a6de7b84a41d1db561,0
Marlin/src/lcd/language/language_zh_CN.h,0
Marlin/src/lcd/language/language_zh_TW.h,0
9a24c0ae3f01ec4435138dfa59b8bebeb693f737,13
a891af2f7a8a548d451c4801771bc622e3da824c,3
75b381cd28b28a45de8a962b8b92783008ff77e4,0
433e984d1fddebdb35a2191d250933640dd4c2eb,1
f7857ac8a8828e49094a18578230bed11e397d62,0
b756a15abae35946dcb6b41261926e7233fde2cf,1
50c81ebe0d1993892467182b9a88e499b55c24a4,1
3ac135cef3c16a526ee1195783d4d53dc2511241,1
8870f9b1da947920fad0a8a8b735137cb14769ba,1
bb7236a7502b6a5d5ad17f1b0de792821663652b,1
81d68b218027d1e06bc4869edb29d1d01dda64cc,0
509227fd805f98697c25cf851010e372509c5009,1
c3b23974bdc7472760714af96df790300ef5cc9e,3
ea1a83ce411c6022666513c24e222b1f2f5e360b,1
9da0797e293252938511a3404346f5e343037980,1
daf643e1ce75cce7f8507723632ddfb2d50d4126,1
1628a9e864683e2abcae186b1a272a2de40fdfe6,1
b210bdf032436aa0250544a8d9c430ea2de49d3d,3
c5730cf711aaec8f8fe46d35f66340cccd3a5f9b,1
1cb810ff1c04065daa29182a6c22ecf6b0c0098b,16
97e8a6ebd972ce0ad5b4e27aa139b9bb074ff44e,6
Marlin/src/HAL/HAL_DUE/usb/ctrl_access.c,16
c3c264978f6846c57c3a0da251f914dccda80b39,1
9fd1016bb1ddb21e2c736da9fbdd802708b91b96,3
045ee28c50a98189ba6dd81f4589d0d171d43218,1
987597532c8ea0b8426c4c9078acd85333bd2c66,1
ff304d3767ebfbe1dbcde3703bc4fe5aee1587a4,1
bc45fb6b131598403c8fdc5089697d98dc878299,7
c352954882bc931377ece338b3f5fa459c55ea07,7
ae39fbd646829b33f0ec6d181bcdc0bdc61f0b19,4
8dfaf1539e2a304f22bea1b9c371bd26ddf1b9d8,0
837ac2fdbd9ab57cbf360baa92886d09ddd695fd,1
785dbfc72d7a9a69d8ff2a8c8200bdcc38fff735,5
7308ef78090074374f6dd7961ab2dbc7f2cc42cf,5
b5b39af5316c92a53bfc2e25390ea179385020c6,1
a5c6d3c7b88f90db911db79b00734dd215bf72c4,1
a46bac3100124cd3d1782ee98d731baa838733bd,3
cfc13ed7f3fd20d2d07d64602e39e732a1cb982a,4
c95450016b1f42c09ae54a3b293b41de9ff15102,2
48d7036874e55131847360e5693d9807ee0e5184,5
53362b81cceba396c11c98e71eb96fb5ec77d6fd,4
2f192dbcd683257087d8b4ab402d6219c3ab9004,0
dd2949922bfbfec08c3f77714325cb88b7df61de,66
1d22609473db1dc2ff9bf290a0741cc38ff8a728,50
eaefc1e41069ab9dc51a52e87e7418c6669dce42,1
72281c4ff968ac6d7edcb1546619baff29247aa5,1
9d99360912ab6236115cc2ca1e7a15977089d901,1
bbfbf907976119adc1acf2b87dd2d10cf111618c,0
Marlin/src/HAL/HAL_DUE/usb/conf_access.h,6
772810fb240edba18fe64793fbe30d20a0cfc679,1
978f342392964ee0e737cf0dffe9ba4e6fde33fc,1
fbdc5ad962e83e7b6431d3c831f2c35f5244a030,1
c0d694d5d3bf4c7ccb19b9d63368e63b28bbc30f,1
93af8aa157ee9b7235d3b56155c31db1eea3ee97,1
883524056b0c60e147a3eb9f67093c1f20c1d8bb,1
73616d721a6d097f4e56c5706441082a54d0e9fe,1
0543362b34920d87f26078a84d94e1846ff990dd,1
c6ff39cc14fd2dbc656e41736712a37f755499ec,64
9e9e29ddf8e0cbb6118e6f02ca33bde3ce073a27,1
c79b53d406ab34a713d7f57e038a2dc2188d042c,0
7f1afbfd60727ceccbcab38a5885545a38f3e9e2,1
23760d6c1456f005e9a51703f6d6421ce2533736,2
cbcd1ed42d3ce68549063c7c414591ce3c128664,1
66898849103c315e254350c59d64df378d771392,5
ab769590a16bd8832b0a123c02033e50d2224c28,0
d603e655d35f12ab6740feb51498295d49f19f47,1
5f7781677225e8fe5f073857c236fda79c043c14,1
8922b56b588bc9c54c3526986b8a056564828abd,1
a6feb58837fa97167f5340abaa7b1175ca858450,7
899b4df7a33e29365e8304b4871ddaed2fb468ba,0
2e43438e0c3f2c5e0ec7b701c6f33a71136a601a,4
2168d6ac25e5820ccd362e26a615483488d68661,1
1e946d681da353a70cc1e74055dbbfe78f5e64c1,3
63fc4a85213a5abaf771f5f4b9b03729ab99a383,3
e5157dc63d6d4dc5568228f548d1916b92f1190b,0
404fc94705ed7f395a9a7ba8328d2cead44437ad,4
4aebe3d82e1baf7da6b71b3ecdb3225af8429ffd,2
51bf3c9503eedd0c73550e67627cd7fd847708b3,1
e6dcfa64b00b1acadfb163b8bd5fd9dec7b76e72,1
c24dbcbfe165f8b7d5ce81f248d46d216ad10ad4,46
e7a61de8afb20718875cd4afd3ae605e51499a77,4
f894209de28b6d8e7f057079edaaba8dc8da82be,0
f1327fd5f90e0b0fc9d4f808266f4c1b4ff5d8ae,1
e7570f3195189f3b6df31faff629da33c8f9f625,49
374ea49be991c3b71fdc096afc8c63585a54374c,1
34f656decd0bd32a221c14b635f2cb1a73c66a61,1
07cf2cd9c44bb537b7821e898a4b9e648d207352,1
4c3d7083c019032706e5534762e38cdb3a2bb6d0,1
b858c638adcbebb9a3946e1a893f5da312711b3d,1
c4467da53a180a96a3a6f075d1a54f9a70701b47,0
9aac0c7333ad2a377a87297980846cbc54e2a799,0
d194be8e8b049467a46cfb48ddd7f1ba2e537c48,1
65ce0303f88ecb42a7503023e73222d67aeb1d28,1
36452b4d6e5648c236e25605b451971cda0fa2a2,1
14c03cb6f4bf20b06ba5d6c849cd1a15341627df,62
Marlin/src/feature/bedlevel/bedlevel.cpp,6
5dec828abc0193bea48e477afbc96163c438c6c6,1
468f34104b0e71a3561d2dd99756220f90671e54,2
5b45aab262445fc7e1fdf96ed5887ef55c98c0d8,2
18de11c1ea060d02df917584e4a6898115fb5778,1
703c8ac0efc91242085918f3cca3cec955dc5257,1
28f1276286da94f4a1b3a7bffa103a35a3ee8352,70
dd19e744766d0ef0a9225b08b0d23d6a850c2813,3
d0ac0151b6421a779d703f5874feaf08130c6c07,1
d385b9aac71ed3d59a1208aea24e4f39cef1e6e2,1
bae1cb859c1f3610bd5aab33fef20797cffcc320,1
51ebdf3b7d55cb8ae76bad4d1181c20aca31467b,1
e27fd269c176a580a9b47c235d68a5bc594da459,0
0d8c15c01f0ded7663d44af61aabf7dc9083c42f,11
751785fc97475ca35f54e776bc8e6e4348d1aaa3,4
3c8781e2e95cec4c8b6b8bc83b5a61df89442288,1
a0211f5d6cbaf6c6361512af07eaf74b034dfc7b,1
f00317375256ce6125ba84290bb59333cb4f10dd,3
6747225e029abee3fc3ee3ffe0744ebbeff89bfe,0
bf59a4a6df98f5d79f68848c5163621ebe24abbb,11
fd1d5907266c5f1dd0ad6c6ab7f9f71c7118f306,1
f10c87b442dd5a3aa0e5a327d85e5c509c2cb02b,2
d6df0322c2e0c2a64a00470e2ffe0dd0b99651d5,2
fbc41c0e98da79379b4a8b4f2c4057c181057c92,1
239902f8615d37a95a8296195fe37c1b35c2e383,8
ddce48636066677d1392c023124415b1eb5178de,0
fc32db300d74fa4d49a8cd9c5760c3f0ad952c67,0
79e6d890d5422ab7e805e3290e65776da043bde3,61
419d12ca1be19d1792db05062b4fa2808b05d165,3
3b4c89e4b580792caa47d8eb2bcae0d971f152bf,1
2908e76151f894bae27f6f455cfbea51e2dc1e41,1
26dc594ebbb9bc785f864773f9b6850d54da635c,1
d8eadf379693a7b0c152b6fb134f9ba5aa765d81,1
914bb80bdeff8f6f264204f4d7264d9ef2ee5932,11
6d9ea7e184037fd36dd7aea43ee840cb61dd0843,1
646dd5554cf866dbb4ef35897ee9da7d2734ff52,1
161ff9ff356e2ef608f510d28b87d28d287c05a5,1
49ca67202f87dc90e296f0e4dc5fb4caecc61214,3
cc59ac4603d5d3fcf3260fb995d130722173fa34,1
16a8edc5f041148595f93064aa2d8a15a5437407,1
dfd5d2fe75d61360c03c42cd56764ceb9a3ffc8a,1
67a17446f284c3054e0dbb23a90cfe143102db1d,8
3c58ca181c3a07b46c442ffdacdb7bb122186b2d,3
3707078ffcf3244ce2272bc9054061a2b9c78706,1
e297748b2253a8b15fea49cc244f34a537972a94,2
3c2bfa5e533b9f1d659baec30770f6e274cb539e,5
42608b1925d5ba943d9f3f0cf5e28fabd6024fcc,1
317673fec37f89e5e167f0d7a70c0d99e45fed0b,1
8d32fd997f11e3cb339ee0ae673e43fa7aa13c86,1
1913c37a910916da0e59805f4a7623c32fda74ae,1
98d48fc7310adeb305ecaae7d025b33533dc9402,8
03e30113320c1ddeab6ae42f323b367e8a8c8f50,1
6b4a9281456175e98ff54be2a0fe6c0ad592b928,45
ca577c16380009abd0e64770ee6c7c1e44b937c8,16
d45f19d38565abcd3b921c599fb9b36f2eb00a52,6
224688cc3b707d059c57b155bf781f9735786dbe,1
a1a88ebabc57f40fdbfe6f4b77f62fe7a2dc8a5d,10
be0e100fedb28ea01f6f2085bb67ebc88d428291,1
04dedc7ed87252a31b4b89a7ba48ae5ddeee6f21,1
0149680f541513bac9d71f6e3249739434ae8872,1
9515e5aefba9826308607ebb3f497ecfc538ca52,2
e5ec793f7e4aa81d7d194c155576345845092d83,2
5b854647913ae694ded4c6b21fa00cc7d5aa331f,1
7e386c7e9879101e7dbf19ceb179a132f73f412f,1
9e97c13c6f4122d86d528927bb880d0b6287cd54,0
1d604be6715bd322a03cd566e33d867349a4597e,1
eb212ae073bc0fdcb5723a34b13cf9201ce537dc,3
ffbf63e6afb7728849d434ccfda89e3fd8b37094,8
94f520462955818c18cf34fbf996d33ce0bd30e1,45
22a017a856df6cea7ab387656a57ac03e6b6ef64,4
920d92aa46bc3bf5242619e730f6f1457735be95,0
b198b49d1590543616615e2f87bba5c4ebd0f30d,3
20571771848e2d8d3bb4f216c25c3d610c7e47cb,22
e28e3bb5327ccd6dcf5f87258e3c0a7cfc2175f9,4
d7aed2fe4f438fe115df376d537415bdda36386c,0
ca0def766e3b5bfc3710835cd9cfe7c1cdfb9c89,2
8291ae34f2175c0234ff2d2b25b94dd21a514e69,1
b08ec22fe15a39e6f1e2f042f790e5f7a043867b,1
fd883c909a51ee4ce408f58f2193851ddf39117e,2
0dd1c4458d505ca811efb697ae069dafcd028d7e,1
f9cafc4001167c7a8b6ea625678be2e6d6cf26f0,1
bf9fc8ac0e4220ae47b134a65f8d53ae561ee20e,1
eb867817b5f4f74070137bad36c68c4be22b6fe7,3
36262a0479df7ee997185d9dddef1b674137ffb1,5
930720bbbb7ba69df066684cf598583fd6c49ab9,2
025118da3ef925df53f2817bf401d3aac1c0f7db,4
beeed580b85db72eedeb85fbf323d71adf752926,3
07ae23fe14851473c06d8a31b08c9d165e10bc09,1
881529a401815a946532dcff56c0e674a6c501de,1
ed758de80d51912983a34c3448c4b25e31d58079,1
e74a5829c72abb63260d4ad862a3f2835f0dce64,1
d1dc863962f94a09bd8443657b559ade1a2f5614,1
f3914a432e33687b5a34ef2eafb7cd40cb8d4ad0,1
6d7f4f84e25f90aa8afe694d6ccf90788674db56,6
649f3754945390f55e8a14551560271badd26352,5
c37b3f995a4b46c5b9519eab369e8337fda962b9,1
a2a672449ad6523e90094f313cf4349fdb84399f,62
4d0584a828e6b667af7e3db0a73b7fb5a516921b,4
61620cbd15c6a7ee4e15c6408cf73032c0bdd6c2,1
b9303b5577fc5c63b880830dab3ac237ad4600a3,10
6e08ddce6ec179565e0f3ab47cd69bfe807bdc5a,2
23a576faf701d88ba4b4d2d1cad4a4d08c4a9119,2
461c8ef834dd2d013698a686df806296f5525b0b,1
88b6a15b47967b9b2e50050cfc86f3cec046f563,2
e2df2864449ad64583d0ea9f0f9feaf82ee17a86,1
91db7930dc7c8e429f579549544183ac94c59200,3
c1f4112bdcded0941416077e3e484821470fdc1b,6
118899357d995c58de2089abb5f5da2d186aebe9,2
17467493612e187388fd66ed9ed457f2e49cd8c0,1
a446433c87dc8b715ed5b9d98a34104f90b676b2,6
2d1233b86c21c19070fa000f2d298f6684e457ee,1
eb8b7582261beb2ab22158b5874ecc8c810fad7c,3
8bffb26c23a252e74e079350e549cc11276571aa,1
8c03ce4d80b6aee3d7e2379947d0c62d6e139c03,1
c471389afb236e9ac50850723e0eccc35463cab6,3
c22f8dd6605045cd5f3c062170740351e2b1045f,2
24b9c1923f2c0720fd98a626f95420416a23fdeb,2
bd0967ad87ea5eec174fe1a8d4f6aeef428b49da,1
d9a98b581445add7fbfb1675e2c54942e231c22c,1
13940268a2539c91beed66ce62c128ca1568087c,1
461cb2206982d8a6ce0289e40ba58616db5fcbba,1
35ec67885a39d1c5072b848e065f130066ce3274,3
0bc4c216ace523d30cebfdfd5f833c68bca4b540,2
cd7dc495274d5bef404308792fb82225765b5483,1
4817c78a655fb362243dddcfb7f273eb7eef349f,1
eb079959fb320f99cfa885e576fed23e7aa3354f,50
7bdb98c94697d096070b158dabb4582d9e9fb57e,1
02474a321afdd691500d0f9da8a97990677e874d,1
cfdcf91df5cb36e831eabbc448159cf768243797,2
ae1a2ff16f982298675e971364af8a2ed8e5d498,3
1c13cc9b48552a81fd07e8faf793ceb3510794f2,0
306f44198ed1a59ad9ac2df4d1eaebe5b4c7b53d,1
966d9af98acdb43cca9f15de7f258565270b9704,4
8d5a77001ead226323aefd4c84d766b217e41868,1
2228dff3eaae763b3df177c3f2b053299e1350ba,1
cb4cb86d8075b97bd72b3e820649c95e2b47b754,1
f2c0ed193dbd6494e66755b3f9b7d75512d3dd06,5
0557ab57803a7c4d84ba18e0d1da8f873f1093f8,1
61688233c7e03a0ada5c599f05aaa2fcf1d8f49d,2
19ba91f77a9e1c79bd2167c01ae225e015e98b0e,1
f3dbe1966991ccf85f00de939e8d39e25084c07d,5
0e0f17be30037ae7026e1417d933649b5a5ab6a9,1
f15d7bdbf2d5dc27f6872ee4318cedd162683e41,1
54c65fc3cb8049f34a87432a224d5b0784304e3b,6
4953fb1c886fff3f0c5d35b5f1507641a55a795e,51
078627f805ac20da9368d1bee0140542102523a7,7
5684beae905869903f8881430c4543e7bb258627,66
813f9f308294cdddb28a958b56bf2b94889f58cc,1
3f89bbeab546f15fb1a3eb99964b194b862fb9c1,3
a01473d7a5c0c1794fc5e2760ddd524880870bdc,1
689bc994029c2029b094213bfeef66c763a42ba5,1
92c8efdc969c8be03940621d6d6cee078b0e0b5e,1
2024775e075345ce85dcee3182a8180fa7e6125f,63
43ff15244d06f04dc9ed3a914f474dba86d07af7,1
b8485528b2c0fc86d7e5f232d4b8e7a380c7d3db,44
4d588b2d6a4f704bf51d1419f84e1e2c7b6962c9,1
e0227f21109568be6754687bd65b13921b6453c7,1
e65a853c59de71c5bb2d61dd15a6024f98060342,44
07d7e8aa1b676c40b8387d5c7211dedfc34e4c5f,0
e74994531780a34f629fd828589a58a49a7cbe24,2
17d984eab32d684fcd99544e59ba440527be9711,59
b2cf253a13ba36baa681032e4e02639d23ff3774,5
65519263f4d2f654296c10f380a4a3258a0b0570,1
Marlin/src/gcode/control/M17_M18_M84.cpp,0
8f9262f3fe96936ed2019dd0ba7ee32f29a5fadc,1
007c56f4531bcb3057177d9295166717ac583fb9,1
0542b03750a443bc3e71759e231e42e4a8201dc8,1
2bd252b50149c860cf37d488762abcf70a83f78d,52
90fa423737448feb75ee59a2afc88a8c891b19ea,6
Marlin/src/HAL/HAL_LPC1768/LPC1768_PWM.h,0
Marlin/src/HAL/HAL_LPC1768/SanityCheck.h,0
Marlin/src/HAL/HAL_LPC1768/SoftwareSPI.h,6
Marlin/src/HAL/HAL_LPC1768/include/SPI.h,20
a6b7e721cfe8876cd4ff262cb325983e8be1274b,1
2c9775313a5a209822c9df4b0a907e406e672158,2
9c9cd54ef37772f0e325cda48e279b348ecf3089,1
3851ffce0f17ba23ff38976b54518a9975360124,0
5f8b2c2ff06bdb6a1f07b3a70401a1626e96c23e,10
b17982bde9e61ef5e61863243e57a23483d5e83c,0
799e3b2b404dbdd3f017b3b68714628f6cb4f2e4,8
5968a3e60eac512ade0c9482ab723ee0f33fb5a7,2
93cc3a8492e6c5848f4c50a9cb42322db7695714,1
13176dfe2fc2f88a357faf84cb155382f4496607,0
424b9a83cd98e33365b6048feb005c760ced13ed,1
e75ccfd727f38d9355e99d2eda5178196f5c181a,1
556abc08886b1c2cd6fad94498dbc901bd008250,43
532bb3aaa119d2d6ac6f5c31d33d5cc1aecd357b,3
Marlin/src/lcd/dogm/status_screen_DOGM.h,6
59c98d6fd57a390cdb44983ff94e4fb622dfa6fd,44
8c1a82c32765dda9a6cc6f204c713e3e81310f73,0
72f63a4980908257c9fdc9dc9749c976d4d9d19c,1
6c3162f9c6a28e21b30639e1ea7c06718696e067,4
4431f4deb80f0cd11e4bae56d3c0acdf59288d9f,1
e7f329edb297407d6995a4a8d8bf850ec3989f8e,1
e84a5545e13db63bcc4f5f5513b58226ad37275c,1
343c17d5b3d4cff94f8c3c33f446df7841eeadbb,3
63bc6ade4fb225ae5f7b1fb8f8dc4ee8e1dde519,1
d504bbbfa46bab8f3fed5b18e97ca94911d6b2b5,1
716a22498f31f0fedf45d5d69587e8e0c4e8f70f,6
7d8c6b3f3c31e783eada6f2ac28da9f920233062,62
1d7f5be0ff3728637f2fc5fae2d3af719ae6901d,1
eb182c08afb9493c276cb8db1c6c5e3db2d9de68,0
03b48df7bbe778a9c3a0f82d482af31ffa1965d5,1
9f0907d40c16838daea7b42c2593ddaa760948f6,1
9d5968e8ecc70e4c54d5d3833d2d5be638dcfc91,1
4303f2e3773ac8c9923de05a4261f83397c411d7,1
12c5fdfdb52007f2ed2d76bd969efeae41dd2810,2
a810e585dbcf2978b70436d6f6baf87e4f982a0b,7
a823b801b8a29ec77ece133e806f3bed83c3b80d,0
47d529aac517c7678d39a378e64db97f181214b0,1
aada1e698fe35abdf341f6a1f5abc622a70d44a9,21
c7513eb032cf502e72a49b10a1fdc03e0d622248,0
73cd34b121023feb9cff4faec505138013a6b232,2
fc460fff941963a055862cc9299cc60fb5551d61,1
c4ec01d59ba987a8de660a1c2b400012ad6cc885,1
d4e4fe40e0ec9013c0a1fbe8781a0802b6b3f9d3,1
25e3e62354591d1d5f461967e6521b9f52902394,1
a11fcd46a23b1e2a3b8a56a842dce7a406952534,0
b3deadd89888735c0ee91f730d268dc0b6fba4d6,1
a74cece6d0f4dcd24cfabd7b7a531a6c5e9966b6,1
8733d5a2968a4b35f417f8b6aaccaa07c5bfe26d,58
d3ca82d8c24b94a0073d5839ddca6569a6d013a1,7
0106c3e476fc85ad8d460ae8ff2592e8ea906f91,1
3d1692d1fdbb0a11eaeb3ae04e285a9a407d744e,1
c241da32e839f035ca8a7887675ff54d545c38b9,1
3af988a7f3646309927066d5a8c48551a8720b0a,1
ca55f2927ab7416c6f404cfdeade4c9d5103929c,66
aef9e036bf5548ad494d23cd4dcde99fa0dee7ac,3
79272f98fce43c9559d136101c5b4e5e617d0676,65
Marlin/src/lcd/dogm/status_screen_DOGM.h,7
24eb275b99bf8d31c2ae5d89c9e0cc7d0f0c5edb,27
a6563df705ea69c3da68d907b62ca4fbb3e0045f,2
bab0e975c873e3073d5bf1dcf62a9c42561cd447,3
83d7e95de0534061ca6887a711bc611d209a628a,2
6589f654b02c917fa3ecb2df4ba881aa6770f39c,0
8ffa0b24a47ab888beed06ab0b4bf0ced63116e5,1
9019ea0fce853e02c6ef860e18ca944b8b1084ae,4
60fc3722114f31e27522650910bee3236bcbe164,42
da7c51d8208610b0daec622379450aef599d2bc4,14
e05673a3794632bafe82bcaed5f619a9c43e1951,2
7a381366aa9cd3d45a130a847ba5649dfc3b096a,0
7d093edc18cb1a851a6d4b96ffce5dbab5d9fb02,1
472229b974087e330d5be27c0058ad808e5ac55c,1
f6cc89ec7c287b3047b100dd5ac0ecf4d8706bcf,2
330437ad7c7e750c19619af01059748139940284,43
168af8bacb0d2dae170f405e6da500cebac20753,1
bf5df306e16a415a0af002d1990317cca5331e8b,1
3021058e6db35973b7b589359d299f4277590e9f,1
bd54ce830a8f9b717f144a95616d29bfbd31f567,1
ff90cb409efa0c07ff68ac1aeb3a96d0434e58c6,1
d7f82c8ddffb42e34502bedfe9427ab5944221a9,6
1bf2b1e475c6b578486019eb3eba96185d0d70fb,1
241e55ef3b555ff46408cae329a037def27964eb,2
1f8f8c9104f8028f9f94398a232dd1f1b55e5c9b,0
cff62042ee3dfa6e18a4b89c07c7995d9ad3692c,1
749bc42aa944fe59f012c30571429dab13468c8f,2
2d749d490baba907499cdf83a8222a26354b78ce,3
08d685c97aee540e8e572ee461a29fb5d0b2a842,2
c49844df66213dfab5dbcc12d772f0a4279f2141,3
304e0f8945f8a25b9c08b5047dc8530a10f66975,2
6a70a4fbb36911fcc53116261b915a3c12286f67,1
4ea7e723fe2becb7cb1a1b2eb51fdd0da6fca965,0
349dafa728424ed2e65c8975bff134711fce9a1b,39
21e60fd3edd9ea009f1a86db5c06909d59ff1cd0,56
d81e9ce7cbef4889d6fe8ec9a50612fa00de8b59,1
5d9e16ea49f3be7026eeb0a42f59a4107b1026d3,2
c78e1c0f235bcad97fc3adda0d7cfa96b145d2eb,3
b648999528c8e74134e31cc642c91fc5068c443d,0
8db67d1647727ce639a2a7ba74ddd0d1a4ee36ca,2
f05bd7f0829d412c5cd97e10feda985c26cdb8ac,3
4880ac653303829ca1f50a9fe61a1b20688a3c8e,24
3d74ff3c87abc38eb26f11d6b37a6a00bb656559,1
5dc04c520139cd91ab5feb731c74358dd865757e,1
133b38b93b0a83e2601c93a47a51f97783921f71,2
93c0198b2dec4497c42d20cd01a6dac909416da7,2
f0debfd2fceaf59ae35e5f0e1d85927a50b03290,1
67a4cc610b219c0fe9307b04cb5383001024e396,2
e7b50c89b06d59051734fd3a05f1cbf32036aa7e,1
8d71ad37cb4934c29d38304133c7315d6339df2d,2
272f132b821ad8ab15d02dad22ad0b364a3ec93e,1
5b70d3da1c58cc0ba142d7c023bb635af1a8c724,43
2ec65051fd0cb7a64de20a0318c99cb08c24b54d,52
9a423e9a891381b41ca31f0dd04b39002f99c7e2,1
d741bcf8a98babd49058f631ec025a1df7e3bc9a,1
f8912bb19f472841de23392296c61c4bddede25d,2
e6b8207b03c68402cde002d45c39d5f9a67aacd3,1
89165326b4bc627ee080cd2acd073c0097d80ddd,2
423bf9955e937759f483907b4d2a7776445608fe,1
377108619bf7cab77741c004f8c0975626c87db7,1
47e56afeebf37ff2081bc51529928760445d1e7b,1
378867d8943a99b8df3f5e6b11c8dec918cc112a,1
8e0c107545b3f6db1f5bbd78e05a7f578a8a4727,2
03d790451f7bd523dff6c2d4689b1a0360e67689,10
7a4029d1b1ee79e2ca9d97ec5a58feaa5fac12a2,1
451fb16f9b6577f9ed2267ba9d69b72ad82e7b8b,1
3e384b60cef2cc2a7c5deff4c5a483d5db115a1c,6
33752de12d8f1af6fa85bb0c689b618e37a56674,2
38c7d53bf7068dbc2cfab6df66ab8113d707f7f3,51
e3043d7ac7cac0e3ed4e113b154d7e831b0984ac,1
d3ddd5ffaa3fab6ea288d78a354a0c58a3cc6e4d,0
0749ce92b386f05822b56c3141837bbaa28a11ed,0
7280fa1e31c4c027a9711aab6eda599af2b803ac,3
4311dd13ae6fc08d7ef94057560b466a89fbdc11,1
4aff6c1c32edd4ff8462b3bbc4e6a368b312637f,4
4fef36966b4b841aa644a0a386e2dfcbcc230476,1
05aa75cecfe12f2194e6c60e7a418a6ffe2d45b0,4
5785bbb491c378d945e1133aafa7e33e6fcc5795,2
299606e4ae7b896d1febc2f45cfafb5e7958bc99,1
5990266724eb79536cb6d0d72b6130aebba2cbba,3
d3fdb44ad857319d7041f9c9b7cc48a29e7b3904,1
3168f0e646d5ed618abff96b7fb3e2129d96f6df,0
9be6aa3f799fe2537a3083619deccaf8a1a3ed68,0
c0dd9ef9f2a3206d52a5a71d902ce645cb388cd5,3
da693a636e603512c3195a4e184117a63a532e06,1
cc9cef7f7a9d178f28ffeed83cd34acd92a9eecc,1
112917cfef8dfff360cb60f930a2c34dae471f95,1
c30a8067ab7b108ff8c55ad3fb21be0618877363,1
b7053156fed8b492c3517ea6bf4986fcd9cdb433,3
f64d300cfd87eb436c22396396ac4b7e5d725c4c,1
5a7088746755b46521d1342875cb2f49c40959fa,7
Marlin/src/lcd/language/language_el-gr.h,15
Marlin/src/lcd/language/language_zh_CN.h,0
Marlin/src/lcd/language/language_zh_TW.h,1
545cd8fa60aa0b157eba97b0781e7e0e1f8aed12,1
e698998343062cf8d15d79b26d14be0481ab35fe,1
27faeafc1b0125e927b66b5269f064fe0f4b4562,3
2014d38e10c5493dcd6d761b6f6dc75a48292cc6,8
694d2ebec0ced38a0b8771cd5bb69d0139ab48ad,42
98542623347e042e8289ee2f165881dd82801361,1
b639f1ad4b7f1d4110085793b569cf255d0ba26a,1
1541224a81a80b91a1ac2009c917f1f33e816cfb,50
b2f8b4ada52c26c70550a8162afe3c706ce4663c,48
93af0365e89014b8424b3fe9f8af28028c21ef83,4
852468ead741de84c358fcb7ece035e2d4034030,1
23240f798605f53d9e41c31b0b11cec1663de3ee,1
d42a87cb312828a99f2460d622da70972dc2be60,1
2538f019d065e97d4fe6c0397b0d0f30ed56b65f,1
d168ee9bed1b025942d436fcaf94c149bf27cad1,1
09c8807a36cdbb777612431926ac8c528b0d84b5,1
704d33c374edf5da3edecf9fb88a617be2a008ac,2
e6c32b3a143b9b662fbe47d4b080ec0bf8de9c35,1
b3f115fa0accda3de34c6a23063c24a263dca922,3
ca8fdff1af9dabd35db10f247a375bc91f64962a,1
8558264514c28afc914bf4c1ad80228d4c26a616,3
b5e92f4f908461ca2c78a86eefe069b85af0a2dc,61
db1ace5e82b9aace342255a1e9341f48d9cbf458,0
eecb0188c0c9c48e08d18550b485802e92476bc1,53
16739264d3a3799b44396985c3a200ffde73823f,4
a8c4174a136da3ef2777a221a9386777f8be9b8d,1
38d62494efd2042de0b2464c00f2b9b547d4bbed,1
8a6feab1c405e975a71219faf052f73e0036906e,2
766faa05a95140a09f33d208352f766979e48ac2,1
f27c89980a1729e15dcab588a56ee078936b6be9,1
338dac258b401dd33ba5ff75edb460a0a2e27d10,1
4ddb6a3a1f9e7bed4ea1107a863cd96c4e7f4770,0
03bfc0d7c88ba646e97eefe65012d38cfc77ca66,0
e5ee0b6f6c9a2236a460ca1cd104b9745d9c7a28,5
b939a2e88c4b26b9af3fb7fca0286ff25dde2898,1
4925f60cff389b0a35b3f8b232e43ab517f4ee9a,54
3a1225e4383b996836b6341f6a1749a3150c09fa,1
2ea4e74ed317d80084645569d88b056ef24e56e4,2
aecf0c9bb96892e7822825e135d7778462a901fb,5
0891b58c30163c91504a0658d860fee289fe0aab,3
428f164d02dc965e4ac2ef0f3e8f18193eb80b9f,1
693843f1faa80aaa21175b8e3d36a27b0c4f8f1e,1
ac6bf7226ac43b40d6c18166f7b0799cb2033c4c,22
da3a0d619c17bd8b5874764282ee43b524197bde,4
786746404b8aa58c44a93734afd61c701d2abecb,11
Marlin/src/lcd/language/language_el-gr.h,15
Marlin/src/lcd/language/language_pt-br.h,7
Marlin/src/lcd/language/language_zh_CN.h,0
Marlin/src/lcd/language/language_zh_TW.h,4
5364b92c37a60b9a6403072b60b1386cd16fdc0d,1
34624cf399492b0cfebe3402a558989b92515d4f,2
d08597c65a0490b971e97ce8b9cbb6f7ee5d0c36,0
3d72fe07302100d2a09f975739d31be54a77c787,5
33ec599ca0bcb10a8e104869fde975ad211a1b68,2
Marlin/src/HAL/HAL_LPC1768/SoftwareSPI.h,0
dbd21899450629aad7c17c5f434748e1f66da399,2
c46de340b774913520d3f99d57c9356c97477194,7
frameworks/CMSIS/LPC1768/lib/chanfs/ff.c,7
e1fd9c08b33be7073dbcfe57b88cd6f724aa34df,4
Marlin/src/HAL/HAL_LPC1768/LPC1768_PWM.h,2
Marlin/src/HAL/HAL_LPC1768/SoftwareSPI.h,11
6ace57e1b0994000d087de452523121e62e63d10,1
9e13d1fad58f2a4b7838e977fb2fa13942b2a9b1,1
e6cdc438fdcca72f232883d765536f4a8a7a3999,1
a8764ac5d5113f03cc7de0d92e49f53e1be02240,1
374f2a5e16ca01c0726eb152bc18dad83818da8c,42
a0570ff1eb688690e7fb7f9557d044a732ec7463,1
b13099de3f98f00914bde588ee7ecc6524df37d1,4
9b9350e0104835be54ccda89f0bae9e0659281d3,1
d6e29e95974dd3368abc638a87b79ab9e8a41e78,2
e1117a8492f389bda7e911c3338fc16056ae4829,2
ea9ad4e46d9dea69e1e3fe851912f287f12d2ad1,2
ca00fed827363b527f198c4eb1a896bad2d8c46c,0
79796b22ada24b08d1cda936455050a22fa83663,13
434a2dcbf2decd1e79fef567e80f291f78bbef3d,0
21179f8300c152053460807ebdb7448e383966e1,4
c251601916c69bf3a67bc62048c5694f03b410e5,2
eb18ae900340816372df30496adc59840dac40d1,1
f8227abf1cbb87231eef2412ddf35d94a4379dd1,0
ea5f91737fe874a4db1d541dc2e7f614d5b45e6b,0
5c69d45f5bc96d6cc122813baa3e2a76b5a87580,55
34160806c0e7c199d11c06b56722ee500d97011d,1
f5cfdf6efee4c50ee89cf77dbf10271c161250c7,1
Marlin/src/HAL/HAL_STM32F7/HAL_STM32F7.h,3
6339b506c05bf2967c081493384d4967bc14d1fe,4
6e3519abae8e5d3ffa1e1071b556421956756139,1
51d080d2c1fc633956869ae4f0b76021004fe445,1
703547198216c7c7aec903f6e4a7fd3e0de46904,1
6d4bc9a1f847d51047814583834c5a4cbfeb2ae6,1
5bd23db0eeb6aa189107172bc763e98886e54a9e,0
c6e01ebd52aa875325ba9af57fc58b4d0b541699,1
571ca728246447d99663e0f23f71cdb2765b69b6,0
ab709ccac1883bb342f153e0effcd91a3f15f7e2,3
70e4f12d2fd33ddd4b2c07ac7f20ba9db9eb15e3,0
fc5c1a28d854a430b2f553e6aedce2905e577b2a,1
399bca316a5abe64f18ce202699822fcd9738b98,2
80d3ded89523b741cec40c43cc09673411eaf168,2
053b1371c71334b8ff36f8dc3b4e100c112e7338,2
608f8b10da653cfcd3ab4ed70969728b4dd01c4c,1
2bea1bda569ac7aecc87c0f79a7ceaa7a073a0b4,11
58671e1bc184c2d8e5138065d47a93a57a5e78ee,0
Marlin/src/HAL/HAL_STM32F7/HAL_STM32F7.h,2
45cfb1642493017b1203e35753fc258579b4d055,0
c19327f1bbb1b20670c725b0ba4833d2cc2e6da3,0
1dcfe193acaac8a26d789dcd4e949bb9613f3b58,6
9644fe1839429bba2ac5fd61a001d6ad79d5c1d5,2
c9bda932fe70ec92b296caa150a0ae2a21343139,1
4eb41031e9015024e025ab4d5b2bbf98a000a1a4,0
e5ca60acf593416ebdca29d60f98c02d3fc1644c,1
696f8eb4c6c100170e6e749c65f6ce0204b412c3,1
3217da6fa527c25ec83f87df6ac81d38968b4d4d,1
db031d5d768246a8576c74ba8f67cc30411a6133,3
3db35ba9be05355fdad018fb9128335e03097f7a,5
62ecc74e76b0c555dd5668e0c28b1b6eec22a0da,0
f7f8569bbfbd4210e6106e5abb036bb3b531353e,1
2ebf52e57d2762d214c7ee48cc2aeeda30803a05,1
adb2ac474749b76005e614c4bbaa1f564733e62d,1
205c5fa078b955e18f5908660912568312cf6a68,0
90d011cc485b6af53c8691c6bae738213338fdb7,1
51c7b5d46f1d2e5eb9cd7f0db67499591f6ad434,1
a19656e7cbe6dac33c5a1d7e76ebc7141743054a,0
b1cd012aa6b9ec5347a0a009037063bbe1fb19e4,4
266086670b6ec1a80d883182e2d26270f0627937,2
a718f5bdf383ff723ce5195452dc96884b75289f,1
61bf8478a2a10f083462f4292a44671b944bce0e,3
7a52dfad55cea8f34db16e70a4b027b56696f6a7,0
f875f49caaeea301d956aab0b8e57e6a0c4eb241,3
c63cffca7f48438fd603a6bf3f01b79ccbf71bca,3
7d6c0091041212af81f757dbf5ef3c49af5803d5,55
582d073de198c3c0354fecfbd2feafb2689a147d,3
ab8a1a2a0d240cacd031721117bcda9d6363d22f,1
f9dbd4d9f487dd37f75b92d016353fb14b2abf45,1
348b4544018c0279c4ba623a2109e009bdd7a893,47
a440522f84d3a01c77f0cfbfdf0f8aa7e9cf3902,0
58ed9901d7fe28a457a5783349e01b0cacb04487,8
382a5e3318406d8081551cf11eb91fa1f41c8088,8
441517bbe1625aa68a49aef0f98c6c4184e66dff,1
b46932f0c0e35392a9c03c6d560be7c1579e6870,0
49bcb5ce2db4d41974c7710f13b9aaf6ee402d3f,0
07db5638e2659668385085465f114e20e4b37388,1
c68ce8667d86617ec1aa760990cf6b32ef9eb061,5
8190fdb26077d43a0ebb7f7b45417bfd367355e9,46
9b519864bfeb043bad7d07f4bf10fe249ab8e27a,1
887664aa61bb92c25ed2b5ba29fae3e275e4c145,1
fb044b6a6479713019379d16f9b860d5136e7126,1
a8638aa20df58f8e1441cdb04cebd08a8505ea26,1
2e2fd8fd796606e4136b58ad750e6f94c46e0ca2,0
750cc02b3a0abfa70c6dec808095909cfa14a8cf,1
9de8c049451fd8104c6f884fb5195fc520b7a188,1
57b61491d3c901d9ad13c2fc052180c0b38f6a45,1
4a4d832344f61ddb4b472d4e7227cf75487b6556,1
44239b1062d25e585d1627cce0fbf433d6d5cfb7,1
4bc4351250daee46fcc085b9060bc28697e1f32d,1
303d792b9fdf20232e1829ddbe41c86f86e2a2af,0
afec16e644966b3a32d6278a76111e531695cf79,0
f2ea8a052900926e2e5f4943b13467bf08745ca9,0
5367a1f51f8c855440475371dbb16a6498fdd343,0
0c176c677e68f12056f5eb3053e8860d65fe746b,0
f2d09f27bb7bf066d38c02a5c39866ed93fa215a,0
16eb966ee39cff0eacbf1bd500039f4684bd9b1c,2
63fd23ab1cea5044e7705da999bd96ec7451edf2,2
11e68541b0b18111912b860e86a44e51e94fe188,0
429e6ba8a6a074c846a4b63e0f95d19fd1610880,1
719cd53e09b59da9e79a2a627cf485dd2143ff7c,1
0ea9cdf4f2d0cd4b8b4855587bff4bc76fd53756,1
7c469c07129b1cd2083c233a5be0b8a3ff0a7ad6,1
bfd9728cf4c4adb426c926584f42501949ca74c8,7
c371bdc499ae7268601c4faf54add706cf641e0a,1
7c18c2ea5fd7e3b3f7f21d1b84109205a813cc3a,1
9d0cf02fef695cdbfdcdbff133968d8508046cd9,1
2af35418808b0dd6d95e978560f0983c245a5c3c,1
c7bad74d8fff2d8871f01dbea24be831ad7258a0,0
af9b32e3b9a95947583162e89dede06efc8bf2c7,1
acb1e313746c721c470e8e045bdd98446b4c58c7,1
f5f1b069ade516793995870bac4d6707cff43407,7
554d849827601bbf69843b63807bc2cddce1a6f4,1
6f1bf5d212d5c12c29f75d8fadb8f0348fff5c99,1
1e65562d5503f5d084553c327349314bb9ecdc07,3
9dacd54a501064d6dc8afed0cc4ba04de77aab6e,1
d178d6e92112696491c464bdb2a3816ce09e3efe,1
fa432508b0cc9dabe08db4117f4f814d16ac7b06,53
72b7331f5fe028216513d9abed02f2692e982d79,0
6856eccc772b46f2ad38cb7318a32f1e33f5b3a1,3
d5bf9e74c4342ca53821b1b775c32bb0a0b3012a,0
4d2f277d435c25634a216e89d6224f83a89e1d28,0
43d3d024ac68322f8636bc25e7c64b960c90e056,1
ad500b01e0224719e9c29bc559484d44847a5e13,1
f4e4c7a7c8bee354234920cff2f8be36c391e0e5,0
d743d96886638f4ef0f4ff21dd4c4c8874956deb,0
2038722c52ca2643959179e5d26ef97cfd45ba49,3
f887719a409cb562d98b4d2b340de428246e7c2d,8
9a2dd0bc5a941f776d07f2f1d99c3db499da1e39,5
2c18faf3e48c970f3ef9f20e3a3cb4dc01394729,7
42933c804a08740b47a341623783be52182f477b,0
Marlin/src/HAL/HAL_STM32F1/HAL_Stm32f1.h,4
Marlin/src/HAL/HAL_STM32F7/HAL_STM32F7.h,12
a0246c5c96954f3dbd60083f237b68687356ff24,6
Marlin/src/HAL/HAL_STM32F7/HAL_STM32F7.h,25
a27fa80a7ecdf5e4955e4aad8b6d2a223b05bdf8,2
1a3d2ad275e13f548be3c155cd47170bde910fae,0
a408209d24ef2bdc8fa68679ba285db7c93cb005,1
5f807e37c5d4274cb548a518f279685a9963ae4f,1
3ae41e5f7f4d1690cc366b9d2f2403066dda8b3a,0
02ff12d491f71af683ee02d5cec1f1b68d07c30d,40
3b15c882257cc87fde4bbb601fdf02c26e2e5169,0
e753d6298f35cb09e83193c512e7c3338b02bc28,2
77c2d810f92e21cfb57cf392e734583717fa6407,24
395207080053b0d46186fabe4743a80b4aeb2bfa,1
0cd397a3f875f1ba45ab960cec555bff31a6df22,1
344ebc3bd2d50921ece2a33ca4c4bce253a85d92,4
094e9b1dab4cd815b0d88033ed52dfa9568e798b,1
c37d38886cb4ffda1f97251069c66bff49458a88,1
4f5e087ff49a57790b3e02ca895b15795e595713,2
ac368f27887a4ab423a0103dc85d9268b3b7e00c,9
5578dccaa01cd9aa9eeee5c9a2d3cbeef6502e96,0
6ba8cf840547b926bddbae2b6b55a67150e5c4bb,0
50c55b25f7995fe713f96c6d556cc54ff3e22cf0,1
6667a916a4f6341316bf155c1f88f8003feca0a6,1
be717b3c07e15b81c3e4ba8b5d839f66fbdf42a1,1
f37c64ee5b640ef9c2e295db792c34c9f1f8369f,2
cfd989d7c5e78be13784094d1f3dac9ba1583186,1
da600e5fbed07c98580681fb81be0077deda7f56,0
742cff5f3c9355fe3ba934daa1bb2ee9e8147ef7,2
84de428d30102d837f2976707a8ff64cc85b6a41,6
e633ce06c723d262dc570c74dc21efcadb9ea7a8,5
e654ea1e1ae49a16fb2ac64b85938f86e6bc4d72,0
06eb46b1d48a0b518cbd6a090d6295d64df42ca5,0
8ac246162eb4a5fbcfd0a0685b7a44b4fed09f27,2
048486390e886d1dda8eeaa23bde11d7a3be4d33,5
6a043eee558695e91f64b6f4a48fcd1816a5f130,11
2c2cf5e85648d5e1375270d70506f43a307f9fda,1
d7fd78cb9136a3f42244e965441ac3c5625a10ac,0
a8c446c3bca07b236b75588557f471f5a88adf14,0
Marlin/src/HAL/HAL_DUE/usb/conf_access.h,1
f7efac57b7ac607405529a71b4e36a6545525c89,12
Marlin/src/HAL/HAL_STM32F1/HAL_Stm32f1.h,28
dabb75034c713537b764fa122034a5fcdf57eef2,41
cf654b9a1aadb9dcae6c6c7f5dff4c74618494b5,0
6a50adb4d5da303ced9e7cc3be127d5717e3e707,2
5c076a6d930549191efd820cf2fb6304fc0040a5,37
a94104dbb524c71862f55640a0ad77bbc92a8bb4,0
554e577676fb506e40b391ed5b7e65d545b04ac4,2
2db666e99aac1c89677814b912e2946eda22e170,1
7e000e6af460d32203f1278fa4b20c4b72d2d26d,1
6c0fae15f872140efadaf7a40025039eb8ed5a27,1
a994eec5136e2c8df8ae2f2102176d9997b376e8,1
3a99dc7c5ca54cd40ba4ba5f251242244641ccda,1
5295b4713d91a16d07f7f687bcb7b14fe6df0c7a,49
cdc61ebf53e81137a00cd010549123fcd0594f09,37
9d923c6c03e87cc8b66882ed9325ac47ddf9c3a0,7
99516572b18bab723997d60467284241252c52a5,1
f26805e862c192de21506abbb9c2f37d25544921,1
e180b7a460c9840eaaebb294ae9eb2f5605b5b53,0
14dcad6bbc5288b1205a201139218e37e9ff6d7a,3
60d07f20e75c11cb1281880d5f19f45ce942dac1,0
Marlin/src/feature/bedlevel/bedlevel.cpp,4
86818c9a89720922c2e6f30c0d4779b3d191f471,0
Marlin/src/feature/bedlevel/bedlevel.cpp,4
95065791b3b3ec8f463c976c06b980eaf2894ea7,0
bbb8d4c80270d0fc20974ba5af9c37e5d6086a41,1
2b5a9be49c4a7fe36a25842e341fc5ad1d81e52e,1
082d161a75288252507d5dae4c4f5dff39a94e36,0
cf2922f1645614ede75d9cba68cdaa87612b17a1,1
cf3fd21234df63af8b21eb18c0efb2dec966512a,0
5fb6dd142405a20d9f99a4aaf9bce9131b146665,1
760dbbb73487289d5d129e0f30545b113f8e8402,1
cb0e826c5dc8b67ec3ecfa673911c7afe94c9af1,0
f72b0a7b046793e27f2f9696b8ddd336869eacd8,1
702c8acdd5ac009363c12e532924b828a3e804ac,1
013c911a82977ae7cb1545b6e1f5bc0a75301adf,0
e89f1453ab75cd2e1cdb0a314bc61e46082234a9,4
950be70a338dbc9644fda62f262b82f69858cb8a,1
760c912ab98c028c5bcc99e04de4fc34744eb2a4,2
b91ca168fbb09807b8203fc1791e4095a57e34af,2
51e0f2bee34e485d038ad0ca35fca7398a1576de,12
878f54c27b28d276c76f1d12f3092b57c73212f8,1
3ea6745b368c913975fdbe1787738e7283a02c90,1
331976503493a80d3b2066f7bed25ad35211770c,2
1c41de16d4a2e63bfb713041eeae1f3bc22882a5,4
Marlin/src/HAL/HAL_DUE/usb/conf_access.h,25
1746a7352efb51d44d47ba5e1deb669fa2b2269f,0
048d8a0158e1a5f3aa287794200ff25cfa552e17,1
3a4e107b6b58443096265f881694e432bc2f707b,1
a5dfe08a81ae8e22bef891d8f92bab70d42eeafa,1
19e75ccf8618b3691f14f6d51b1e73f56fb1355e,1
4fb60e15629e5a3e31bf15960a8f896f64c56946,1
7541316bb49303ce97e062da601e26426321c4ba,7
Marlin/src/gcode/control/M17_M18_M84.cpp,11
81211da7b49dd3d053547eec629442ca274c4cd6,24
Marlin/src/lcd/language/language_zh_CN.h,0
Marlin/src/lcd/language/language_zh_TW.h,0
8704e533da2820ae62cc264eff15daa50b7a2532,36
455592eee8485d32b3093d10210726c4de45145e,1
a80f2eea2373a6dfe7395dc0c2b0e20bc9f14dbf,1
190cd0a111d3b6cc6c0baa8c041a840e4892cdd1,2
0e935069856db7059acd45555a6fec080b82706b,1
016e46a3c0e429e9fec252af497945196517931b,0
31582caa078f6384f9dddacc26deec44347262ef,1
41246b45f1ec3a87eaa3ece17f6c7fcc9ef5f74d,0
4626d0406719f3543cd6dd796f8592f2afb28557,2
4af3d436b271f25bd7ffae78d860bc016525dd5a,3
f968b41f635d14ae614279d46184f2acb744f5f6,0
e5b71af8c9475a48f544acdda40d13c746e819fc,1
Marlin/src/HAL/HAL_DUE/usb/conf_access.h,3
724e3f33bcb5383adb210e5cadc494c55e5d7015,0
959a2d2527f478bc5e18b4e0ea695584cee3101c,6
e43f3ac989973825b35af8f897f3c9c7e6533185,2
fc67c64b8f02dfc5c5aa79769f2e20435b0e09e9,0
8afc4f8d9d629781f847b628ca1708e44be83725,6
eca5cc86696259c872960735e93a66cba9ba1ff2,0
e9fc7bc69c18dce9c38dd390df860a0fa90ac4b3,0
448b0a001493e26ab278d12ba86c6885c697ad75,0
5574fad69c0e058f53b1212e528ffd4b1421f796,3
d190c702de598530c74e56f072772c7c13863d09,1
5e01ee8adf8348a09711bcf136da730bb05dc3a7,2
adb9ecf3cc64df9da9c6226e0612f14c7b19998e,9
39e5fabfa9ac3cb79947308432bbdef353fd362b,1
ef911a2d12d29ff4e3c2080ac9bbc4dc4bc1aeb5,1
d80c4f1a6ef00657a32997c1cb041b45cf46e76d,1
9312ee63b01c635c4ff108f83c221ab36c87ac50,0
41dfb229ecba2aaa14cc58518c9d1438690bbded,0
3dd04736c03936a1d6de6032452c763a8fec6c7a,0
Marlin/src/gcode/control/M17_M18_M84.cpp,0
2929c9e56f5e3b4ab11de3f33367d5be43f6c6ad,2
10edb469bb11aa3e462a7b96529bb6272dd0ddce,36
5294fd132f5f3696cd187ae4c039092663981514,0
0b4a46fa6c889d5048a78ea5f35c0432a02a298e,56
7cc2193bcefed476ea6024fcc3206a4e9815dc51,1
729a9f55fc815fbe2bcb64ca9f447755c2645779,4
2b1e6829b31af98a302bb015cb747ceece0d1e1b,0
615146c06920cec731b4f75e8bb5b21d3b8f16d5,1
9686ffedeffa75ef3299512f9f032bcf216ec8b6,3
6d94bbf6186baa87fecc40b6d131c8d489c69e73,1
9bfabc1f13af644792ba70697ffdf016734c00e2,0
cba44128d56456a1732900c5af3343b87151ee71,1
427df8792dca818b0ff1ef90b75cfa7b686a3ba2,1
8274369522a34fd4343612fc150b43be73aa82f8,0
2526ac6500668c3b1fb08baa6b9f5c3c25052d50,1
db32c185aeceb9dc083fa9b9ed071da3931e71c9,0
f8156d2d2c18f4f2c437af2882a3e0f0eb36a667,0
9ecdd1f4c73c4302af465c2566c48d5618fd76c6,2
a1ce6e8ff46c74f1b2a130839dc43792daaa2d95,1
5effe1590c01e271ae2c4474bbdd8fbdfa1f57be,2
fb6966f2b57a91f39228fdb22c61f41ed49e686c,0
f163eede78d2539b339fef525cc7b803ffe9260e,1
2c4e03d2cf33f82c923259a5288541764bd6e8e6,1
1a827d5b6832743bea273948bf3d7c13039a2b97,11
a142fab155b60c382cbf25b6f01d791a6fe1388a,8
b259bb46706fbd5034ddf1881d46159cd79232ef,2
4ef965cc4024fd8801f9cdc19eda20802a38e2a2,3
95b82ae5e376d6872fefbf404f5177726bc15d32,0
9e8008c49cf9a4081750d3c1b150c034d1493ef4,1
026e3013076a471d0aea78e5517d12d79688f2ce,1
Marlin/src/gcode/control/M17_M18_M84.cpp,0
68438b0d4eca6fd19d26efd71720699686d12013,0
f2731c9f9355f0f3d6c029fd1f5929251fdd7179,1
4b49ea1e92d2963f261bfc7ea1233b49200407af,0
Marlin/src/feature/bedlevel/bedlevel.cpp,5
2925852244a063ea97e780f9ed6b3ebc928cfc38,1
Marlin/src/pins/pins_GT2560_REV_A_PLUS.h,0
c6354fa153ff15d8166ae2ebd0c106fa9f3de5db,1
3b51f5c67e37da6f42f6ae0ef75a666261952ebe,36
f704f405af4d9e32d26dfaaf40fd73c604487123,2
f0a8a1a85344207870bc7528fa9dd445d5263adf,91
705ea98fd3a243c8a0332b34d076deceb5a5cf6a,2
f218eb0ddfe444aa494f661fdb710e4911883a28,0
50366b00d570c682316dff2d37642248dd41b18f,2
28fc8741d6ec018eda9b1737bf1862ac6e9e1c3d,32
723da1d7a548c7d8d5ed03bb817da44ae25342c4,0
1a948cbd930a2dd1e07ef264b6e5152446612567,2
869c89d83fb8c4b19da4b9cdde5e7df2a8dcda12,0
737561c1b3169c06821f1bf8459f51565de6fdd0,0
1cf1cf8759cc002c8e9d256613be03af84404469,43
ea1a8d1223f0c66e73eb21e2e2b73884eecf51f0,2
4a8fd8ae928492d622b6b0d67fd051da54065a41,0
2d75b540e208709aee5eac5722ababc3a09b9d27,0
aa97cd6e9bdfde59cb924d8902f104f19e142896,0
2b0165e90c781fa5072e04d6833b2325b8295d36,0
2917d1217d41527ff7122bad57f57cc04f5c3c21,1
69a51a426c59868d4386fe2520281460a3f6fbab,2
45e73b72a5a3223e5120ea2c58b98a62d2466813,1
caa50934984692e7b0de8aeb05438be9a19ce660,4
c6946084505149b2d20e0129eb13130f7a6af53d,2
ca145643bd813ee378deb12f379f64684229714f,0
97d509d4d281ec8cafd6815aa9f2a4d7ba647548,1
5bc2acc0728b08a296cc5cdf16ac63c68d2aae68,3
33a6fc70e4c30978c21011374d93c7c6a5c9906b,6
Marlin/src/HAL/HAL_DUE/usb/conf_access.h,2
Marlin/src/HAL/HAL_DUE/usb/ctrl_access.c,0
Marlin/src/HAL/HAL_DUE/usb/ctrl_access.h,32
d8a4db72ac1dc13e5cef532559526d0d9d033f13,1
99b2fc2066372ad091903ff2a4ccc0e0d679ed7e,1
498ea7512a5f6d2f2b56f9ff27ca6212f4aa058c,1
9aff55ed1fab03fd26359591848556ed98a63ce9,3
7447979110416e3d71ee42ae0c380e9e35f109e4,1
b6f9c333d441a1f7ebbd5a62c3bd409644ce8f6a,1
2ec4113cb26f1a3b70a9f513f7344e57c7ef1e45,8
913d9e9a59221fec5c7bff15dc4ae9dc9b98b57d,4
3cde4c78b20020ef69c4066536720de04de2cb94,1
63cc34f63207785cb8534e0612f3a9a1324f5f12,0
fdc5e72720edd95a7d1971749c497cb88b1413b8,40
5a0f9605e38cd8e5cfb0ebee367d09ecc9d23b31,0
93a6a4e1a815e9890a1f53cbcf9de054d312b173,1
af1d6acb7ee4f69c2fa76a1e93424dfe7088c7da,1
933f76fda3a2e8ecd9b3e8493b2885f4356b0430,8
31e33d2acdb496d3c07bf2f125a13227d6454f0a,36
fc9ee1a4dedbffc1fd4d5e0934be204280f51f76,3
de5ca96654313a4c9cecaafe265035f6654128bf,8
a891d8d7387749cfdf70eeddfdb5ec869730671b,0
029333a8ebaa5c66ad5258971466e60ec82d18d2,0
097a26007ffb82c88e0ebdd0cda4d74dac8b8572,1
8df5955da46d94539eab890a599aaa75b502ee9b,2
957bbab57f2a985bfc95ec91fd707dea92674bd3,3
f79026acc1f313c0b0316654dfe786bcc5dd964a,44
502258aa5f1b5ca27efbdf5daedb1804aca2757d,1
b055d8c39cf0a3bc946e13510ba407e60f07518f,6
2690ce7a96aff4fdd1e37899761ab37ea93b397e,1
1de7c75590e4631efc69e29525f460b0a0cd5872,0
15d05748dfeee7573bfad03048714d9d38f64b36,6
9abbcc3ee008ce84474af4d0bedf360958b56957,46
20008b72a87e01ff86a7dd60c802deb5727524f7,0
aed0cfa3d1c604df61fbf1229747b4d882e968c5,10
f9aa1daa0d597c68d22b67551033a8a2cfb5ef6d,0
674deaf2237b586a5f15e4517034aa9088a2f0e7,36
5595098063175645ca36141d5c050b0ff5c0fe7d,4
2b7db90340136d5d3d45a41e970e776c28002145,2
8b12371e45356aadf175e02e80c87a3df47ea60c,6
4782acf60ef6ce66c9b2e1a1f8779d232fe5221b,0
0cd1e91056213d6a0bd422848ccff7cd1191d001,62
09d13f186fa5b8ee4a123c928ffd7937e2f384b1,1
c5632bb91b25801e21c668cfad53a4dd3a4f8b9c,0
0d531d96551abb6329e3513f5c10ad0c75250338,1
69efb87d1943b26483a4cd3d5d15838f81219201,1
368c124de8ffbb234ff8bb6c45ce0e1ab07e91da,1
21a7b4f26db7fd3532b2817b7071754b4645ac04,0
cf2193c07ffc07597ece619da2db8cc587f68479,8
a641992c1d89414e61b929b44de47a75ec8562a9,0
ac168a03c86a200081f6862c54ddd9f524f3ac67,15
084f2434a75839af2eee7ae3a37d40bc3e80ed6d,1
7c7ae5ebef500fe5814a25daca3104934eadbfd8,1
4feffca178b82ecb17a8e59c9f4b3c70d3fd7e3c,1
c555a214d2cb5704bb323f99b15f0132300336b4,0
d568e586b7f7b14f841bb59203e626d8941b6e18,1
24f9bec6f4c806221b4f51b27fde711e01c10e95,1
6d0678d9633057dfc338b127d55026a4a28e119d,2
3255712343fdc9177cc94c86b2c31bf94ffbb8ca,4
3d796d80404896dde4d1360859b6b2def158547a,3
3db5303bfeed53180fb6a53caffcdf822fcfb285,3
a71d2f3f40639945676eede207a9b4f4f5c6d122,7
73e32925e4b140fe23f62eeb658f807e4477d872,13
125c572d97b4d8dfd8224022d1721f6f1e950c34,1
a5150c83a2e0e686a9cc1ae2d4bea4fb75dacbc4,1
Marlin/src/HAL/HAL_STM32F1/HAL_Stm32f1.h,16
204199e1ce30ecb17fb922cbf27a7cb0c2b51680,0
Marlin/src/feature/bedlevel/bedlevel.cpp,2
f53e0702fcadae307d2eaa96a2d5c6c9b2ba6839,0
6686d937fb9c08de14b9f0b8ecf07fa5a7433719,1
117fc872a77ccce5bd7f389359ddfa60d70f7638,1
7d2e8505772e85bb42920fdf7efe63493c05b89f,1
03ba79f1446034d3313e86bfd5d2790728772392,0
Marlin/src/feature/bedlevel/bedlevel.cpp,5
11f9c253e03c97c7cdbcffc04fe9edbfdf11cfd5,0
5cf6a062e315e7c0936f60ba6bf11d7f8fb1f20c,2
6149b82119d2bedc8197e18f034f58210f633025,5
82ef6b52420b47004fea9c34c6bf445157a7f9bb,6
b8bc965414b57c4abf5e1ab80cd3d21ab2208c60,5
69d49a2438203fc50695009a23902c60ff5cf35a,44
9b800b7fbee8b48c3bb2a7b66413ef3ffdebe3cf,0
d576f5408e90414fe82f74e60ba2b8476101c7f6,3
c40cb523424fa7ec960f440500e3dea98ccf2828,2
a2ac452ef94d8feec0fe7c6ac0419608b3ec1ea8,0
4fa65a5c25d8e4771359b0d562b631769183f5f1,3
b3daf6b5db951abeda8246d207faf27474465784,2
f58eb391aabaaa99199bd7f96cff8ff7e0da95ab,2
cffd052fee8102f8796e3f9722e8d2afd210c9a0,1
79c402b0523e52ab62270d964fea0a1419e51174,0
65d0f32f821782a9507c6432c585389685719790,1
728acf521ca3f5d9cae36e0ac7cd57e052f51021,1
206866ebb3de40dc6f51a3a265b01ecdde3eb656,0
85c6ffbe0d411cd223f345705e2b1235239bd91e,3
4e891e9fb7af63f1cf8691e0d6810b414d574e45,1
de3d3b9cb19cce2be09b5c7c8be32a81bf2b6d97,9
43ea265b782f459d10f3264b501602b052ca0c24,0
9d65e61f39d271f52d92c6981c18e876a560f176,0
ae663a4198512796319934a0dbd64832040fd0a0,5
d7800e7975fa6e21c327920b31bcdbc34f45cdfc,77
542efda7db08b42a3c56f791283cdff22aafffd8,0
438c21ad5cb29a38c224d5078ff71a0a208bcb49,0
3cd7659924830e5639737f92766f796c0b632f62,1
99fcf60977acc9cc03297c7318419566fd652e77,1
81c0a918af8b6e21cb969ecb31f854f4712e7ca1,1
f206b81cf70ddd580477049e383a221c58e38293,1
60e795131299218132f54ade2b495c349a5316ee,0
9898b969926dca060eee40dc7a92a3a31da757c0,3
840289e7ccaa79846acfdceee63ffc1baa77168c,4
d163c4b5306e3b9dc02b67c0e88342cbd3bdb58e,0
90cf6a06bede65cd6b7620715f426c2c351ff32e,1
cdfabbc507d6a2655672618839437af78496b5fc,1
c846388a65d96e8ce804c7682d226bb67722ac7a,4
2fde60da124fddb6cf2a8f15479680f3410b53af,8
6040d4080ee347b5276f93cf09a6cfc75286dc74,2
a4e1d83599f0daeabf7e7096e131b5c66b7bb017,3
a3b098b4bee1c44b59e0ab9195ae1640c938ac44,2
466f2761cb185a7e79d4e58da8dd071ccb1a1128,0
a993c5227d4b48106798b08b327a36a53d60d302,3
5320906b0b3bae3406f5044eda91e967a7c1bb62,1
aeb5c623c1aa4c1c73f16faa6566a1f3fd5e00eb,1
5fbb2f121e9dac99ba9a28e77f82591e4919b0a7,2
1da2b2dd747563b18514cca3a30e1ea91cc910ec,0
c1184552acfd69ec118ddae57d8e135357234959,47
9e3fbcf35cd347c3dcbdc0a0b7755f52bb401917,1
d8b444c14493bde04edc64ee0b055dd292b2f17d,1
a2372cfab5eef64812ea923f876a813de23b2b34,1
4d3c3d0b7384038e12c6eddb14bf717985b8dd7a,1
3748c289246867a5f897ee511978f8de26b579a6,1
772298257b1ad2831b202590154ccead4e5c734a,1
b27bc672717e206c49969b20cce8485255db30fe,1
cb8b9950afa65b67c25f899a95b24524f74f25e7,0
b6ba32ce75c49a39ece50d42b7211ff3e93234ae,3
53694ebaa18551efc847bfbb0df0c85674c175cf,1
37fff608b084fcda84ef664c4ede63f39a10f911,0
02dd621ac7f629c946c4bb44a3050c40a1daa6bd,0
4b612f590c730a1e8b757da717dbba45debb45e7,2
91b63f6d69a86903aa6b43046286c00094b90c98,2
cff886ba120b57da82b54869b444f98f8acab94f,0
57fac33a74aaebb7d418cf5ed536a8343bdde78c,1
3e2a515d270bcd65e01e076643725be32f710a82,0
bb23286383211d26063c0884ace893a3228c632e,2
f125ba7eb64a61488569715d24eb20ea5da68d7e,0
dd8febca1a29c08b002a31dd960279b28b7f2f12,2
fb44f8e50f0109df48b5cebc5212e52573dd0cb8,0
4c5356f77adf6abf4deda15cd80c851ca20e3c4d,0
f5b4e1ef4f121b26eab42dcd66bb79d0b0948650,1
6e944a413c07aa8f5b8c2e7e1dab2dbdfec8ad3f,0
967522b95e459561ff2f36c7dcc3cd6ccf2b70ef,0
f4b16a3bacbe24434c09105f25ccf62fd23a330c,1
f9327534f804c4d4544fd6a592ea216201ba67df,0
da9f1408296f0cc269b0663402b5a1f48f93a60e,0
824980e70eaec5598716b9bbfde1e98a5c1e2420,0
3a97de52ef6bc178e34af54db70f803b4d6ab451,2
24437de5913901bbca13e20fd2eaf1922877b194,2
4c5ffd23499d6baf65c6718d6ca2b3a1d28542af,4
aa7efb96bfffbbfc45d3a3e4a41810ef1b4b7c7a,44
63a91cd37a3d1c73dfa76a008378efec825e3104,1
805612019553ad105b34760fbadf15abcea47187,2
23557f8e778ce19f5f83b354a69472eb0ffe63b9,1
05f8e98c4ab1f96ddb0af0dcc51af838ec9b0c30,1
48fb4e09320df63540c8c0876733dc267d5e3b57,1
0850b38b452fe48c105d08910cad57c4f81f775c,1
000b3b3117c500f51be05cdb136ce56617edd69a,6
046a1ad331df72c6e1782b04a0925026c677ba84,0
98aba6a534ec7a3610968c00bc8c840f9edc3b7b,0
b35c3b5eb8ac1906e76c02dbf4599463783e2359,1
45c2388a5894c502d66cebce52c19311d71803a3,2
0154e3480c44bf9d96d662382da25afaaf3fd854,12
082ab8fcabdafb362149ac2cd384e2de20d8d475,42
d1f11e9c10c7d2800485f853158a2c3e51e4bce9,1
dd1b503f64b907e38929c90b692d11891ef28b19,1
bd45d0363d9726a666918b196be85281f36c6785,2
91fb6231b2a779c86b15a552add2e16aa09ce5f1,1
94e6b2976e7caa72b4983893eb683a33f19e0817,1
e3948d858280901fecdc768f0113aee3b84b52ab,0
dd3ce408261cb44fa698ea648d6d258bc9f49f40,2
ec6ca37ed3d7905a98138e78c5ba5af378eca7b0,1
a52fec6ac49e47dc390ccb41990921970479d6da,2
1f3ad461bcdea9c14f6b9e941d4ed28f6e81c0ae,1
bee2b5eea43ecc191dafe139a943656ce76b39fc,0
e37dd645488ffc4377b6ec818c1e38e55b5903b7,15
8f90642eea65ab2e1f4fff8f603498c00eb57aa5,38
cf0f78336b7557f7aca81e841c1e6b74c3f1be07,40
23e45fa3c499a1c30a84deee36477f19a0ab452e,1
fd78446b2b76250b90347e4ec0cabede49ea3d2d,0
7c61bcb05809d7fc9170529b14c5cfc8c026d9bc,42
ef2531558cab8317a772ac766ae5243d742fc89a,8
ca80564a78cdfd3a321a7c0bf0cb938202b79b48,1
285b868e9b1d64c1c9b60370630f6d9bad32600f,1
eede8679e731c2ee125fcc636ffb70c558cab697,2
1f2acc33bcdb4fa1079616597effdf973fb6fea6,1
7f88334aa371b02d2c25ce89af658fbf1f7776ab,1
a038c10f66e2c58ad9522b583b97d95dd2f60d1d,1
4f32786cf7d376ead348e647ed00544c47cf42ac,0
f5f72b20092cdbfe420e73cdbc02d38f8ca5a6db,1
a8aa43ce2d963674b61f3f0d9acc2b0c8426005a,0
4793c34c5365e7720c0a53c7bd88188aaf37f227,1
16baa48699ce22f1363764d7b1933f29307caaf3,1
02aa93a6ad3047eeac2648fb689b6fb77862ca29,1
fadf9eb2d72d0acaeca417729a9e789f31c4b6f5,1
0880031e8e7ab8ac7b2cc680bbccb43373156941,1
0786b61ce7ed42bdd3d041429bab6276735e339c,1
47099af3ec6e5edb53ea27a241ba7ea0f192c6ec,0
276271e72fc8b2b496fcb2c96544c91ae362cb3c,0
Marlin/src/feature/bedlevel/bedlevel.cpp,3
94cb412e45b8e719775960312a9241f39e2a5ae2,1
c8718aa111291a3c735a255b87da8462423eff81,1
a67cf78c6be7816d83a300d5fc539cfa1fd7fca8,38
f0dd4e3fa044e2cc19d00d33445b199c2121cbb0,1
b634bfe1b1aca33e3351b344fdd2e79ae093db11,1
7be4857ab9b8b607f088348137e8278af46007ed,35
7d8b66e2077a79ecf9a63926947454d867fabb99,0
59b32c25b515a6ea7256da71eaa42e7cdb8b2b76,2
f90c075d1f06b4e336c9a20cd28f9aec7b5a0972,3
9b64be0bc527900c46ad8dca0d77858b4e9c07b9,1
25674da90cdb25ebb8382512f2141363b3ca4dda,1
22b897e77d926ca4767f9c78ef82a52e8b7088b8,2
d06e29846d57548a7756028723269237839971fa,2
2f837ce9b790c50f8f257c9e6a4a0ce5a1fa52b3,0
e48fcad615092e34ae0dcf2e08753fb03f525b8f,3
41ec449960b4c59128800d331668e257cde9562d,1
9badf5dc0dfd028a3fc46b75ea87a706c769aa21,1
7576ad7fc25200659af9e99288affa4a8dc6ff33,0
27c5692b132c680ecf626f817cb81ef8c3374fd9,2
a9adc2c2f65c6ecf37150b375b9f40874d5c6a76,0
d18d40e1d623305f42171385aedd57003bdc0dba,1
65f365333ff15b93ddbe16db18b119c717a6f7bc,5
d3ed0f53cd97afc4a7ea6ce7937991e968855b11,0
8c69adba8b97e7b35a14a39a421c1a45de299857,0
ba5ff1a838a6fd3599cd0b242598729fabfba09c,1
be00e421a76cc82a3e68cf801e211b0f450ea393,3
fc40d56131636e719e0cff6daee5c34e07dbba51,3
d29cb646e3c5d3445d95cc31314b684b62cd19cf,1
7bb1721f35224b792c2cedcc73969b41c3d7c3f2,1
5f9592a5232e6bd68986373052bb20c6100bfe7a,3
34eaaab5fb0d9dff8014569f9c93fc2253f7da5e,3
Marlin/src/HAL/HAL_STM32F1/HAL_Stm32f1.h,0
2ea779e560c75292fbb24f890ee39d84f0ad7cad,1
d24b1190bd6b5647a623c5c0027de1f0f72fb589,3
e34c6827ead09b79cb1ae84664bf0aa5b480373c,1
a9ecb975b2a0fbaa97a1051b77d5d78d02e8e7bf,1
d95ee0f0032e22e6c4e0d8cff146fd64f1192d97,0
80ada588181f6062ada9741aa8bdc28a581c50d8,1
92a0dc552a25c0edd897d9233cd2281bff88ce37,1
a81df268fd1b610fd587052b5e8d6f8752549eb3,0
b49acce0352c7fda835f0b6b1db042ee20747579,2
1ef1052ae13ee32efbab74a990991161e949b7fb,1
5926c9c97b7855b75ec6af14ce49366b91ab0bec,81
ab03a31cc99f6dcead63d21e0b1c492c9f531a52,1
a766dfb3b12b30c729ad3a6036676f6b71b6fcab,0
fd13489a8a34e54bef4f8d667e42d85422b12202,1
01e207213f047f604f03311e8d13c36776216b46,1
ec04cf27d305be583780ae8ac2f21e499f88ec9f,0
Marlin/src/feature/bedlevel/bedlevel.cpp,1
dc82babe8ec605c5514f589f6895c174c2fafbb1,36
4d517d169ae90a083ede21b2e6297ff63731a153,0
c6b0c104bbab04d4d59c4f3f8fddb728e9b99603,3
Marlin/src/feature/bedlevel/bedlevel.cpp,16
5ce7f23afa703012e3008ecf64a7ed4ce1e99cd4,44
c19eb334087482c6cf2b0db7cf6454b1c1f4af81,1
a03f93bab4ac3f775e413994c416b874528dab3f,1
9e3c41f9e8c7b579ef221d9ae401651826db5e1b,2
8602461da8813a0f0a6e8bf360d2de58a8f0119e,0
118ac61e596b18a8751ff1388a69be4adcc7e4a8,1
c35d27f77c058129895f4bc56ddc438b383b2f83,0
1685cd193b7f9428a3f0c9930bb6decfe2d2c659,1
7533ccfa8313c9465248813599607655ae1bc797,0
9406c87a9740790b2a3488199854cd1fc816f62d,3
fa577392b2f2826f23649ab45a7b9e72dd435eec,4
c2fc78c3a854c06e6e65ae95cbbd2693c7a84e75,2
001ce7a2fd029bb913cbbc78b55d46c6204f5052,0
c613a1ed3807805ea8f2eaec9389e37774262145,3
f011a32771a7c7b8c14ff7a28439aae7bb8cebca,5
0c95262b9e2b375ea6bc25abdecfc9c73d728500,0
9dad534f020f83b3924f8337a9a1145d9da2e15c,1
4371345cbedef6fd7f4cb23cd7c3ff90206afb4d,1
8d0a45f5d4197382ebb02f36ed2fbf995068972a,0
56c02b7f59bc83da78ef04e1065b1f5c9fe49dc1,1
3994d3b935d0d52e4b23a854680a8eef2d4adc7a,2
617993d0ea3fbdd1b20d1f24e019f9cea01f81eb,1
3269d8dd62a3f61db190c785dc9efd29f04a0ceb,1
cf2c5266ed59aa69b8b904ca40eac89657d8bacd,0
bb1a6eea889c7be6edfe50186f84f85ffb99bed9,1
1ce0fb336b12518ce3acc4da3105b1783ad12e49,1
63e135732c822cb49aec3306ffe2d47e29f16985,0
a61127a421ab30eb917fdec19f62ce501749148f,1
5cfdb76186478f8e2c80ce3e903ff2e7adcb4293,0
e2724c68ab712b0a47b3e51abfe835c7cf94435f,2
9770062309ba1ce3960ef69b364302e26af4b09b,0
586c1e4e73cc02021965d570b527dad5a383f79c,0
37a8d0b80966f2dbd7aec23d09017a17a09ce7b0,0
3066655727a5b19cb3fd0fae4a558de813d4e442,13
ba8bc7ea80a6d90b195bba8033ca23e80edfc69b,4
f40914711694875993aebe3c7938e53e99c358e8,2
a28ccabe2a2dd2a89bf80d8926b12437217a70d8,9
5060195e8ab3e484e4826600a9d22eeabc14e78a,0
33912fa7e8cfeb10e75615f40bcdf77ad87207f6,1
5a52cf6a710417299863176f078952179109e2f2,0
b9327a4d161747218d4a7c8f621f248a58900e54,5
8836623e0f5286b630043c31ceb05841e382b8e8,2
fe4f009fdd5a05a684ea2824676bbcb06f248306,1
25af9decfed2c87c782595013e80233364581319,5
1d4571b88dd0a5c5f182c86611e88742d44fd53d,0
Marlin/src/HAL/HAL_LPC1768/LPC1768_PWM.h,7
550f1025f0fa79ed487deee250d72f77b8078ed0,3
Marlin/src/HAL/HAL_STM32F1/HAL_Stm32f1.h,3
c0000a0cdc68dc2c9b49e5fcb1a04275fadd49dd,8
81bc428b48ffdbfaf7569b2daf5d48fdd0a40d43,4
3af7fc07e73c69ee63e0e18ac92b90d1423d1254,0
c14000775b1a5e9e8c24e139424bd9f0b4845465,1
Marlin/src/HAL/HAL_LPC1768/LPC1768_PWM.h,5
60adc6ff0213c6989cd31b9e76e4ac6ab314cc66,5
6e533748eb221d5bfba69904b9a657aebd541a9b,1
485abb023b0707d42be9e7ce769899f9a19bacd0,0
ca6d408549510a0563f42a7ce93195e9cda8b9b3,0
3bba7d60f352c7da638bc1fb65b279cd972d9b79,6
32512332df436514a5d00fca28b68cb08860fab1,6
Marlin/src/HAL/HAL_LPC1768/LPC1768_PWM.h,26
7dacc999b926990fed951218c8f4fa3749bef716,1
9729528d1334c1ffbed54110d34ee5745cf7b58a,1
d48cb6bf41a539048ff092f5e7f4e3fac2e4d82f,1
50a5bb77d2435640d461bc1a9d4e60b58fd6769c,1
bd8bcf06e7cc687c7a98cf9854e8101b2d4e3ae8,1
1502b6ad8a38fe1327385ec12027d718474321dc,0
7eea000f4bf770b94614cc333478f1f1a97faa2e,1
a7ff4f5799017b6da51ae095cd2c1b8365d060a8,0
b2dda096fe12a0780a9884177770e5bd125182b2,3
1e8afb66b713252f17d1c3f29c0bc9908efe6fae,1
50f09cc029e21341cfe993025cf1854746ac2990,4
63257dc0831555791eed5d016ab6fb9b7a70957f,1
166dbada9136388fe095fb2bb998f8d4a5cae332,0
0918dae66ef34eb09eb9b738b2bab9a90acb122f,25
24057270a311fc4505942fbed9ab3c7895c5960e,0
5079a02c9004cb73f0843bcbf5510f07e07fa7e1,1
9c3761047eef238fcb74f33c453f469ceed2b3ef,0
1c7b9f6d5dea878c61dcba73b0d5c41a4c2cf0ba,0
e0d367f1fb12c57eca03df7994eeee629c0fea50,4
9f8b4c5ee858e80a48c35fcf6112f92dee58df79,15
2c8c30437ee1ad586ee62bdbd18957aebfe3c28a,1
6131533157c6770e72d1e8e3dc5b8d3a6ccaea74,1
e70b44dc0ba2f6dcc13154d3917e6134a5323b2a,1
54774841ba71a73977aa48955fae04890f71859f,0
009e3a7aa7900bdcf6a929f51afdbe8b3c9d9bad,35
0c7a17a3129ea675a080de844fc024053d2307bf,0
6d6c3b1e97ccc3965aaa0abb24c07aeb6efe031f,1
d8199b5db91e3a940c39ab3f02fdfb2f927142da,0
3f0a982b8c87b7911d413abcc046eb1299fe9e21,77
b76e173205dc8f2cb5e8b869b8dcbf9b968746ce,44
705801880bb057283d3c738486b8b91b6f36bcd0,0
14ebedca27b7e323653b2ff8a8de85a8348a2e5d,32
b7feb53e8a8d6f84039778a1ea5b656881e947dd,3
1b6c25a5e6fc5eb54a8ea590c379f6bb1adffe1e,0
202a9b06d9a07c2c9b33e6e6fda0eb1adc3daef3,1
91baca6abb95a4e1eac1f14ac3f1bbf9d2a8f88e,2
98efc18f2c6ae3f5da9a4c62deb8923ccb3cee6d,0
2f73dec0778d396cf715627d7ffbd6d2ff5e4042,2
04abd8d45901199e03ded423478885b659eb65e6,2
c009a990e45db61ac3facbd720312be3dd3d3c24,3
e8e92f896946165f47300b3ba03e54f5e042e099,1
f5d210c35cad6c7fdb124f901218bd2c4c915fb5,1
faaae7a1b2b98b1a13f66edd5f7b993220726302,1
e1e68e4c95264ae1c856637784731f5a18f36887,0
06ee6584fdf0d6639e917a4e1c2b456892bff8f4,2
c938273bd5a67a4f69a3c4f584e703097373b9d0,1
98c1265e3bbac7cc56fdc9a91f7044c70d77ea22,1
68f2d95f76393541afbd84518b2a79957739bab6,0
d4a1154c25093c35d4bc940c5f0017e4ff48d2c7,0
Marlin/src/feature/bedlevel/bedlevel.cpp,2
36426af564cb2c11825b83cdd6c1976b874b6ab7,0
c0fe6cc34de160cdfc3e9760b837c0856871e174,0
1ed86adf9cbcd9199263ef0466a939bb38c96484,3
75a58ee4b875630089574f497026a419d7e66d86,1
e334efb2a7914b6a39fb3c060790319664d98b2d,14
a886e989677328b89f17c147902b584f349ba2cf,0
b6415dc169bf14868199e5b40798830c01b227f5,1
60153b0e3b218c780c50f3194ebbf2d7302557c0,0
0efa66be0baf7524779dfe8d4a6e2310800389c3,0
Marlin/src/lcd/language/language_zh_TW.h,0
cba9c1cf9e7831a86acbdc35fe405fb600e0f6e3,9
600c85226ec85ca5851f0a2472f87c2b083f78af,3
81b91b3f9dbec4cb0460c81085d5ddfe84dc40cc,48
2f9848ede30cf5dca969f10116fcc5204ea110ae,1
450c5f0814347a1c2d802743782df0f62541b823,0
006dad4b526c288b1d1224b32c6dd332e5522811,4
00514857e9941ceecd67d5276cb7e53d70bc3bbf,2
c66696c507628e87174ddea9ed0ebbfbbe5eb63a,0
02e91ffa0276b97eb43cb59981ca057bf3707128,0
22e18fe832637e553fe2a8b7617e83f7787d0760,0
Marlin/src/feature/bedlevel/bedlevel.cpp,0
0cfb936dd124d22a6079a5e85802ddc14f0b4328,8
f34c3597dcaef54624c82f732f13151215bbe650,9
10896b943134de482455f0b8bd28d15ac7c11dce,0
d47fbf791b5369510344b09c0486b6d8b4ad9712,12
95ea43bde43141d0cdf80d21ac8765fd6455f50c,33
b0b4a209303aed5b68869f9ac3e72accd2818a34,1
8805e24cc7f52059bd8ac18fd61670d03286e616,1
24437fbb1310933abe289c62b9b7b8dbeffec8ca,1
5a88e9bc4bd0b176f11ff90980253297c1baa4de,0
7c274d249bc25d908cd996021a84c02c92dec91d,1
c388dce2b5aba9393ffc01d0aeeeacb53c0605d2,1
09b05c9d79242155cbf3ca3ca69b42296562d93d,0
1e555dfcc272c0bb58a0eb05ce445a3ec43c1b85,0
e6788bb6ae4261ad3e424cec0cf01ebab5b79b69,1
967104e1cef33d71d0a0948ca8018082f2e3d1fe,18
8875885a1598fc8ef4226fba5c2dd1c89731326a,1
1c6e83c137c91c8510d77a9a01d761c1a5f525f0,1
004fc55eaf5c3dd8ac1278d17cd29e29453867ba,0
82f45c3e6ad00a2f8cc60f0a1f7297958c98637f,8
6f70e5618e4b749829705c4817cb883a2f6735e6,1
064e6fe60e2864a678eae89c0b16a202280dca88,1
29fb48799d1a0a86fe7b6bb454931ff3ba3be61e,0
0483a7df913f949ab6c61261356a5cfbe5f0e276,25
a34b5a2bfab08ed8c6a91cea58126a66bd77d3af,0
96c9d715f37b72507556032cd1a4dfbc9364d755,1
ed62c621d78bdcfcf8ace903ac4130d07834dca1,46
efa8f20b2ff4d7f7bb19dcd063b504999b2f527f,0
8fea26aa9d15f841c11db4030998dd7daea79b1c,1
2c099fd4c26db998583caf5baec8dd5b1daa85d1,77
a6160916b0a23f8ccac731380ce81554c94bab7c,2
776cb526296023705ad79954aa1753b53281b975,0
17ef0a513b6a0bd671ea49e57c3d1cb5f56004a0,1
b4bf8928aa8f1a0437cd818f32b62e917dd4ec6b,1
e54881c40831b6c08645e780f2f3ea1d2b32d91c,0
73ca5345e1aacd3726ff492057940f513b2be396,1
714d2b9bbc1aac6d9b787ddf4586a69e73762579,0
83555933aaf4b48c97b91e04e406b9268dc60e2d,1
Marlin/src/HAL/HAL_STM32F1/HAL_Stm32f1.h,2
85a62bbf46c13b4e01ecafc9f3ce50ed92f67f3c,3
e6aba99f162822a3e0d7016151719d4499e5a5ca,2
6718579ccfbad993b6ca0595ee131badf3762d33,0
e9b1944a67f688ef777ee82057124c7d9c56dca3,9
Marlin/src/lcd/language/language_pt-br.h,1
6324b099340c414fa02ed6a11a1a89eed5d07f0f,1
172c36f5176e9405d80e93350cccb03e6960a470,1
cc4d28b73c0025d9c19601c3f6a69b80ecfcf3eb,1
94c7205d64571165a1fec050eee6f3089c935fb0,0
22463166055c11be400a534deafb50f7b8d9db02,7
4efaef7039ef4e3b39fc9c08d50464a369f9f435,1
c8dfa26bc8bfc9dd94f7da65b348b4c021f0231a,1
185dec800b3bcd7c4029ae89548565851c3d484b,1
297666ea141886e039e62e426e5455299b83087f,2
c5d95d318be307dbf628af2057eb9c0385b205b5,0
7e2fee9d564d6f3cacbee6677f89f0431ac61590,0
59c558d6123218284fd83b9a9873f02999bf4f7e,0
be73d5cc080bcd97075c8bb2178224f6b98fe1ab,3
2e33c3bdc2e46e1f4e4736e4464da419a8aa1ca9,0
9e93b7ccbdf06a32fb96e75d5a1add0cc6c85050,2
b91a822d7ab64eeee656a0f7e2c00b96de642822,1
d295f984e32e71ab4b9a82fb24813261455e5060,1
7de8a6678090e2d8b79a4f892be592044c8d15ce,0
1b40e9c46475a9f9c712eba5588c72256f7dd584,10
1b42fba39b07d3b632e6313bc39dd8d7ac2ecea6,34
a22434508f98eead87560536aaec331cd8293a5a,1
c07bbd4154e31736d28dce1d09ba43c1cd17ce54,1
d6aa127c76bda395d773f45bde57ffd849899cd7,2
79772219aeb0531cccfa7eb73cea246ceb6dbb6f,6
47e0ee8eff107f317bb9ac67b3d6fcc1ab697467,0
ca7d36d9ed3667c91fa97a9b8ab53a4625ba66ee,4
52aec32f3a3334f00c13b8aee7e885663b9d1f76,0
ca21367ddecee6f00eac85940eb51ceea5f9eac0,5
e0a6ee8da52b6db2b4d87f2f278a456d679df2c6,2
46c0b73578950f1069e5175c45f53f2a5b08b176,0
dac1f6fe74715bc4fcfc8f7f386b56ad8fee02d7,1
4df024d7b95c0adef4321ab462f9f15e7037f091,0
601ccded897fbaef5c6937e32a4772276ad508db,2
944b67b0b848131b858c52a6ebcbec9fa50b5262,1
f8393a09086f01eafbb8563411da3b237c96b982,3
Marlin/src/feature/bedlevel/bedlevel.cpp,32
d83a9a53e85565d0aa3f614f69c4bf07c73eb48a,0
93ba72ea83654bc4a1c052067a92471638eec3ff,44
b561ee27382f2e89ba74e882214c67285fe5d71c,0
7e43dd1d23e32a08c76c9ae3fda20c7a28c8344b,43
f606ebf8eee202dcc4d2b8a209e4ae1e90ec432f,0
ca0e4b4e963d6f198beab5646bf95721f8a2414b,3
84b93d941f7a407d3b07694cb3fc2b3a1cb3c891,0
70be4d206e32de92b1d89e9b92348defcb48bede,8
f3deb37bdf4f5045b6a58e72eef39f23dfcede9e,0
31f112cf5872d826fd698691679330f83ee21ae3,2
2f9e42feb91d9dee59026f312001300d766c17d7,2
e5ae5456474a3de5a7bdf1f2427b50dd3e04aa16,1
6827e243a0b4bd58249234eac36a0b7cfe1a7b4c,7
8735ae984bea64b56c8f987b5a04bd4236bec77f,0
3749a746f1bad71118442a13a6500154dd0f444e,0
c72a0610b4d1bd61c61ea4815f22be7761137a36,1
13d839795cb9ec0d81e1f3e8517e1f2e12fe4714,8
676a564610a0bdb74edff68b8396cacc00011849,0
eb13b8d985aaf8d83fbfef91d09420ba907f910a,3
063e957fc42f2d3287948580c296948ae7dbce12,1
f7133e53fd8ebd8e74214972c0cc1fdd414a35dc,1
fd8f433cc223dc71c35cdea2b9419725502a0836,1
32a9db3e93c24443394757bf8fcbfb7226a73d82,0
0108d5181f3eb13df4297972cc95184e292ba1b4,1
3a81646c9a5a30ad858ce0974784f77628d75788,0
34745b21835b8cc0d101e608c6f294b3511b4ae6,1
9cc1d8e312438e6801f9860f52c76c0ea74c8a6d,48
03e5369411074d093a89a1d2236d173c349644c1,1
f1edf83720b714e7936bbe604083edbfd4e953e0,0
b2bd77c40a30144739ecce00d4ff6c14dd2d6e21,0
571ced712df50361887034d4014247fe9b45fa65,1
778e4e4c2337c4d0ef75d088f02382c7f67c7aad,1
cae8703e0d5de8a6c815bb823a91efdf0acd4b9f,0
a516856df953667c30742f5517f6d052b10030eb,1
727a403ba1aa64c39998720f8e64e676238fef4d,1
577659cacf64e83ad7a2643696d59e61c5d02c8e,5
0b02f9cc3393feccfc665884dcc94a2abbfb2670,0
1f38761da2c5142004b5e106d3c6cc52fc1c86b0,0
04c0d9f3c362b220c9de1caf45d185f4fd7bc763,1
9f89b5d876c6463d25af5e2a2ecf8a6705ad002f,2
2cdde0833946ee3b04c08cf2f83f2453f4fda0a1,6
34be5d33c0d54ac0c81cdce16fbd0d593bc5d552,41
6e5f13a5c2471b6fe7ae3602d86b7e43924ca0eb,0
b7a66742ddbcbc2e6090dc28997f1e843d9052ac,6
f505a04043d69cff5adf5cec8f4882ef53b1ac85,0
bbc2e6663456dfc5d0e3b39934421d1b0f012965,1
31e96935f7cc8cbdf6fb6b7b11d3533fca6a585d,2
c94dce6b3287b08cdd551cdb4f4c12c33dcb5f13,0
ce1c9c0808dc5930c0b9dfe32299334686237dfc,32
12458cefc4230129878f2f733a87ba68371c1459,1
9a4cf1183539dd35cb457472ec9e72a4b2b7c121,1
8949c8c0a529038eceb0a3a177b77d223c043ec6,3
817175613aaa84644de31e8b4f20386e0f0337be,0
233ddf80da89502d2840289b12afd59ba2be510c,0
723f2a77f6de40024508ea07fd7324e0987a2aa9,13
7465ede058675184a904e2815f39891d382b9f00,3
e04425281d2abb8cf0c55bc039caa70acad75738,32
edff2c917ba3949b1b44757dfcc9ee6c4d989bd2,29
3e8754a38a57f0b37e6880b1ddc6214890f6cf5e,4
b2a48f1a04576cd62436de37eafc86918c59ac2e,1
10a1f07684bb1c839c049a78b76b647f9bd28917,1
b232f39341db700a375c24b7f518726d2c861cca,1
9d4cfd2013605451d0c6cad07cc35fbd4c579d2a,0
eae0aea1e04f4cb61cdad703d3764ee8012663ed,1
a1a4fc277e5ec4cc0fab9e7d40931565dc26e118,1
325233b45428189333b663c61713c428915606b2,2
50b4f9cbf7ba1400c0207a2fdd1bd70a8df8fda5,3
630677bec603e8c6f141ef867f7f9cbc758e2369,0
6b1d1a818b0e1165f4b05850f54ba90e1636433a,30
c1c3ca6f8a0a4b81627a353762b626cadb75c81b,0
ba8dc678f541295133653412c2874393f1e92c32,4
8d9c3cc2b74f5b8a3f765d2d6e901ee6c0abc987,2
c9bbef63805462d0d251d4453d2bf2bb0d7377c7,1
203f2923a172b3f6fbaa0d3ec234fcb778dbceaf,1
55653dce637c2056fb45401b4ca7adb3489049ff,0
dcfc2503c26b8c98d62d532433e71daa681c3ca4,8
b338cafc658f8ace2bc26b9668a6343df5ced82a,0
ada90f7335305d1086a4e35b9f28cb6eceb10934,5
7fad26549be537c00cb3c455f19cb27e58d36cb8,73
33f379fe88e0068082cbafdedad4a7f5bb82f387,2
daeff5a11a25a58adb3e61a8cb75deb9a06ff011,1
0ceec1f1669c6b678d8df7095a8170e5bfd312d3,1
eb02f8c71921b09d9f1044f43c1e57e588d9fe7c,4
3f827758d744f0397a643588c45e61e60d89298e,0
bd78ca0ee3c362add556c9cb4ff3b5256c61d019,4
636c3bbc4ee148104befeaabc871c38077741383,1
ce5f0ec85ad5411b3132b0370e202f1ea487e652,1
46e9eae159045ae8354b3a22ffca8f270c04ae03,40
c45514f811375239b8c5cf4ae1d80f518cb4c49e,0
cc72db2636d5595d7fd63bd6dd83d42398a95f55,0
229a27a1c740174cf8de3dc5944fec6c52741934,4
3f5f39576be4198ca68f770dea747f2dd639b3d9,36
9e699811d25918fe64793824b2a2fdbccdf3b7bd,9
Marlin/src/HAL/HAL_LPC1768/LPC1768_PWM.h,16
Marlin/src/HAL/HAL_STM32F1/HAL_Stm32f1.h,22
3ac581eac92d31287580ea6da5357f3d6cd82db5,10
e4266d0fded60854ef7ed5e6b4a1245c339f14c5,0
49f8c8fd7b3ffbf3d39673b19dea37728a660360,1
da2dc2bfa4b609715a89248748389fbd2877223f,1
7b3098bbd5cd45878bce14dedbbf394182859b38,3
e00ed10c4c4f152445566cdff7aba7fc13ed0614,1
10a5e4d80f1002db6632c7a178e005208e3f16cf,0
6b1eddda064669036b706143f1baa4c2355ba053,0
ee9b8bf0f14758d0c196610a6a42f4a7238f5cfe,1
f65fc7ffab45dd1f1d7153da4d333ee0c89c2fa9,0
070cd34fe86734bdc1b3c0ac2640f2eb85dd4e63,0
7f55d82fd1f15487926b727dfbf87e323fad8555,72
90a14b4f5be5dea76728181d28b5647c9fb62c46,4
51fafccc16f4e58814b1e6e601a3e8f449f54f89,20
frameworks/CMSIS/LPC1768/lib/Printable.h,0
580b6e9089cefa7cf85c33ef53af4d02a6b59f37,78
4e2baeb3e146d60e50367b829a055e7f4198c554,4
60af705e6d68bc972fbdcd232e78a775efe53128,5
46aae4c6e7af9d1497111470a85088f844adb055,0
3356d5a72db2689a910fbd344d0a30c8f7897416,0
5f8732453634c8201b16d3cbb44a94c57a0c45bb,41
272f9f65dce0218fdd8344612fdc000d7d46247e,1
8181220bfd82884288a94376245c957fcd73bc3c,1
6296ab2173b50200b48a4f9c5d8d6319eb5af695,44
72156a2029d329c7dc251f5e576103fda691372d,17
adf168e68f87ea35a00365c576654734dcc712e1,0
0cb423b5b3c18f6afbd94af96ed6695542d974fb,7
8c78f8f79084aee2000cba0761db4ba4e0d39b9c,5
1fbb307aafd79f5b721366ccb8944f4a87871f68,0
3d2b2eb1ca16b576b8138668b74f022654a0664a,34
783ddf9691f425dc1c1bd5c4e4df4461ca717a06,37
543935828134831a3129247fcfcf3cb071048011,9
9e5cbf019856e76f29bed8dd2a4e193f94e2c177,1
348e5e3109e11613c42adb483ad1313074dadac3,1
3986a84f77110643b5873a3bd8a748eb246e6f66,4
572cf0ec951f9a1703d50d2e10b62f323b76941f,49
67cc29cd3cc08193b98ded764ee19eee6b081b6f,31
9736c962fe7980283f29c204408c8c6bd1d3391d,1
6cb26c98c8714e199c2d8859d0a383dd59171692,6
3b7b0492f85d787e38d2f832eb08c8e99f6ed96c,0
26531f27157e1b372e7dbc2a79916f9c5da1400a,40
02f2979760976e66f47d819e820164a096bd4854,0
ce48403a0bd39870be32a4795e255fcc3cc917c4,37
eeb4611606625a7330b2d2adbf0fc51ae70af2a9,5
3e7b24278fce4530c920e98613642957f6702113,1
bacea22a26dd39f789b29c5a3968d0a90636e9c4,1
c46189e429056e351afe4b3aaeb195e4575d7e43,1
a12ab611ae969edd3e7038c9a2a54a63309aa050,0
5c4f3e010786c1a280b7a8d448426de521e369b7,36
014a83fe0999d8f1978fdf10e3daa762d053aacb,0
bc7df0188e120e1d81bd21e674c144b46c14ebe9,3
34a261416fb5d3b894461f797089c9c07128259f,42
af2397d581590d66146b1f9cf621930100b700a2,0
e587f0893cc160ee5465a172fb689be9872e5f57,3
fd128b3c93e21f8c17e4f0299fa31afe1e5aad96,17
799360c5765bd317329543287cb81d4991d29037,2
d3e5a22a5d85bbebcc115330177aa3e1f40d0059,38
b206f70693c68494b15451518062e19f31a9e019,5
ec69e97bdaaad970544389fd6ef17b60a004f87a,0
91e28edda690791066a6e9e0585c3f404e89107a,6
3c8a3a02ba353d97775f624945edf58a345c0197,1
4586acad8c137f24499e4120c0c41f8104971f97,0
497f86453e838071dd15fcf0ae23e033be3e36b7,0
85b2e7e76468ead1b63a957f6dd04ff248ea3ab8,0
c0dddd4233d12b52a71e93d50b7ab648f86ff9a5,3
ca665740627cfd4e5f9fccc562a05cede1a9abf1,1
1344ca4b2fa6c9dea4e6ea257908302add185018,5
8dd08425fd4149a102d9cc213cf1c462b83cd404,1
3e3911fb81cef6f17f7e77c54f520e2a4579225b,1
Marlin/src/feature/bedlevel/bedlevel.cpp,19
32c607ffe21f0532b51d40147389eba4a4d44079,0
Marlin/src/feature/bedlevel/bedlevel.cpp,1
ca1e47375c71e6ddd4973a63a7a8cbf125a439bd,0
Marlin/src/feature/bedlevel/bedlevel.cpp,4
9a930ebec27008d2e47161d050e7d1f9dd534b66,1
Marlin/src/feature/bedlevel/bedlevel.cpp,13
58abc66c1d79a9b3b159f97baaca2052d700b3ad,2
72ef508d55dbb379b46d13617569e81a8fd37977,0
1adb5a6a4800e65e04cef5833dc1cf21c7e13c2e,6
3619a4cbea426f57855d4c0413c93e7365b6f50b,1
12d212d1b4433ef4a947af81fc1d386d891008b5,1
cc01a3636343f02c4fa20504b7b75fd34edb237c,0
4764710b1167f056ac3bbd72ffdc9eaf459d1fcc,2
4e3ee845b9ebb8c742481e93bdba906f1f68ccb1,36
0e260c6c1deca5b184bdef5997e69b357f520193,3
e9cf9ad3f3728b04dfea76afcb96b8d38e381992,0
26bfae58d47ae81b78af965ccc59ca63b6203869,4
1f5c432e29f87b77b1ac65eb0391d170d82a15eb,0
732e87e83c210257734afd579f4499bf6ff55a54,0
f8e8fcb978e3c2eab7eb001566593aefa04c3fab,5
10124f39d97647657bd46e2b0fee3f90cb603505,0
a11e6a1022b8f70be237fad82a9b6ba22b2db7b1,49
b30b55307cac5be84b854ec3e62a84b4f2f8163e,0
1d04197f2f4513465b26e2b2cec4c65225ea02fc,0
1f05f10346c6b4061b50effea0685c463eb8ff8a,0
9b0ee53b1286a7609675466a6fbd139a2e22c941,1
442669d23ce1116ddc58035615dd2b52a30c67c9,5
5ad8f5c306c1760d5dc62b58bac962c62b776b1f,0
20ebe218c8dc33e1ef025d708807ccabc60edea6,1
09fa34a9e1720f86a6303da65fefb20f3bf475e1,5
560d366b8025c33734cdbc2f79549776aa27427e,30
e9bcb9d048c03fe8e6b0b79e938f419648073d50,43
03f4891fb98c032509643b6fbc8b6d24df6630b6,36
e31385ecf6a6f76a37b22448cbbb3fe2a3b7fa2c,0
546f02c6f417bacc124ba04bf24d807a399ea832,1
eb96d37da0ad8a2df8cd8540c235f08096bbbea8,1
deeea98d2243f592693cd28890e3da60cf7491e5,1
a058638d11282740e18b8a6ca559b60f7ce6eac3,0
ae1a18d0a17c67abfa7a74d259cbc4a826ef7077,1
12aa1b999aa320ba85f8d8e55b2b1becc462e768,1
9d0e4ea3d5f9c28f21fe1f81ca1035d7d8b63dfb,2
f63e546b3eef559a3738487fee38c764c4bfcf11,0
8315a8a716d4e9146a5e60231500fa66ca23cbb3,8
4b36a542e0dbd1b51c12f4332cc19c174689a18f,0
81a1e69a4a6cee9d8b6db040375e2123f4866bb6,0
12730c1303942c8a0d15c916e6fde18c96ac10fe,1
7fb3343bda252c0097e21037d0b87336a6bb8887,1
8998f31ee177ac02d25d99ba5c862f687c290e0b,1
2aa22c5a5e858c0931438c337349aa4ea209cc20,0
db8ded90c27e1c3dd1ce2279d13926833553db1a,0
f99d1dedae18008426dae938c89f64a59bad579e,1
de84f57a9c2a45f5dc53584c07fd6e4fb1aedbf7,1
ef90b49fffa540746e66b15c463233e2efb0ef81,1
67a7dd9792eb0997b2058807ae015bc477c3a0f7,0
030c266811066dba2ee5d19f319e7057d705fe16,0
b220bc75216ce437a7cf808e589cb21144ffe3e3,1
9fe7f53216e85c1282004378ac70864d49757d43,3
Marlin/src/HAL/HAL_LPC1768/LPC1768_PWM.h,2
c0382cd8cd4985ad11e12fff709e6091171cbbaa,5
c81843a414e2c4f253f952a5e6eddd5aefd02ac8,1
72693a7e8786ed66a6277f23f23e781aa357946b,2
aa51a02b8f9439f6244db5e0f4a00f8d469b656c,1
46b2773e13ef6a5474f2be57bf57f1d782339df0,14
7258218f89d753674e5134a9cdc7e03de4a67714,1
bf596fb03952476ca7ed05d434e7c05696b53626,0
ab4943e24ccd8d95286738ce6e51f323bd5f2f01,0
ca3c9baf1bef13e42be9c2c5423d0922c199e2a6,1
a8b8d4e85ea6c2b49563f9bccc16247c1c59b61e,2
6ea2cc029348444168fd05e225e9c3ab3b5fefec,1
e472a7569b0136918391f42138405b59da82e088,1
200f971ef7fb25807d9ef6f7be9722dd19fbac58,1
1ae208395cde62ea932351f0976856136639b72a,1
508d764d63c26376683eb1de7ef9c0f8f1d19abf,6
af153835787413541fa7acfa320b79344c0e57af,66
33c4d45f2f1ff84e3609480252ea2586f0ecd732,0
f3677e077cd132d8e7a39b2486596652576e7882,0
a03e70d46cfc467f16bc070187ae449bf222bf09,1
2d41c593203c8c53ec85b4988b38425579272bee,2
5ae390e240682694ea5ef22a217dd8f46dd6bc29,29
90af1fe5eefd353c9fb9c40430f45031147fd675,8
965b0ab53e834e7e272d2d698560f70b17c86a90,7
ac41eb5871b5f36686412b2ae83789e4d6bd9f31,0
c0b365fdb47abc52a56ed55b4ef8b60ed9114cff,0
26d4c01660b5a076c860570f2502a4a1153b93f6,0
ae2173cd52eab7f63ef7e7850ab6459b1b7b5a9b,6
0cb00f52d94773411e405ae10a463a4687b70658,22
f0d34ca4f5cbf3432a1d7688f3222d37bb408fbc,0
1beaef04521e60533cf39df67bf34c333c67839a,2
6904561fd5c7fa89f5f26b6a5942f31f2c67a1fe,0
92389e42369f895ffb98fa7ae804bf979573621f,0
f1b6b4bdaa1093e152acace7fd903907810ac797,1
020ce176c4f4a4d3d557ca5fab15e1fadd68d6f9,2
de05b2b3095e5a32e5138ab52dcfcf959c03a543,0
62054af6eb9a8e5cc8210ef1aa7813980a14aeb8,2
17dddda02455da693eae0552f8da8d7d5db4e0c3,0
bea3ec2724e365693589d9e09616863f4974b218,4
Marlin/src/HAL/HAL_LPC1768/LPC1768_PWM.h,14
8c622a59cfce66e8f8662511f3c0913501937de9,0
c47e2abefbb3cba0027cf3c4462df0088634a09f,1
56c05a70155de2ae072fb9134fc9d42380f3d098,1
2ee4eef25c9ffb00eab337a818cdefae76da0325,0
ffed7856562a04ac73acb5c3a4d31f0e488e99ce,0
88f9194168c120093cc271689be0578307c1edca,0
604b804125571782a11ff819b29a062b23879ba0,1
c869dc97452ed78c6fcf4f877a40afc8eaa49c45,30
e9acb63290f068cb9dd75acb3c042bc6bccd6616,4
Marlin/src/HAL/HAL_STM32F1/HAL_Stm32f1.h,18
baf0bd2b249507d7cf4750669e0fb8c02c33735b,0
c2b1d51f164bae59e72a815447c75b5e51acd012,10
Marlin/src/HAL/HAL_LPC1768/LPC1768_PWM.h,13
c272f2c84eb68e1cb100a933c113fd41a8035c97,7
dff2904c0f125b806ee63b21a4b27215b389152f,7
9dd5390d7de65456a47285274903ca5b4ffc06eb,8
599f2ad98358d77dd7b9724925c9b75ae1df6483,2
358656acc397992154c5ee4f42b06947f963b284,5
0cb4d254311e1cdaed9398ebcf6c644c45f47f90,4
f582f1bf4e59f42f9a7e14383d19239184f3e364,0
10c1b442caa1653a925b357ebaf92d1e1c0c4066,4
5a3a53379f908f0d06ab97b5fc35caacc981fa4f,0
Marlin/src/pins/pins_GT2560_REV_A_PLUS.h,0
afe77bd13854d936a8a0afb491ea8b538ad853a0,0
fdf1b8a7b8b1d27e1aa9593982f7e29ca691ba1f,1
b93a55e15f73f2ec69753e583c318aa19eede58e,1
ce1638e32f06a040645daef371dd16113bf44f0d,34
49c693c85b657dc675c2b119698d8da952a27c52,1
46709ed7e01eae211a882ab51b9c280b59936871,3
2b112143fa007c670f284672bd76e9ad1d1c312a,1
7cd5eb6d42ca3c0ecd403489346422f3668dd4d2,37
981a610f75abc250da060e16de898c902023e3c9,30
4c5be9bb05435f246a390097d802b79f288c69d4,3
494b0eba2d8e74ed94a7fe94bd9273ee20db7c5b,37
22811540258c9d62d749446cccf262eec80523d9,29
92dbf5f148f657a62b7d5f4b99e77fb5f46683ad,2
37eb6d1732beb0df33ab3cfd9aa157fab4708071,1
7a29f802d024cfd2fdb76364e748e0249ba96445,3
5972251b1734ffb238113b866a3d0b28658d99ff,1
7239ab231cbeb78f9b6586d662b94bb1707cccdb,1
c508e9adecb81f56238dde94e77dc61883b42ffd,1
c4e4a0688ce9f52ce528d0a3adc0f65f80a18e29,1
88407727ec0902ca1925d7d08c9ffb31d3a244de,0
6d5fcac54ae76374065aed322e9f66f71756af70,8
1ab679b1d2167556933da875177d42849b3130b2,0
f58ba3a64e94d5f6fa414f3e1bb4d7c1e2ddb46e,22
8089f7354974deb3cf32e21614fd97bf7e49c1b1,0
71d63fcafb15c654c206a57ca5a50c3a4c73a4ec,3
6da97ebdd13eb2d5216e69ad9f21766d3c4497c7,0
1587962547910eb21362cac32f3f644d79a46656,10
Marlin/src/gcode/control/M17_M18_M84.cpp,8
Marlin/src/gcode/feature/mixing/M164.cpp,0
Marlin/src/gcode/feature/mixing/M165.cpp,31
bfd1e75c040d0c6a0b2c4900649c3094770503a9,3
ff1f211eb4a2488d332d96951d2231f1c62797ce,0
ddbd4b73e081e1c47383cffdd8a9425369d9a1c8,70
frameworks/CMSIS/LPC1768/lib/Printable.h,6
frameworks/CMSIS/LPC1768/lib/chanfs/ff.c,0
frameworks/CMSIS/LPC1768/lib/chanfs/ff.h,20
frameworks/CMSIS/LPC1768/lib/usb/usbhw.h,5
9a03f758cd4831b3b769eeb9494179df80864beb,0
00b1b33816ac8bb5dc8b89e200ff25621c06e894,1
f37ed314e0f31aafbec929594030ed1775121c4f,14
06a02dd2006c19149978b2b530e89dee1aedbaea,28
2f14eaf6a3344280981ff0fdb0ca63d3febffca7,1
f9ef446fb5fccac2ca7f337417b697839607ce03,1
64dfb464610e35c3a65748170b5f015ffe1bc9bd,7
2e20c53c9d3f1ef29a51db9030dd10b2be8c65fb,7
a10451ceed61e16a62d5395c27ad4ebe8ed06029,12
6f92ab7eed3f2858cd09d96df37dda20a228e9c7,3
07cf75883f125d569cb2013594a7519074eb34e4,6
927524af6bc8e0cd8d88b8768667488841698a5b,3
1a37ebc76dfc2a1e27fcd71590fcea7bc49d980a,4
Marlin/src/gcode/feature/mixing/M163.cpp,0
Marlin/src/gcode/feature/mixing/M164.cpp,0
Marlin/src/gcode/feature/mixing/M165.cpp,3
8ca0b2fd683e62192821fbe2022f897483294804,5
59608086e630c45167209e20d9a924f89e0908c6,4
6e0503eab2329ee9664a3611b225e55559a97944,9
2e89685154dbae09f97dc4ac95022cad56b40365,7
19dde5be03e2c532f63860723e74fa4895965c05,3
1b0acbff720046cdaa7d24dcbc8dbf5d26b3c1b8,3
75cf17d8165beed9b0392f1edb6e0a8a67b5f874,6
7ba2ab4fb373867371db1ae8c72d7b21545bff80,3
a90c7dbf64eafe10a2f8103420c9e222363b35a7,6
aab548996240a4d4463d34720cc57644c52de522,3
1fe25271e4a6bfd23f29a34ccedbfc6010d363d6,3
0589884d26a73b76455a276de45f5eab0eefb606,3
4a220a8b79ec9c355faa2a0ab640d91dad508217,6
9be8cb0ac9cd6689651a3f3ddc9af0144f782922,3
828405cac817c13623cc384aee170e6c352f5607,3
8584f7e390f22886b9c6c52302ed87ab81ddad06,3
ebb9bd541919c9682e9550aab5dc6052e3ebb729,1
Marlin/src/gcode/feature/camera/M240.cpp,1
d4aaa0f1c8ac3cb29c5763972d029f60c5e91dba,3
609c4eea3250da58c0dea79117309c7dfa92ad2b,3
4f14849675208d1bd8b69c84a77f2ae7f82297cb,3
6ed5252884ed3f7ab9a27537b69371804b940088,3
d4d3d92f8a60abe4145439332006dd616ccb3dc5,4
3e761696a04b3671997b3140f907b51e417c78ab,3
0e319104c2d93ddd4c4d4be5816695b7e00e3344,3
234de3547c53fd9e4f35f8cfd61ded0a555256a2,3
6c7bad8bc334aac0c82ddc0ed818dc6ed0c0a90f,3
f5877aa93e6a7e592a4a9b1dd6f1dfcf6803b031,3
33861d4e04cf478a81db0a9ad077ea722f48a07d,3
7aca9fe2f7aa2b05998f8db4119e5153184372ba,5
b3822b9242bc24924ea75582484a45db22131145,2
5e63efc1d9510ea896089b9a55c54878945a73cd,3
92c15f5578aa5c6baa4609399bce7f756310ea97,3
eef4a5477887996e67947239add9dde2d34550e6,4
379f16558e5ebdfc2c005463e40211ac295fb28b,3
811c32b85adfa69fe855de5e6b877b314506388a,3
1d2061c9353aec7871016b9126185722fef43b97,3
81b8fbf4d6c5336bbb1fb4c686522fbaa145e5a2,3
5d2681a10518c2e279c10976c6efdc46ec2bdae7,3
beb346e49f1acbf3b74b5fde8bb9cb7ad080e58b,3
381b17e6a91783bad1c0eed2ddbb779df2b4b6ef,6
a911215b0ef44e721dbc4cc18f833c486009e3e0,3
4b9d1b9f260589e5e758bcc90968535cab7bdfa4,4
0c7ba52451195c9ad5b77a6accb92c8d5aa9b58d,3
cbf40f7ee9ea0cbc1192129920df5163deed1f6b,3
b464887ea198d92bb3b5eac07e72decf074861b6,5
Marlin/src/gcode/feature/baricuda/M129.h,2
14a5d2a2736c5e699d0b6f7d5526306b2ae47558,3
06f3c8029efff175fb70aa71184be4c1329ca292,3
a831977deeac481c425ff617738a241c61078f63,3
7479ff98b7e3c95b4a90176fe62397f77e1a9552,5
5b3e49babdcf8f90c7f6d2ed1bc4e61d11db9d75,6
df0432c7c8abee61e1bc8956cbf8adb8e35c846a,5
df031ab100e666f3c70d358deefac0f87925e571,4
99c4b9050a4fb650dc7cbd0c841728a6a0abf912,3
a41130f8548b478d202e6bee95f1e4561740c2ea,3
2c1eda9e00d37ae420df98617a0c5dd90144b32c,6
fc52fc72ac4ff1b2a66a0189a45745f36c2bf23e,3
be8d9134842943ab98c4dbc10f9df421549ecb0b,3
10fab24e508147a2e6921f1e2372eca68f8c8e8d,4
69b664b6fe4db25ffe45b1b872373bd64c1ff0c9,3
a442c34a1ad1a181238fddfd0a52a922de9a643c,16
be0e4a4ad066d20ffb4ede4eb468b43f4a784c62,7
adca4a9b791d9100261b3c3f73efb4cd2dd4a0b8,3
33e00b6cd60248d0399e63aa637eaca0b8f3e112,3
04583d46af0246e12bf29609bd676b40b6096662,3
04376975ce3e0ef677890708ddf18e0e5f97b27e,3
931aa79d855ea20fff61fb2213782e11d487cd53,4
84ddae56a8202ba0a9484e914d75e738db754550,4
b8adae07859ffc204908624e0468c50cdb8af7fe,3
9db5d21837c1b867626d62272f959c9d764c9f48,3
13136376ee6e39c4fdc393b32b71dfcf61807faf,3
a1ee1628e58cb53d945bc32e8ed5c68f3b1964ce,3
9b4aa5ea8bb0baf78a3a2959e4f603fe6e9f14e1,6
94d9def81c50ef9b6686d109334ab976ab7e6c40,3
56f4a4353535c95d7010a9a40733a590462a1fd1,3
760f29a88eeef220fee764065036433222fed7eb,4
4007cbfe9e1316b23e594281f520ac49e36f2561,3
27f7e3fe6f8493ef7390dba9d5ab0ceebab38b6d,1
9c21191f74de06cfb9b966c0135cb05cd668a7a2,2
51f195e698e2cbdbb8f1a97213f0c9553e8fc470,7
4f1eadf41f1e2d79f7c62c60a1ead6ae34b63be5,10
d5fe0fb02b40311f00c2355df25400f139eb34f4,8
551752eac73a6f60de45b6465e2f224b2b2dca24,4
Marlin/src/feature/bedlevel/bedlevel.cpp,40
71aefc2e2250744b96f351e0b3b57f68c54fe1ab,8
63228fc45355232ba2c6a7838666ed76958623f0,7
bf7af95db361d57e844894278fcb0a5d5ea4eba5,8
8dc2838d985cabe3a5e53cf989056084f5674043,6
8fbb833de9309c53abb73dba7d33b76f0068c61a,15
a98e9874dbf24a73874ecbda86b5fe739a8223d0,12
722786966ad284a708502d18ac5daad02012bfc8,42
4231faf7796ca8adb9ca861b014b65e79f67b376,64
Marlin/src/gcode/feature/baricuda/M126.h,0
Marlin/src/gcode/feature/baricuda/M127.h,0
Marlin/src/gcode/feature/baricuda/M128.h,0
Marlin/src/gcode/feature/baricuda/M129.h,11
Marlin/src/gcode/feature/i2c/M260_M261.h,9
Marlin/src/gcode/feature/trinamic/M906.h,0
Marlin/src/gcode/feature/trinamic/M911.h,0
Marlin/src/gcode/feature/trinamic/M912.h,0
Marlin/src/gcode/feature/trinamic/M913.h,0
Marlin/src/gcode/feature/trinamic/M914.h,68
e0a189a481b00826d4ded0cc38580fd5726e4c79,5
bca67a5b791de775ebcac99f153484f394f568a6,3
142d8aae567d6646c01e6336789a1f6e69db3f43,5
a1e2b5da703431fe72095c7f2496600fb0517058,1
038f82cc38613aca79cd2ece2ded535f0d9b1c1c,30
42e2dd925119ade7d663129e9886bb2acdecaad4,2
614a86a380cb23a5e22661f71de5bc2e3168bb11,15
82fff87e1658af870fdcf98a39deff8a285e2d69,5
3d8a0ab4b215a3869a0388e5c0ef35a6372ed7d5,20
0fcec02db56adca8b01300d6e49eed2246b8e61a,8
7dd0a467325e75eafb19fc7e8b1ccce78686069b,8
Marlin/src/lcd/language/language_el-gr.h,13
Marlin/src/lcd/language/language_pt-br.h,8
Marlin/src/lcd/language/language_zh_CN.h,0
Marlin/src/lcd/language/language_zh_TW.h,0
4a82e95c3ea6d1dc60598e4b900e74b538a6a89d,23
d7ee81202fab12f6d344f8ff7a8796bd49d32593,13
34101224c438eef0bb7c456a80364fa47f08f113,3
f52a31a27517eaf5773f6ab443596e29c573f6e7,8
479652073b78254d82fc197caa158bc37ddb7df9,65
54326fb06a2306455d5ab04809cb911393c26909,52
65996e4235da239631ac84ebe7e2b1c130a525c9,15
7e42c7563c90d1ad4951973d18f35aa0410d39f8,2
b66d65f8657efe2ddecfe4a4c255b2d260671ce1,15
0b9a88d6cef62d70477dd9fd41f4a8ae022e920f,31
Marlin/src/pins/pins_GT2560_REV_A_PLUS.h,47
2b3b7d5d7fe18eec21bc50ea0b9f698db596f60f,29
0c9231fd04798c30830513a0cad8b204a6b9633f,17
efa578d6b03deff85bd2dc99c67d3a6871d8ee27,16
cc92e544a58dc259a4a2f70ba57b6b48b3aa1e7b,24
Marlin/src/lcd/language/language_el-gr.h,15
Marlin/src/lcd/language/language_pt-br.h,8
Marlin/src/lcd/language/language_zh_CN.h,0
Marlin/src/lcd/language/language_zh_TW.h,6
5be07b5db24069097f6a08f6341c55bb3160062f,6
9ea2ff950a8741d685823bc5220c335f655f63e4,2
4e4d16c92ecca1f92efdce3c8da2d62d4df1cf84,9
fa5f9c2aec30187897fb2414182c6e2034ada5f4,25
f536c4dccb1445a7f07f7b7a88158e30e130d283,76
48351fd6d5163acfbe52953700f7cdbdb3dcecab,3
27cbb939b2ad23b79d4d5ec3689807e166bbe592,5
Marlin/src/HAL/HAL_LPC1768/LPC1768_PWM.h,6
b29b66fedab7c277cae13480563309769e9d57e1,1
8afe13b1a2fd0506a96659b7d2f68b2b25f84b01,1
b908e38d084377e445428f1053ce24a2a0e6f6ff,5
a037ddbf7b72bd4cd594f78bf313642f4eaafa6d,3
2af62a5d8df132a241cb112d59930724f05fb110,14
fa9ff6be6e1a83b2d4ca1315d4d218b671e47e20,2
18f97c4013ec541d43be67b8b05e5a6927712ebd,11
01fb45b4f86292f3a6758ebac96c36d215307ca1,0
Marlin/src/HAL/HAL_LPC1768/LPC1768_PWM.h,1
94dd39b3b7e26aa159d5e5d3eae5c7197506983c,1
8587c4e1ec5311031e0ad87b5e070eee6308f356,1
7342d5c07a36283b91774ec5ad4ba2929a03376d,4
97444391e0d13a7fac4ef9f291b69094fe3b64fa,0
Marlin/src/HAL/HAL_LPC1768/LPC1768_PWM.h,6
Marlin/src/HAL/HAL_LPC1768/servotimers.h,2
859fa35287fbb59ff6dfdc95815c02e9fa5796da,3
622b80974c2365d04a6febe3c1c2254a9381cb33,1
d80877d5704ba0b4871651f144c50402aa3c5d62,1
9a950e3a5a1893248609f5c0687b578ebe1a0240,2
105324b85bab6482005af3da23e9d0ffbad8ca61,10
d5e5735679710e0028695159f00fcb44f7ade4fe,1
8f5a576b08ccb9cdae0162fb1d493bab3323c15a,1
419e575808daf1630ea954e5ffe0d8659160d5be,1
69704b93f2a727686d7291ea164ec4933790dd16,1
61c0a10efeae9400d517f376278e8f7cb4532a9b,13
a5cf3a190c7e7e432772f25ddc1f483a789faa02,35
76da81c1dec742e5267645721ceb2c7b36a7e943,4
84a11cfedccfeb2df5110565b5d7e404b632131f,8
Marlin/src/HAL/HAL_DUE/SanityCheck_Due.h,8
32e759c92832b35bbc3e8bb477618e36da1b4634,10
4183a249b6b3102add751f661a852543852569a1,82
Marlin/src/HAL/HAL_LPC1768/usb/cdcuser.h,2
Marlin/src/HAL/HAL_LPC1768/usb/mscuser.h,3
Marlin/src/HAL/HAL_LPC1768/usb/usbcore.h,1
Marlin/src/HAL/HAL_LPC1768/usb/usbdesc.h,0
Marlin/src/HAL/HAL_LPC1768/usb/usbhw.cpp,3
Marlin/src/HAL/HAL_LPC1768/usb/usbuser.h,1
b55295ad336220c2e2be86461da947565e9c0c76,4
d2fb3215da98cd799670b22d7ab133392a1f2408,3
c66d1ac6511ca39d55b3a64f2f168cf8fadd15e2,5
a31e32969f8c16986a568a87168628b3c3ca069e,2
bcd050f33b0ecb28e4ee3af80b02714024a2c6a1,5
44b0c186a6fa0d7d21414160877082c2350e544e,98
Marlin/src/HAL/HAL_LPC1768/servotimers.h,4
Marlin/src/HAL/HAL_LPC1768/usb/cdcuser.h,2
Marlin/src/HAL/HAL_LPC1768/usb/mscuser.h,3
Marlin/src/HAL/HAL_LPC1768/usb/usbcore.h,1
Marlin/src/HAL/HAL_LPC1768/usb/usbdesc.h,0
Marlin/src/HAL/HAL_LPC1768/usb/usbhw.cpp,3
Marlin/src/HAL/HAL_LPC1768/usb/usbuser.h,4
f3e562e46e4a407f3a05b9adcf1f84eaa376ed96,18
cfef9255593892e403a8618f277962c9a9afe5da,23
4b16fa3272032a66200515750608f35dffbf1c09,65
fb04dfcda83f46bbb3a30d34a1e92b73461c91aa,1
e4fcf460e7a10b89912bdac1a555320bbdc72209,66
367e1b54ba16e8a059fc32ee2807aea85587e520,0
41e4de62b342f05c7bd8e5c047a9f5f440d635b8,0
8a184a526abbfff014b1bfeb64045e5fabd79c92,1
353c23b16e4bab0ea7cdf28351df77c72260457d,1
898f48e331dd7bce5e8e61b5efa2a86761ad8c68,2
5851c2d36faa54859b4de817a76151ac193caf53,31
52073f21c5ced2c172e2089bd858c2f5efcbbad3,0
321f98f867552b23faf9f9a2ac07cdfa87010a18,1
9721c77fb9f6968f858c7a925708cfab3dc44b44,0
36771e949252244652dffa1c32502b4fdf49a2d0,1
3f0b38ed5df318cfd28ac7433c21f2c4ceab5ddc,32
ca9734805ccea1fcc47075dfdda53652f5371e26,0
0067bb2840619acde1d32d487b7799a0ae0a1a2f,1
2b12093589d1f5291addbafc38a91ff223b1fe48,0
ddfe527ff2c87f3e44fdcbc42390ddc1c89e15d2,0
54d48130f3632a90b4436588e47bca559b612d78,39
86c024ce98f822420706af28c842a7dc10e11838,1
c7b07d20f2dabbd44a6ea50de1daba9fedf7ea26,2
356af7dcb0cc80a0573a61279c7680ec2b9e7352,7
11a724d8fc3eb51c271b540be4bf90a289eae2ae,2
d29bf49b667b2209b0e526a867badc5fb572b0e6,1
e337df2e985c11734ec4d98b3b5858e6dc9b6a2a,4
c0409b85e737e0461dc238705d6e3f31d9261f2b,32
e82e9073d66f9e7ae50810af1feab092f5181923,0
69d10520103b50b621f28119b5dbd3a530f67f09,0
6127154af3e76b0b4dc527c5eab075a90f6f48c8,1
b94a1c6b9f05b743bb99344c9934d3c4bf88e31d,1
405a2132f3ba3fd6dbbd2193434daecef95e664f,1
869d7f370324b5d2439ec6ebb92d391127cc02f9,1
101ba705178a8fee183ae8a0c32012e5923485a5,0
5e14bb61de1a91e07948697c8f66678893ed79e7,0
4817b39d9816e6ee11354753f16fcdcf56664536,39
6772e33ef6ca0b26a16685e3cae1c561990733df,1
385f1bb9e50f96806c1f8b459036afa028aa62e1,0
2a31c9f2ce301991146cdc0162d3b54547a445b0,0
5fa61c0ad32b086bc52f9847e5c85d07d16e963f,3
b3f59ec9451de21a529f5cc8009409c48b511fb6,0
b33739d49334327c65545760aadde6e94c79109b,2
a1878cd1c0194205a4b5d9cf12cd169043e5dff5,38
0a18fb735e4d2608a03a0f13b4bb1e9d71ea10ee,3
30887feae3fdab912c7355c353a4926c3b0ae7ad,1
257b693ab0dbdeaf798567c7c6c6fe6210db7f19,3
ab2ac1af713724113f8fc09ca8afd338e3f4e153,1
f1843211e67143d6e9a220789938bdaa7f8a1a41,1
be5ca3421543a3c88b2141b1ee45e9f1600292c4,1
06541ec885f17ac9b995653c46eb0135e55a2e75,0
e9c72978c71c92c996842d93683c895c3dc11787,37
96ae53cf41fc0f6f6003fc1a5e2a2ddac4f3ac4f,1
6172f150c2da6e19b11f74719dc69697efaf7471,0
3be9c19f12fbc7eeb8d9b49bbf034c114c406434,1
8fd58cd6dca91412dec589dcfb85fa6f29d5429f,3
75e6f72c89d9a2afc232b5097ced3f5d8b9a3df1,10
ac76101ec328fe9314a229a1bb94e01bbd87a3fb,1
75e6ead5fd627a9029d79d7a708a2baf146e5076,1
6bd63d27b50f417b65abc83a95dd9dff639344b5,1
f54e0fc90f5bc12d665c5d877b73c95bf76e582f,4
0938c62b4826e62549f0f86818fd8d4c8e94d228,1
9d95b1b4df0fcdd853b83ca2e065c0d626e6887a,1
35d5a7bdff674b17c8094373ea4a80fc24850a64,3
419c8969a7edbefdb28bba303aa918e924ccf94e,0
25a11cd485aabc892bcdc36f83027e03cdb7b27c,27
7f3406d47b89c053b8db2901cfb7a94975a8f53c,1
6440904c1c338bd53e156726c8c1b8267a695791,0
97c21e90071588a94fbc503e0b43c43dd2efee03,7
82cfdd4d8fe5c6a9607174d99732614977ab7bc0,0
b2822a59f94a1cbe9297b649a1e23f580331d6ec,1
a7e5c1bf19cdfeea1333b9d4d5df13b1cc52ad52,1
dd66d21749abbca4cf6e753c22c0b721b5b823ba,1
b370906031a52d69993129903414577e999efdc9,1
804818b4d9bf3f111b259b5d11c05f6d6116abfb,60
dd841a36750cb8573ec21c07fddc7c04b4a8f01b,0
0fd2923a9f817ce2e97d31fcea0db04846724c50,1
8b97da0e3dd7cb0f2d6aa80d5e99339dc2c3adf2,0
db188934d18dee0bd8f326afa9a0c17af14c2293,0
24af9e1bf447c9596e61299adbb2abe582c6bef3,28
8443872d1076b3f2985f4712641c6bc93c472680,1
6827a162bbc1d3a059d1699ef482139ddfe7025d,1
43d298a324ef37552321a55b337602752c3b33c2,0
3497153cf161122afb7b505d654c1896db9f079a,1
16f8c4865ae294db480c70278f839f3972dd4dfe,0
50bfcf4c3e42b7aff20c084098a8ea51a4c0411c,0
622048ffb08b716019259e56c97ff07c10a8338e,3
65a36948c0bff2889c6e6ed88a153ae666a1acbe,1
c6509076c450c73811c373fc08e9c08c1503e19a,1
2cbdc0ebb6bbf64daa3f8b0ea9ab615778633e49,2
650e5274c475a91b788ed5b0018c289927066753,1
ce65c13a97287d5cc9b9322d5cc18f1997200eef,0
6ef71c3d5f5ef727cfb6c0cd997f7d2a7fa6a2fe,0
936dfb965c0f0bfd479a20d14cc176d605cd3638,1
ffe3013bb5e7302f0f7964a7288e65fbec8ef5b2,1
7ef06505042e07dcc089b60c829e806c9f7a61f3,0
e948f77cf9eda6c24ddd05972242aed305be847c,1
08b0456d91202247c14b0ff4259b4965d1e42388,0
850e4048389d61ffba70e686da3a890b613ebb0d,0
936d00dda816bd75add6e3acc265325c477bcda5,35
29eef360d0252e51b65b2297b0327ed7e5821cc4,0
894608f8a31d756cb33a4bf8396110b3a31d0c24,2
ff06e1a030d4fd729b8c5730bfcb6026e58985a9,0
15e009b6cae4989e0eaa2d973ee4da405f5267d1,1
8b0bd44b1efa57d131968fb652d90a98126bf98b,0
bfd396c13ad65ac42898889dbfd104ac3e316f3d,3
48c5f3dddf54320586757a530bba81530240466e,1
be7a9a07c5d412180dc479c4363b7ed70d7da226,1
dfe670247d05a93a3c73affb40b1bf1fd0e9cf76,0
af83c512b84b744baf59895f365f2e33836b7b7c,1
4eff18854b7d3bc4e1ca3d23fdc514f505017823,6
14482d2f2a172b9b992783c9c076297e5dbd40e0,2
9fc72422e49cdb01c5e23462d35757f20702d925,1
fee696db5d293d9a93997e25facc6448f6ee4abf,3
423b0f3a1e28d2607ff39e13057162dbf18e38df,30
283d15a8d04ac40f53119058339f14577b1be25e,1
e52c1a08824641218e6328d4179a0eaae940ba44,0
5b69d67da94f2616e073a1025fa0cee1e02f19a1,0
51864fd365969337b34f2522fb59ead806674e94,37
dc7c95e07b7ad1ba67c475706480ce1a80b7a6dd,27
a972c060d72837c6ee419a8f642a837c45e5c429,0
42aa10d2637ee9cdbd1766e8abbf32593f4e8030,1
4718c09c480ed0e9c6f4275747727a3d7e639b4b,7
21591352d7cb7daa0b6d400129747a4e4d2d0cbb,0
890e7a16a93241fae148e2647edf5e2c1e15017a,38
a059e95463b4a3b232572eb5f0a3772b36a59b1b,1
d6d60435483be03da5a34f6bf36fa4db97c4fabf,0
03989824fa6a61a18e85825aa221559d5e2b690e,0
851f9f5399d8255f9f585452383970a65ac8e7dd,1
b7a16e44681e012349eab86b23c5b031ee558b8a,0
f38b8c5bf87858abd4bc8d96a2f0ae4fadcdbf2e,2
60cb2bd4e7062805b9fb9c661dc8bfcea2babafe,0
8a3bc6be4de6dca2664f6e977315693a6f842a4c,27
b0173ccdb9022877388e34aea08eae48cb8e240c,7
7afafb05b866cad4dcce1ff08c9f13f84319a8e9,1
c45798694f16266f73639d6b787fe4610ccca352,1
72de280c1e4581534f47df8cd1fe062589c983ad,4
4d98e3f0a7a38dfc8bb73a0d308d92e402f50b84,1
e530c6734938aee8bf688fa258d07fb19f699b1c,1
2ad3ca5d8a31e6b10243259bf7039654bf045db6,1
37a6833d7e9bf5f0f9525251a7905ebdd89d92a8,1
a519b093b97b5d0318f436221ae789acb0614d7a,1
b9809ea86c0a53baf452bf24f1f4e66fdd8f70ca,0
0873c667fa39320800eefd0c5fa9c2b4e726f968,6
8c2907d10fedb7d32870f113ac1b9aee54fe989c,1
9af67e2446ae743b9ee1a139de494ff8217a10e1,5
e5904c4df8b1c832860717b6e5d0de4c5474391b,0
76e90b93b78a12e8d3926309f7ef9f6a7aacc451,1
f63f1ff12c1184b55ac355cf90dfa018149c49d2,0
00e4ced58e6bba77448369e4baa4aedd2c8bae14,1
1066b174570a4fad3a244444dd37d2d48c96464d,0
e927941c064890cf05e10a5e31c869fcc93084ab,1
68aea9c01d56849e493bc9dbdaa1f8c5f72999a7,0
aaacef9441d5e1a2047b1b804c0dd6ea1c2b4e70,6
4bc79ec877e4a4c247f5014d594ca8ca99a974c1,10
186580b55fe7a9cf8e9c4e0fb7bf1be2333055f6,30
6be369f3eacad705a49680f9f2edb5238f4e746a,6
7fc31a7940e894ddec689340ec05f7c0753fc172,0
11e376e9208b840eee1e10fde87a7d69222f01c7,0
a3aa798f6d26d4f169cc2f53330b0f1a851594de,0
2065591daf1396040a50727939377e57639128a8,8
61be28133d2e9e21df3cbf13a4a7022494c57101,5
9248a90a4c83a38a50eb48c7b6841917f233d698,4
ce834bb78e8d40e2cf2c36d65d24311707978802,0
5ef1e5ef6086b8c5f4bd8952977afa45f7b7fad1,2
c7732db99d94c6d00f1835fb4494d4c1b11e500d,1
f713f25fa5f3d8ef6fbf0c3c12d45b6cef5c93f1,9
2cb308fb534ee216eefdfbdb4cee55ce9d78c30a,0
fc9ce65095ba125e0400a3fc8b8f8b708d8ff9da,32
504d26341abfdb70ecaf258ca20e33ef4800a324,0
c6d430670aa338b500cc79c341a6cbf540f3c82d,1
11c589c3ec0cd996f2a58ec07421d086aad30991,4
678914be25d8e0c39caae0c02f98fe8cb946dd03,1
ef94ddf53cb0ee59de71b74b1bafa7933c91ebde,0
3efe4aeef875bbb92afd5482b46445128442f976,4
28deff01b89326364f652940bb072221828d34fc,1
cca1cca3a5afcbb577fe6bee965fe8dbadb424eb,0
a2babb532d3425ce91f77391a2d4c6de09c91497,0
8c34233452c9c0360ec93c1645a8a1a57364647f,41
b8066fb36f030137005288c087c846ab1885b47f,0
20f6676d63c8922615462bddae27ae0a1f608c12,1
c28749a5677f941ca45945bc1bd9cafc45802368,27
df87278fced7c290656242cdae58e535e40d2811,1
4be8d7720e5766b2a68fd293e10213bfb2d0c4b3,1
760bf49a009f24b834652a0ec48117905c134621,0
567941e341a1bb35d183cc0b4b584c1e0dbd7de9,8
57fff2e95eae83c6037a351a8fd0ad08b87cbde5,0
94c965fad6b5ee7242559c81e156e2e4a63517de,0
6a3967ee331d1816f7bb4f246c95d5ddcae1f100,2
534bffa7a97a8970bbf5146059744adeb13a901f,1
e1e1a0c344d987acba62b7c1164cee9ed363f714,1
ab79933d1fd2b4f761810f8911cb6abb14a1690c,12
69297b2d7bdeef3f4ab1b38edd54fd8d0db9761f,32
015839fc50da64d7d3d6f5171554a72e8c3e24e5,0
d609489b22443bac1d253e7480d8d5d7d8af733f,1
167169e1bfab43e3c6279d491c829d7e2237a4dd,1
395a9f59ac004fc2ce9049a08967edc0c503947e,0
14663efe0db53f405c3673b6f18b5ce9e9aef2e0,0
ae5923a3d019131b42c27ea243524495c59e4021,4
859248433f5e6d6466ef92f6eff23fbd6b994eec,1
09c90c2f6c7b6e5b3913578f366529df94af77a5,1
41e0955c279714d938a703253aa11254f7ca5354,0
232a10410d32bac2780077880550152a6397cfe5,35
76c92a1fab3b74ff92ea3ec4c54f49c7a353e7fd,4
312f63dbe8e532a47e7d0c86bab6e896e49cb26a,0
cf96109056a303eda0bb45bdfc11f72bb884dfcd,1
dcec7178d17445be1b4181131ab82645a6057042,34
3e78a012621f390469afabeebd216af5c87f1e27,0
2ff967f3e69173a60f0183d53dcdda17c828e13e,0
1ff7d10c8002be37ef419029f1f84df21620da65,2
4cb45c10dd51150d932db9b33f75cdcf21fbd23a,2
abd6ba62b4a13f24bbdbfc2a358b43b43d3f50d4,3
f17bae1f703356005b997422e32f5ac231659193,4
8e0f3b7eba0bff68d58f3938d4c5a9dddee273db,2
009a6104c530eb0883651830cd5148161f621b09,0
fcceed5be63094963023794d77ad886a8259da3c,2
457489d7acf59db2fe324de3a9aac0e66df49f2e,0
30b327d24c272ea4e5f98179eced17e969c75b09,1
6c97c5595cfdbd88b01a10b5558b184c9b8c4514,1
553d5ca283007233007e050107a5b642214b80e3,0
e6e3132f7973df0a342e52bcc28006b425378f9b,1
cd2ac3b7599f7c1fc036114db33482da3acd3429,0
bfbf5f820063a4cb64533036d1bca61873187c35,1
814925d692d47234fbd0e3d5cf3f81214f6e4a3d,0
406ef697022747dfbf368fe57d360fcaf512d5d0,2
379926961c8c7311134e934c882491324c6e63bd,3
5b03f23fa2e086cb056b6765a4824cdf3d6f7823,32
e3cedfa0ec924dc9ddb9dcd2961b94ec10283b5d,1
bb0508b6cf4df98116b9418057add3e02bb58fb6,1
5c1888467f58bd100af0e03034205a5e43efd422,0
85777a56c67438876561994dceb0628b699254d8,1
d1e8d4cd9d83e3d2bed93b798204bba50f73f171,0
797d6a97e717430b55692606b2d4bf0413fa8d44,0
b492e0878d4fb9a92721283bdacaa631e03fac61,3
98d362c2da07f2179d5f7af801f513b6f5a5f8e8,2
80abc872f31e728191f94b64adfe09b68e83c237,1
e90cbf5c1665e7188d91e7e7a0f2158de94f1ddf,3
ada836db29f716e27741be2b7c11fd88f96e4687,0
fc140c49624ba845f68d0e2180b0086f585febc3,7
f4246dc8ff4a434a16d3efdfc8bc80bd6aa9cc59,0
66faedb2b81538734b8f7b4729a991d332c0b8e1,0
bd776df8c10f7248b69efa0860ad7dfdd1778b89,1
05449cf6ee62fd0534103b68b404a13c15c6b89f,4
12f092c812b9d940f93831c7af8f79f24aa16c9e,4
941943c167bac5908203e7ae98f3b9f485c9fe1a,6
5b11b33854c9950b9a98005aa7783b1fe67b6269,38
a4a587a8971cf3c8beecfc10b4c7d2e7b03ccd27,25
ba1706a2651ecd1c0b3e2991d850c9a4c0c3b76c,1
c2c8aafda22226329a9b6f7cee4bf085aa3e7899,0
627afb29dfa0cfb46c1b0f85c896811e6cfbcef7,0
61d00d8990749d589a99457c5b18e0d318511914,0
f0f9fb7465dd411e0c0b3a9d50d8e475bde5d773,1
99592c84584539fb42eec447909518bc18eb4b2f,1
31514f453a9f6315988db266249a8fcb65029715,2
134116b8745ea861191b6bf10eb1351d7a19c011,0
89c6e92b6625563edb4c057dbf3ba0de2ba87653,0
e80958b631f47132aa0076fb319fa88fc0df2b3c,1
fe7e890b09ebb7bfbcfbc75ecb76277fcd1a6804,1
a1632cfa0ab4f2b52b602dfdfebc44dee576e33d,2
e68778287599fe6e5c90db6b9e0e4b6c717f3d36,0
1446b5f01d2f510fb5dfdb83817a9863f712d04a,2
efc6a9c1b8f00f75c3448689825a6dbaded1da2d,0
b3c36c98fd0bb2664a1f1d6dc66d2fa315d8836e,6
3c7bfe798d6d4c5079a56cd32caaab77bec51319,5
9651d01e1a3f59a6bf5d5324f315b86c6c9d1bd7,41
eb314373bb2479e6a32476c1cc579ed27b327728,51
6c45fa7dcc4d23e35e9984026c4e0c0602344eee,1
ece89bcf7ac0cf6aa1dfbda98261e2012c5666c7,0
afbc6e3e2f1741f46c13304d3c660f69999de26c,29
1e47c17b462bce00fe45c379ff4460d49fcd1c22,3
ebe6719e124ad7ae9895336b02a0f787b1c8731b,0
80a232419d866c62c6cac4baf5204afdb352ba18,27
5fb0d401eb34984695bfb021fafd31ca6eef8727,2
ed04d0b6be8666b661712746ee604defd714bae6,1
786cdea124ab8dd5d2fa5b36bd7ed4696aafc81b,1
ee7163fd3ad355b5d4960ebf9ee3655e48a7ecc4,1
a9f8e518bf67190207fb318a353b2cab958a8e92,5
a18324bc8d40de50a4f407085ede7a1a8e7a0028,1
254a11b08330ea9e3e5fd51b376f1bacf2e39ad4,0
aeb6d465a45c9900aa90d10dac457f619461ee2f,0
325f09ea6c2073e5d0fadbf92470f372e64512ab,30
d26c8cc5c80d355e08a4f05e6c9566d274dea2c0,1
c7f04fbcc7c3789568544398b5d1b723586734b5,1
417152072932fd17102afa5055a0aef0a3e44373,1
41bfff14e2f5d1906cd9111f90756f3665233fff,0
424d0bae8bb39b7a80eb1fc35ce0e62b4beced77,0
5c59ee4e938665ac2cb26888b9515a52d15039b2,1
37bc0fce6244fcfaa1aa81bc5c644e109fe68f0f,1
d5368461f98ae747bc359b7e0cb06cad249f4892,0
e907654d6aa3ae8c8b049d90b0bbd81d75575676,1
6c45d0fd818d41c386237e1edd58107a2c7414a8,26
8a51e2960cd86b0087cfedd4e23f76ad03aadb67,1
725d9d9a56d9cfdf720a739eae56fb7c38f7696e,2
499bb85a9560a0009a4f32b603712f61a926b284,1
90f5f82926a38451bc243fa7e72839b9d0575426,2
0c616700f3df42b8b7e0155a7029a740758b8f8c,0
6dcf42f1a7bd0ff451476b10078da8e8c4498e05,1
a1c65fd3d538e930a1c0bee82e33c35cf6e5a924,8
7b79f443ef769e156bb0eecac5b8f64d196d5d30,0
907cafcbfd3977712324c59a4e9af40bde167421,5
17f69f8ca2300f2c6f285b00056588d4c789f81b,0
cfcd0695017193d34e307d59917c10de8a4fc3dd,1
b8b7ef19021eddcab7eb1d2e0f252f278ab31c76,0
42f7f9e013b84d8751f99244f398a51faff3d7c9,0
0b49bddec27fdfaed3ebd4cfee5402d945d989ec,1
7e028ec4295180e6811e98ce1250b3e2d6e293ed,0
2e26a7c752aee5d8b9e119623eb449da9338c9dc,1
2e1b7d3a222a8ef30b4b1706a895dbe0e7f32af4,0
4c3dc8bf079d27c79b8117153e0096e882603960,1
4857a3ba48b8168099b78ac65c1f1613c3253bf1,4
3d24c329af5a4dd71c40bdd918caa792b179373d,2
311f6aff72b823854b9a6250dffb38e9807ab41d,0
8fb30aaed640e4eaf3d3ccb936313518f570503a,1
6cb9bb27fec0e7f67c372c798b90fd8536f70225,1
43a95ae5adf40c9f3c2454fa78818af76cecb3b0,0
dd1a84b23f36410d0596f21a73a35aa0cf6f05ff,1
d4270f15a9067993b8e8d8ed7035855e1eb6d395,1
c61c0a9aeb8d02b71fbdc7ece755c43bcd6702a9,1
062131554f37ad78850be621890e96f6327d86e1,4
3d043976f7899cbd979c1e06c2cc078c3e2f25ff,26
93da4e83f719f5d0c406bda80f263b8c48c6dfbc,1
43c96eb31f1ebf2eabfaf2d33977136cffd937f6,0
7c95f762f204a9534583e4d76d318370ee7f57c8,1
92eb55f2468bcda5f4a19e2d1dda18245da35a06,1
428be2789344f5b9cb9ec2e027703645eaa1d46d,3
8d5a37fb3d044d65b0c81b8dc1533d834a5e5e82,1
7769a220646449e36cd1813301ed99684fc37687,3
d9da126776ca9f759cf15d55341385b7260eff25,3
499d5c3b2456aeb79161ff34e10d4b7a1f02676a,1
7164fd499e5c60bebfec1f30b1078af6e0bfe795,1
c10d763d9819b2226ef5bd5d801d8eb34acd06ee,1
4ebff8eaa54a66cee979a5585c0c537da4bd8400,1
09bc34f4dc625bbe2441576aac62137c2b4df4b6,1
4414825e0d2f49fb8fa78aedfa51a48a15cd2993,0
50c2702ba503df5c51c8c57e1221e82eaa704223,0
9dda022705e28ce833704e64afd6d0becbcff9bd,2
b3338ccb0172a324ab05dddd1930314e136a873b,0
40bb0cbf7a991a25f2dacd1f8480dab38887d553,24
26d20ebcfc4c525b7fe15939b89eedc09eacdb47,1
824f71d50372616ca218bcb23e7fe797daa5f797,7
445227c8071242af919b34b18965c484304f95b0,2
699aa35df6ada555b5319d38e0eb6035ff436387,1
570722a0fed7dc25a39271c062fe7c1cbb50efc1,1
0bc66bf22ceaa2a3a06d657893372f00b2d99f75,35
896dfa05775f9e4464d6aeeb7fb63b36c7521bf6,2
e47029199e0aaba93451c01307582a29e4ebcad1,6
8326c1c279686f4e5118e9268f9a4713d30ebd18,0
979a6a64591cf753099046df06985aa935f19d3a,0
07f8da36d22dcb8ec19275cfd1c34e0b0b36d07a,2
dce665a0834dd9557cd08c22ff0cf42a6f1c3064,0
7b09ab6bda45985b367d1436b2298226a29e6bd7,0
5bdb4bbc5ebe1fa8496d271aba525808cf6ee1f4,0
634b7fa7d456ca3f164669402e6c4642b799c5c1,0
772275ab0c6af8d37919bcecf7cb5da6000107d7,1
11e28f389e7285d80accca62d29ce580248bb1ce,3
21217d53dff1fcf7976539624d0bc27b6fee2720,2
da8e946efb55fc6924b17df17d986e33edd27f09,1
dde8bb7c8b0c90d3c6b4bef6977ce4bf7af97308,2
83263076dcaec88fde0fc5f73e4e1326e38bc462,0
ec61b0783606bc7ff33152191608ca874b2e2513,0
57a51fd5db7a13be1f00b0f08e0214b3dc1f5421,4
fc89de6d8b92bf13f5390e6918501c832509b6bd,1
6c9b5ab8e8a4fdf1988899a4f7c3edcbeddb92f6,0
92011e3d8c9a69f7655aa51a422cf1b66eeb3bfd,1
7864b133a841dd1aa71a18b39e7ceb24f95f4842,2
0b6b7c9c7e96c01da7bb85101479d1bf0244b42c,0
f17a3c2474df24c43daf8c2a69904aa25145b37a,0
5a72b6818e03ee6722dcf2bae513474c9a2f510f,1
4cc54441445d3476e471efb91f05835e9ec6346d,0
51bc50214afa2ab8faf706c511fcccefa2a1557b,1
748bf323884fff054a7c998a4c27ea79a568a10b,4
5426fc1735bad08ff2d85a8940e6e844734340b0,10
87d82232513b999a14f050d7134dc439bb4535c6,8
b378deaf8971952217f32dd74ca201645ba5f156,7
f4b76b1ee74d83b791929798d83a016560254c46,0
e94f79cceabc4b13f4447260227d6db837dcaf02,24
d91710e9aaf4aa57d09a2f5cd718252828d278ce,1
761df686bd3d432ed85d44fe47ffef7f1662c064,1
897bc2ac1fa295eea47bcc6ce62135015c4adf5a,1
1c107b3949edf551f974f494a9e1fc92d35f37e4,28
5b270417ed86eca5a5aea4edb69ee167fba10607,1
2f55870edbebcbd52f51f72584342589656d63c1,8
f7dacd1f50bcbd529c1c14649879d2f08685fef0,0
28d72f48f1590d759b9eb0bc76c392dc27c4643b,1
76a610cf81acdd2540202cdeca47e2050a4ac8b1,0
8d1d9040b6ff927417de7351c82ba4deecdbf8f3,1
a17ffe1eceeca574218f3a33a5cd25ea9ea53c1b,0
731c8e6372308157b804105de6e304406f6d2a4c,2
abb6b8ad54c62ddbf74779cf7a5c142adee4c1e6,1
c2eff60d3fb6b0ca85f8795e760bd4b8a0515fbf,1
14191267219c64e4025f0281e2af3c10302e5dc7,0
a453be73576308dbbf2730c0cc5623b9caaecd7a,0
1d615e0a6718085c3d71036b374e68543161459d,0
707707d71aa592b119cbf01b9e57d97060657cc1,1
e556ab1dff267245af93def2196469bc2b12739e,28
a27b08e6af12782c17e19ba9d87198048b988aee,4
dac29e0f7526e9ca5e59b8827e4530a02fb48212,1
9128d9ab45b4f73a8b7d3f21ae84691619da21e5,1
6bb05c45433876f9be80fe23886c1282752f9311,1
b7dc4d9973f503026dae528949594d03861fede4,1
c9e3caf928eb9024b735f682a869c86d1d2ea524,4
4134a6b526fa6c9bbdc60b89bd6d9037df8a1fa7,1
36cc03a9b48ef66e592068f6fee5d982d20ef503,1
2a41f0ff84a7f8afe4942997e980cc73ba3e0339,1
e6d10f6ddd51dd8e7296c39aa576bd8b26eb1423,1
97e13a30ba1aff0af84f7847f27bd5c05eeb7b5f,1
45c74406cf8eb4a294c1c2690aa50706cdf1b784,1
e1c5a43247956688ed66043d5a405a4da5781aa1,25
efc198f952a54323dbcb4d0c480d6fa9a64edb9b,7
7f0945d2b104650d3f9ea1574a2b229da8a79b11,0
4406fba9942f682dd59c8d96188ce5f48d31d980,1
19b62c14f034a39256fa7edddc5415e6c497420e,1
d28f5d8a78bcabbba725a33ecddc183389f1d108,1
5d5ff36446a65630078a807a28475cf328a8a7d1,1
b88957e0d4e9137c0352aa5def824574f1f05373,2
dd071a4a65708651ea890b15cc30c2c0dbb1e177,23
8db1197c9b04df54b877883c661b3b19b136bb1b,23
82e662fc698694fc53b7e7d7e332f636761aa6d8,3
2c2b991b598e0cedb7c67f72dca0e22bcc9705ee,2
0dd0033b3360a94bb3f4e484d6cb06353f8c500e,4
ba0bd33c38d9e0a19d76f75ac0566aeea2e8103e,1
04b07a6ecc65133d0e32bcd75f2825390a5a50c5,1
eb8af486d2e153b57a8e6d508333feb7e12d751c,2
bfe7fbe5c0aa02047aac6a573c331cdb886b5d40,2
6411d65c48b60c1fc08e90263a44becaf1f7727a,1
46752588b9c504d940e21ff31b7713e1651cb801,0
5938dae2003842a595958d82cd0f60ab406eb0f1,0
c5e0f08e35de5db8da7960312a44d759aa2556af,0
1e2ccca06393272615faf5363540ab6ff6ea3146,0
e4937b02853fdf9eb12dfc35be69dba056de29e8,8
1aab9906e60890d5f28bd31ae104fe585526b481,1
663ff7f92a299ace2aa87dfe9771ffe1b040d79c,1
9f295581f0d6ae274a1f7be683cdc175681bec80,7
c34d7a29a6803f59b8732fdac74f404890c91573,2
862def2ef4e3b423359a23cf7a12fc396dad966a,0
6a5d3b580d35f0dfd2466e962e9248915ec22ca6,1
d336e413aae71770eae60c68396d441c752bd36a,0
789b2928a8c0343f0c679a8ab29c211c1b235c39,2
fc7d7f87b4dd67891b5c92a8b89507a87d4f9e4e,1
0282452ceae9f3c40c0dad7aff3466fa06fe6fcc,1
9a305a467b9868685d7304dea7d3b7690c1456a1,1
90ccac4bcfdd24858f9c25b03526763a0cdd692b,26
fff50d39588ae7f876517906f6280399af09de29,0
2130f10de8e3a6aa28f1a2df4ef93e3f15c7d828,1
ebda4663c3a3cc7a9aab03e50d1a0bd255809582,1
e2c3695e112224ed24b9994ec98163e30d5cb50d,0
911079104e0b68b5189b1cd0372f15295b711b63,4
65a0212866c586b55f43c599f07d5ec563cb93c8,5
147d9d76fc9071e70d3d87a5bda4ec11138510fb,0
9118e135f9c4e14b0277d8ac3c2ff5a1267ca2e9,0
4288c4fb4f9758ca583b1107bf6a0abe73bee05d,4
1919cb0d1e91e7c245d3af8c2183e465461971c7,50
e8007432682c7b388d61d55757d9c97cc25fa33e,0
61db0fd1025a45d532441b882d23768f98cd296b,1
9a9bbfc57ccededd789f173d2a551ac5e4edd686,3
a32f7b329ce1c9e78540017885bb94f005402d15,3
ac33a378c0e76c2ef53156627b114bf34a61ea34,0
445865ea0301cc1fea28828a56c58d0c344ef374,1
4296a8b74e650c9c5abf6fd5dbc96a05edcd8c77,1
4a96433b7ef3029d4a931fd15db09dafba070170,3
8d69394ae15c793f5b4dad693f4f5ed614edd7ee,2
c74d4dede6f30afd8f3941d5d2979b183d05d149,2
155aa62fb0b74215a4b16790add8bc4b9429ef75,0
a5fa586642253ea4c8ae20bb0703d3df3266df06,1
4ecd41ef90fc8b589e20f21b708109856e9b79a6,0
1b41e1f6456c73e05390a87445001bbc04a60517,1
65bd4c8c94b5f7b139628544f568e9942f9862ef,0
7ed0761e09eb45aa0b5ed557ce44ce0470e98fa7,0
9657e7d3eeeb5461dca4525357e40d637c91d4d5,28
8206bb9bb9566a4b5b343b7432f9ea5f9793dbca,1
df913461887fda93e87fa192ca693f81d2102fe5,1
6354b402317ece7b4ef39ccbbedb0c502820f842,0
7236109f2a85825b3190635957c8712bdd2ade80,1
be17033762572bfbdf8f935a55ec47d4e67253f5,1
89b93058e3a28647c9d04f025cd9467be0e24784,0
05b66234ae3b4ba943249ad0bccd3219ddee643c,0
84a0a77c59ce8737c62d00c35e9243ef01009ea3,0
d33ae33103a90cb1a56ae3192a314e77ee95a5bb,0
266ae8912a9fe30381bea7f33eae65f8d4ad4451,1
6b9ca16f3682043dcf263dbadb54db076bd8cc12,4
74d6dee920b09aaa47839ee5a19de3129ea2125f,26
d9c80720378199449178e141d7408f908f3d6aa9,23
bad432add7633d8591b24142d5527a81b1c32ae7,0
46b32e45484bf7d8229a41f787b851a5f9cb57a4,4
ca99d67ede743d1d9ada4dccedde7c7da2e3857f,1
2c7a39bc0e8b33faf7ede260473ccafef99c4bb4,1
0f1e8c195de60908fa7e2b4bd374028fb5cf2b79,1
5d6366d4e6ec245f0467c4701ace1603f6350fa6,0
51587c4b43d9b6cad4307873d9a89b9aa4a505c4,2
9677f3f2f559b47b670ea276210da588c8c6568c,2
fc2eaab7f368aca6699a3c28ebb55a1ffeb0b7a6,1
c6a7adc29359b135e77e0f0f2c171ab1dd3c99b3,1
4cece2d72e283d7c21be158cdde43b2c4495cdbb,1
2d715691384c5f1f54d9ea3433b9c061c218b342,1
b2d3c8aedd458cd63090922bd8b86bba24bd1ed9,2
50ab9c2e04bcb378c1574cd8134cdf0a483530c0,2
f1e33afda4128aeb17f7ed937d1100fe28ad9ea5,1
78d8c598e1be6473c5d71feada47b9d3edef006a,1
eb39d6e3e24245e474189e003a8d3acc635ca8da,1
194f8b2f55ec4d7298de9e60793a313f59ef816e,2
6f89db11f02a61d79728bc586f2c629db93d055d,4
25114414cd17e6cbb3d1cedfacf782a9e28a2adc,0
3fe333143cdb2483759aa805a27f0682e539c4fe,21
d013bddfa860e2c1d1a901eeb1a9fb068b2e5b5b,0
58556991da16368cdc54cbb912b294bea3a2defc,0
01e7e234c601610d208277bf5990c0eb008097b7,34
0cbe448edff3420210d029ca001fb331f69e6034,31
a3645ec9216290c1aa4f9c473a6b84a5c153969a,8
71367fd518acdf3257250cde7a21766b707424d2,26
b0eae68f57d25e27405ebc9db84c617d440b3db8,2
493f0b0c62c846708a8a4d2b4998467b21221c88,1
f379a326cc3cf6a5a11e9bf5e70a493ecb5a68d4,1
33279a1e029a04c06d2afbfe7ca5d30eabd6df39,1
ac959b12ee3697964805b43c6d0767dca2d39e28,1
55c700d537d50bb06b6ced7c2ca61ffcaba7735a,1
f0d545b950ea7af1b75ec29ec913c79aa43a8640,0
868e7db4aed5099b4cc87c39b1c14ede22e17870,1
fb5e0ffe16be7ec4394aa485be4a855eb30cbee3,54
73ed0c63b4eaadccec0e5ffbc2edb1291e036e78,0
b3a97b5013b880a02de2c6f1af29fd4afa89f524,2
78af2b1444b3c82d255db5dac5010d2246bb0a04,1
082da233911659ee0d7f8f9693d16c6cd80d45da,1
b1a478859326f09ec0f6d2abf79bac9e69dc5a90,1
b15e5314641585cf62c8aa197802365dc089d6b5,1
44e657766e6de472dd9dffa1137f4535ad537247,1
735405b2a4ced8e4d923d6e08dda7833537a4f1f,0
ffa901f373630df3af97b2cf6c366dccd39f1c83,0
361cbba11373a497c8e6b6fc121f6786a056b839,1
5ed63a5724be36e066104a5c17c3bc6b3563797b,1
5cbe0244c592c848229a3711b995344504f6a8a2,2
1f52c9f5df9849d35c622e98884794a55166cd92,1
af81cb4cbbe58f4f93aa19751137a1d41705d2ce,1
0392329cb92d169a31f2e27bfe55431e0a783982,0
1d167a68740d56fd9755f75ab72fe3ec4ea5476c,2
f4028fe088e43c3471fde69fdb23ce1631dc472a,13
002a06c5075ad13e1c1bcfc1ce8a2868dcfdb180,23
2dfb7c212c248b0531f03c4703e631ee7bee12ee,0
ad915b667e0b6d7419527a7d13adf96d1b095d34,1
4ce228f2a021579f65ec2c9a94a76a3d3ed1f60a,0
2881f0a48d7f86ed5531119666deb2785ce33d14,1
d252d1b6a297ee14f4e49392ff3122e6806117a8,0
6d574883a0dfe772bcebeffb9b8bdb8034eac526,0
82ca6248e2d1ae3cc5b02f88e1f698d768154dd2,1
26ffa558a32146ba6451d300391d01aa54e8b09e,1
3ff7515527711ae41b3b8ae0ed12463d10289f4f,0
62d8e35adcf7a9211d2acc0c21dce1db2740f308,0
34cfbc90cdb95288e5ec928baf5484f580426e9c,6
85b967657e8facbbfed4f0048e426ee6033ad4a3,7
c99bd69889ba63320695a2946791c6a9c08ead62,3
ad5638f78ca0260da2854a19893fec501411fffe,2
e271521c39b6b48ed49018fc05af9eaee0dabeff,2
c2ea22da49a6572842568da99f926d24930ddb2a,7
ceb62fc7e1f8557fdb38a8a499c549dae4f3f66b,1
48f765214392c108026e480dabf9389d9ff94941,4
850203fb3ad97894d46819054abdf1673136ccc7,0
3129260c44656107dfc968c0cd41f6fa615314ea,6
3b4116e73b90cd468ada980d5321b2e534208473,1
5e8892d6b5eba32496b305418f9ba182e246e126,1
76af9ac7c568187da21ae204bc987bc80d5f9452,2
ba5910ab6cc2ff16b0ec487934d1a4307148dda5,2
a83f6db67987208d0cd05a25072ba0409016634a,0
2c309a8f7c511fd16a60cf9a6eab99a0f7078f6c,1
22dbb2117c3f504a55d7ba14259012cff0b74434,0
364f8fb6136f977e7c1b80d4c71eb39e5823f615,30
d7fda2fe49ea47b825849a7e19da63e2baad840f,1
1519b0e7c1474dfac9c192705f8b8af7fa2456b9,7
49599caadeaa12c24b7358959bf23c6ab45d7383,1
02f15f677534d6eff59254d935eb097115f567cd,3
52e20aeab3119751d33e34759aaa3316be255ea4,6
ea906e4da781c5adb46688889ab5641085191b8a,0
c2ca85aeb2e661905e5f310496082a98b54a9036,0
11fc9564c9700a884ff8c7feb2465a5e0207d947,4
8a0a5cfcccbfe16f9019230f9750516ec41aad35,2
b29dbbd5e43fa95e7089d41c1bf1f9092ff533c8,2
ebcd1aaf88429850787c0ed38458998ee69d2585,1
0e1f0efc4b79438e13c1b3f97c0006497ca35e6f,0
6ce2b1ff4aac03ecc577ff05107c14c4fa002e6a,10
b3a38fd300f51e52bf602f7331bfe4f3eb796538,1
3c061a9f9a1d13a90281cd6d506c35a9936e0ee5,1
dc2d215355e7c9dd0bdc59a046b371ffe85e1161,0
75badae2f8501098cec1167d3e454e3523c271c3,4
94a4af1d7f2a7686ed50bdf66e481198121e8b48,0
5970fe72d13c6549f0e117bc2e2072a9414eb996,0
01f452c37c84d952f0d0ddbf0441a8666389e1ef,1
47245675fc9135a704f8601e255b9cf6bf2e1856,0
e09b4ce4a5a552eb93c509ff38d3e6d475296b34,1
13599a73c7d2c356b20695e2e1556952b2f5d3cf,1
e16743da451e908822cee15465b9d75bccad403c,0
43c24f0027554fdb9fb8b9742b43421e40f6b523,27
3843a5151ac5934690d7c937f194227e6e4ec0e7,2
6c064bb7d6ef12475a5ff247aa714aca847949d3,2
aad1acc41896f266a708f026838a3260c6c8c3cd,0
3370329751a21130c97f2b0c621ad8a75dd449b7,3
f0fe26c411de5bd49572a013cccacb51a1f3710e,1
ffb5353294bf6320e1210944dbdd20336a53317b,0
e806e6419a0662ede501500ffd45b999186df25a,0
d6f49c66267708b90f559c3dfd40c0e03e64642f,0
55a87da036c48559fabd20246d9b810a3c93b0fe,1
ffe0e2d19aea47b9f51937cc40a9bcaa3a370e1d,41
99c4900a98163c784ef210ec574fc052873e14e4,52
a3abfeac476ff7f1c4bbcebe7a2cdaf5330e1f67,2
7f4e4b1212a6d18b18d3d032bed718f92af942f1,5
785236998788f9573668b1c58fbd6ff15fb24cae,8
00d358d92dd9164eb9dc25d6b950d391fb9ac95a,1
13a06711ad31c51032f1edf059365b7eec6a95de,1
4dc49f8424ba480c3305ee8eef5c32e958db46dd,0
c2321b1cdd18710625316ad37e2bbc21ce1bfa8a,33
455a24f6ffbe4d36225a1e12628b23f88aa0a9b4,0
238fb5361721fe38c58dad2f95d4b3789e94c3d8,1
6b6630e11bad64bc5a493fb0b1b479a77de47c1d,7
d30e478f97509775b3e5e8df98a09c6ef6c476bd,1
5a9e52a3e08738ccb45cecb40991225526a424be,2
86066443438076b8a02552b660f44f68c25744f2,5
0cd398c25d4101818c1d0a5ffc7566dede104404,2
a5737cba7cd8de8dde344aa7288eabd1294b9a1d,1
0fef9a2983ce788065f37207337a498eeddb0a7c,1
14a4257c7bc70e180746891ee42b66849f429639,6
56e2e331ed927982e888725ac3e93637bff5e51e,1
091f94a6bfa7447d9651147fe63c3445d764b4f0,1
4ec4ecff1a83fe6d84eb61740e8910b29a7c3e74,1
f1a1c6873e43fb2c8d998ec4a0c2b397ab97fa2a,1
2266c0780dc03cdc9b1cb3faedeee2596f5b2220,1
b213a45efbcd9233d14291e49959ef0b4efc312c,2
6f86c46fa6d76dbd12f55c9855c26045c7659843,1
1fbcbc05f6e48a444ab72b7ed3258da347baaf19,4
c262ea92e00b9bc8e8935f46e4dc6fd0e4066486,0
b17bcd56daa008722d60a737f3fc60c95c708add,0
267f77b18b424f99c820c6a0aaa973630b837bc1,4
645096b87a5b1077835e336b9920ad5152e12368,1
40d95a4e23a3207b11f13ebbdebc4a96a70d99c5,1
c06af63f87ffe32848f0662c7920f7dc324107a4,1
15040821e05d2f4727baf93e7fe8b338c3b3af32,2
2da4398fb5d4c662c2c893adac5c8453b94a835d,0
67c9b1e3325414c54ba5c7cb2844f6f6f1659df2,1
37399e3cb593b05233a6c03ef80a107f69ca503c,1
a7fb55ea6dc14c98c6ba293f73a117064a92781d,5
e51b5774dbfd498623b6d2f11744eb1a91029c0f,0
056350d9bf7a89c0f3ffcbe757199ad5ee003a94,0
0d48fd4b6b198ea01479d9e31bfea3cf16e1cd31,0
0e582bcfb71ccbd4968bf9252ff8c1be54fc5cab,1
68ae7c8d7a797f74674f0ed2687f19c497c2ea9e,1
ba29da56e0d0b0312f74f27fefc3c7d58f08ff0c,2
0696dda4700589ccf88dfb4470180a556ff6b3a2,6
cbfca29522db6da791ac3b8359637cc8c07f4294,1
233f824dd6f6a935738a3bd425ce3cf222807239,5
b17e2d3dcdd67cc39514a2f440f070d7bf0b8df7,1
92fbea2906cd5df9ba33baad9e53e4c6517e07ff,1
94e90ca26c8c5af6a63c760382aea1bcb6d64cf6,1
301958b3e0bfe5079353830c053519cd9642cffa,2
ee50dfaaf353d162d13203992dfbc0d164608a6d,1
b0ba5cae7385cc4b594c35f20229dc0a90bbe72d,2
91841d75c9a473e15932bd4589d64ee59efe947e,10
445003dbb8cda4e72d0149dcdd69dedc2d36a9a3,0
f01a14e7d02364aa6da73e0b0d76b7fae9cc3bdb,0
5a5dba6fc8f367ef7d9e3adf43c7d8fe9ae6a6db,1
ae676490c9b145b05ee1e85fbacb5d335b734385,4
2819228d4fae5f9e408bdc9310b00a39e538d3c3,0
9a688d14563dd3f6f542a17c897fe52ba1197969,0
b63e82f309b19df5da4b11ce0c6cedf3cd3775f0,5
539e0c2f31f7a98f09e7bd42721d322315125409,2
60a4ca1182e6b57e0c649bdfd2d184434faf6287,1
df424282813b482a62b2b03b70cad189b1a245fb,0
26047421913b533af4f23a71909f28bc22abb146,25
b3407a371b956faf28da42738fe5c44e13f9e050,0
c33d99c5b2f007ccc5d186c8f403e0cd755d4339,0
7325035aacc49a2a4981dc4dc4c6e79901877bf7,0
f7a201b0d0292d0bfd9647bd6cdb26c4bb35fd4d,1
9c5957fc774f384b9db8f97fc1e97f3fcc7aefef,1
bbb2b86c34a11051c6efbe32026a123ab39bc0fc,0
4da14b14f4fe511c9655181704bb27d7efc9079c,2
66db6c3acc83afeaea87cd39dfccd0af87cacf90,3
efd93169e5a3166d0cb8776054933f0ca077150a,0
f1cccd65c29558c1fcf2ef8758b6a68860fd23c0,1
192db2ab1b7d2ccf83bed457b7408f97e2c95044,0
3b0127cf8e24daf31f0a07a2c1154cc8d3595aa8,1
59ab971f818453737c6d8f8e8899c6e4726d25c7,0
11104f177b4613982268d162f0e868a1850951f1,1
081bf1f8799db79e3d16597cf1832c2b7adb3818,30
9a364990d9a4c07d3d292ac35c8b5a185d09828c,1
e1e043d0d0f50552fdce81f0dbc3db1ee72e6872,0
a9487c94431f23cf1e95ece102248dee98014b44,1
8d961b51cc3a00c671572fe5defac67a53a45533,2
fe1fce5f56dd222491e561355625cfece15772c6,1
efb9ce24d9fcb81c0b1090aef238673a2cc6c9de,0
e2f07917aba765ff5e26b5754c7fbeda905ca2ff,0
fe96376a73532c29c265bc3f572a53c4f3ef0b40,1
47cae2929f55e284c8a029a4459ecd57b720323c,2
5402eaf9bd1202f702dc6e61ed854672b41e126f,0
911a87e006bd79a6b493be7c674d5c20979d20ab,2
f04d1096d4ed70b0da01117956c3b550cdaaf735,1
71396f77d3c6a65a18d4b6bf4ef29dc077d83100,6
dca48f0e63d9b5ce7ee40799517cc43a1f94e269,1
a6dafb058eba43588de40738292bc5d9da0d26ad,2
a1e04942a2c8e10dca3e6e017276cd24eea932d9,4
a20d0794e6eb3737c5f6736620266f87d4585224,1
3279337f47682c6488f7fb1680f53cc22c93aa08,1
83b6bc8e05c0e0aa10d7b5569cd242c8ad6b3a49,0
6cb0fa412862f2e50eb542d99893c4f67a3fa8bf,2
4b7f8ad9c696c59927399ef42021c73865cd8fa8,0
232e8682d1c0b082633d73a5e30a937ff5da4013,0
56ca47ab9d3e4c3c5711995f80a50c7d5f84d7e4,2
421dd628006fcd2009711e68622ec6119acffeeb,1
26dba44cd38a63148ddfaf8a71d6907a9b43eec8,2
34b5041576ac7b36e238dbaf4604de66268818ef,1
6c2e6ea38e31bcd282a0d4102ca09c36bd5cef2a,2
1c4ed8b106f65cecda9ed369bf241230185e8034,27
6e4a5cc8c633dd385b44a844d5145f1081fb5352,1
d35e2fda1026574ba4a26abcb7b8b503ab929c05,0
6ed52fb765f6dbf55859c8bee9f06abc05f7528f,1
110afff4151fee954d7aa8132fb64bf0d172617c,3
d92fa40c62912720eaa09012102c24fcb8370e2c,3
faa270071dfa34b906b5ebb74864f2a20ab10ead,32
787fdc95bb680aa71c7ca81db8187a7b870b4f11,0
d66e9efac5b18eabb59e98970e677c9aee3f49bc,1
8908b15471947eb44e99795044f866e2e8e0d7c7,0
ce507deb9f5d4438ae2eeb6acc30740ce5cd4030,2
a59066bca9282f97d8a924b5889b144620931113,4
0446dd3ad8d95eae7e2042dae8ee43f29150869e,2
bef9791ea3da2ef43309b6adbb2575c2b883b2b1,2
66bedc1a24e301422c35ec1cd7b713f0b19eeddd,0
77769e284f0e2a8ca9af93aff880972fd05a7bab,27
d14b068147f8d08401e52c16de5a7e5c78df9253,5
6876e79d42b634c7864713307437c4f392632089,1
7fcb5c14241bbb5c01fdf83bb3f2acd8c4c9ccae,1
0cc4b08b93a7adc4a09d2fe51cd43ae232c4ea37,0
267f3a03d95dc741f11abf33cde3933edd59ce48,2
ae7c602031fced19173400d56fa2223260d9484b,2
3cd9af24093eb0c5d181706c9822db7b856efc12,3
c095ee9ce9e69b01c39529492abcd1941606ebbf,1
28e597f945ff266ae4a3cefe861679de5bbc5437,0
15268770f568735870d24e04fda15a96299d8073,1
58210c3a1943db2f74005ec143154b4c844d0273,0
da08e11acd82c6db4168da352baf202c5b1341b2,25
6834e36871995893277372c72c155b4e9a74af56,0
399efd66ed02f7acc24c9e724f9c41cc02d6951e,1
1196e3ca592757b99bc4f681f66c2fc771bf7bb7,2
6854f08d22cf8f3c925ce526d5595389d86c2d4a,4
acec237092b16755c93d5f4eb2517cc8d9cd3624,1
11b6a3cbb665b2dc5433ff0a56358289b5251ac7,1
e1b85ff67bd67bad0305c179d4053943b252f9ce,0
9890141f7b7f0ac5b827134f0da95ebe9addec7c,1
2658cc707ad03600c364cafb7adbfa6261c3f577,6
1b2c7ec20a23af57da50dafa672283ff09bbaf51,3
241bdffe65ea4ef8c776bc68b75a77c07cb7e3bf,1
67ecf06cc495c04e141d4bd2c2b5a908431c98e5,1
de5e485ed757b6ea8a8c709e79fa98aa4a58e227,1
ecdf68735f692903a9ddece0815c7fe181c1273f,1
628391304f427a184cb833ad16187bcb8120c799,0
902fe76db95960fe60c6135e9f646cf2eaeb691b,0
7ba7474a7327fa72004c654732b355b6fa6c0a17,1
0bf5add0750b356b8e52ff59f54ae80262445052,1
b8ba3b764722b8ce81fa791c0ec4ca8a3cf315d1,2
66eba3346bd93e664df74f7b4cfcc7e117712049,1
3517154135a8555316b3a877d959493df8118b58,1
c4e34adcf14bcc9ee87472908e7aabd93a146a3e,3
f4239e62b19c72234d43105a1e9f0336277c0d97,0
fc857c5b788468e984ffe825a5248b124e78bf6a,0
b39f6342528ce34090fec9c82e1d6d11e455d9bc,1
2c13922c4602066704bb19ec388673ebd47756be,30
492bc536bf13bb7a6df23a84ab263671342a0fe0,3
e5a27d9f36e03e5dd9a2f39de113db64fe92dabb,1
b93be716cf4dbf167cfeebfec7a7a14ec37385b8,7
76eca9732d5eb2ac2e903e4e7208a35de32f8aa2,1
806f67009217f5db97a95f1c104723560fdd2692,0
0803c9d99733a5b99f198df90dd1fbea43ce9898,0
46a5cab6fb090c15f8f085ddefd3eadd26bf0540,0
ff5fed137f9647d515332cbea9b80e2af8a4030b,1
ca1dd739a3bed730ca76606d65423034cab2a67e,1
0449f69179cfa8c3085d84357263c94d16631147,4
da2abad6368a804797cf7bf62e12f0a2cb936233,2
7ce613db0a3ed8560ffe80c24f05651b3834a2ef,1
ef750ae86b0dfcb31593e3452312bc875e3f7a01,1
c03c62395131527feaf76afba4c1f9e2bd459eb4,1
70f31b6c766a9abfc2e9a314692ebeb8c4c38353,1
ac69eca58604b3e16d1ce2d66f06a1f607747b0d,0
99b11db1a110aede4f2b2037ce5801e7c4724f20,0
41e63bbb7c99fcabb5258d95f0cbbff7b9ac0322,1
e79b335367aa0b460343f2ddf845cc7c51e4d7b9,3
92e22c3bf29b028ed0f0a26c8e0ac902a6b933a6,1
7d5cd7e0d785822ffc0d63ae68b30f98c25911ce,1
ed81e9b3d3a859fae1112d897f4d06cae622baa5,6
a64e5659cead57b31a6ad4a23504d90ccab50689,3
2887c20788079451f951f7b2578ace69c6f8334e,4
8f895d5e0165c741344bf146cb7622dc87f12040,0
80026729381685b3fd93bc1bf9bbabe9b6ac7d67,2
f69acde9663ebd4fb1062e99a2cbf88cccc57b26,0
8bd63aafb93b8954bb13444cea8661e5b9f6a241,0
4803a4322e49c366a175e9eeabc0082d4e2f80cb,1
4f74c416a4fa8c2f95d4ab6841d4d1d030e2e280,1
1823a6ea2977227a8c58dc124741fe14bb84de2e,1
984c210dec4fdc03d9f5df77ad897cef8c64f692,0
d814e468d2f2dad353cefe59a8719c7eb112ae1f,1
4e1448e75ae2b9a9b58fb16254e79a6e6dbfda75,15
fc9919b7494ca7876246661b098965eed0169362,0
c12bc51a59d59855312b4956f3a88d9ba4482442,1
46b714a52f38e28346a80df61e687d85673d20cf,1
88141ca717ac0e8cbb449789c9def357da6399cb,1
ff35b11d08327bf8cd16e3db5824ed5c77cd4d19,1
ff95a9850a5a492840c111bdcbe44e19afac17ac,0
0b421e97c910cb06adc267df08199e26e7d81551,2
c2c9f01c8e9c14272c2b4b15cad07880a3ef801e,1
819df5e06d4412128e5f9067aaab54942decd2fc,1
42824b0e1f3747393c64b05ec7a186afec5bf82d,2
cd72901fb7e27e14e9c920cbb574b702d6587347,1
ce87c7803ec366961da11a739eaf5b63b2ffee31,1
769817ce5ec5f3c4bf227a9aca21e273a4177e88,1
39c6c5621b3e828b7d16279ef1e19ae1d20181e3,0
671a44b8aac2d38123ef95da980c6f2146f1f1be,0
5d5c9a040a9e8cbcbd9d5556cf7201333310ad9f,0
d480b6f75ac5ae9c6a357e804134afa62992dd2f,1
dcde2021573de5ec62dae9e8ced26bf6157ede5e,1
54751e855738f8ddb42a871f0b62a22820074075,27
0dbe4b3e546b8ec034f953c6646e945b1a196241,27
0750933bc649ca57f7890ee1909c70ccaba52df7,0
5ace3699b1fa8537fe2b0c23a468cb31555cb65c,1
d7d4378481e980186004bbbdd1f451376aa44792,50
f169c046040d38db35bb680d36d4028b00fb0830,0
6d63255ddc37144f4a13a62f0f65a8ff74eda634,0
cafc48dff8bf4953d4b0e335c7bc936cd0d5e917,1
627730948da608b5bd7a336791de5f69140a5211,2
5974d8e168c0f8160bd826f4234553f8fbbccc6d,1
471a321624899b9f4d5fc358b176306192aa6c83,1
3c0d5ba0a1db40842e23c2570d0e5580a688f830,1
2509587b5aebc887fb5aee92f2fb7cada66d5729,1
585c00a7287d431837ca305685a874e225d7d11d,10
29fa24161714a6f119422ea21337c5e06a9a2f9e,2
12ce051b552d301cd76bb7269011a50ef548ed6e,2
42f4c532543cb94f85ced97764996a9c17a7a415,1
baf3b914601b5b24cf82402289fd6a8cb8c64e59,8
6424068412505b942ea81e6aaeac39499ef819ea,0
27cd165adf251425a1747977ef27359d562438f3,1
2cc9774f34e39802be01542dc2d6c9a8dc650a0e,2
1a111180de9fcf3e0699a267c52a7ccc1d8e4463,1
7db805930a8ffa46f199951d98858fa02ef5777a,6
8bf3a3fcdb2e8465bd88d64c0ccbf90048a25b4b,1
47557d5a19e4bfb6297cae26f1412120671a7f65,1
0a8e09c723eb0f4de97745fca6fc36ad8bcb7a9d,8
a35c68145365f1ce56aeeb99839e7c00aa2189ea,2
40089249c3e70d7c16f5822d4ef9a0b6a28c5fd4,1
8020069371f08eb1c6ffde9f9dfe96be86edb939,1
dabca8374242913d6dd9155be03b6408117ebe5a,0
3d0a4c4ea90a981c77d7179a920ee7d59f7c03e8,1
6bf1d50188340509804f93d2b70bb7b82ddc9926,1
404f767d44c4bef5ea4a21c6e1197e9aa9ccd3cc,1
5e701524f85a12bc331f086acb47c083dbc74c97,1
0a92ce7a980d43d0082b10b61f6f77846c739037,1
ff4fb42e7dc7f8c22c541f34b31b49c6b5da2fd0,1
67d1fc5556090f2124a504b5c52686eb9308907a,1
8c6b4537a65ec55d13285a9df2b01d1bc4a902f2,1
4ea8d0f89b1dfb7f3399c979d792fe676b96c013,1
ed6b361e27d3e606ee2c4f37f6de3c99c2a1c022,7
7a6a1ef5835f3dfcb331c8ffb261c4f0870c1b48,2
4075b95519d5867ccf69aa1f2f2d105bd8f8de3d,28
6e8ecb908ad0585f895510c4f67e9579cc6d1710,1
d8102aeca83e090e1c7618c8eeb40b50ed6d9e95,2
3601f08e8734e952d831fb307bc9e53125d3357c,1
a20b7d95812018cb55b2f341455a78dd5e21abf9,1
bf2fe460623e5c14428e463b7f9f2cf7c682d88d,1
11d34be0600a3eaa317cea546cd2daaf0f74e418,1
817ecb9ff42bd7c75bda0e14e246d334c9d4bc4b,0
22f6e277af8d6b0ba3a14daf1f1888c85b682d74,2
a9bc1d30cc0e5c9105a0aa3729f45d34ab2c764b,1
ec26e23e7e3600e1b8bc76fa00f505ff066a7368,5
adb8e6859216b01f2cab1261ac0a24f7de95acf9,1
096b927102b694d6f962d43a68b0dcf02a1f67a0,1
5bdb0b567d4b15370d38d5ed519d4e0b4b25fb26,5
38ae7f423837abd2cefcd41c383ca674942cdc98,1
4d96d3eab17b987e85b87460d9c5c483865d1895,1
5512130d6c70b5f1b4f7f69b0f6cc4b2156c8085,1
d467e97679fce79179ff65553637c3b73f15fb7c,6
a699967ec8deb08f057eb5ef556e078616061967,0
2823bf08744b217cc62cd9c0d89bfa14160a56c2,3
fd535e111a5a5ca82e424fa7da67ff5a65db39ed,1
03c2f756b9aeb5721ea65037dc79e9b3534b3c68,1
dcf30a69d6604c887a412249f70e0f94e4dd87f3,9
f41fb2b6358cd10d3a0e7896a543c4bd123bdca9,6
f1a4758cef4f4cae5bb6d171e5788685907a592f,5
d5ec34e7ed04306869e9cceadb3aaecd7a9d6d66,0
87d240042aeaad6772743e93da17c657a60878f8,2
959566cf0a1d4896148a01819647932d5a4d794c,26
830851df135c873bab51accb3a0d17cd098536ac,2
091179d96009fc3a76e6ee29a5adb415a11ada4d,3
23cdbbb2d3644615f8ff35f3757d32d31c4461c7,2
ccda63c4732381cb4d3ba0aa1561f260cf731e56,4
10da175be515fdf9512809b7d08b41a065bc5a23,2
ff0018e287137e4ca0726f11c4fad158b087f9f8,13
77aa16005d5113fb3c756d8e4c020eca1f4f7d35,5
244f67590ee9ebf6e6a7e6abaafaa2cd233e0c1d,1
406a83ff2db9b06b5b6d09984b981b3ddfb18cd1,1
3ed737425d3e38bbbfaca4ac82cc797b77ef1c23,1
88649b06a68a55450c08524be2356af8c8c4b3ab,4
004928148cafbb924e37898a1e8e58aedb9068f5,2
76ec7a0f80d3af356eca04140243842fdb62c37e,1
d4f593d200971103963f0a8ae6c58b9a12c5b224,7
13c84938784d4ec7e82839ef1e3d4227dae90393,11
e66d9f131332b8a8c0162ec9a27fa35d2df61048,0
dd436ceeb7dad20d278bffef336aa58d222d4586,3
78308b1c0b40dee326567a0c360b8fd429c7abc5,2
7b4c245de3834ade935f5556e6f894b92a226dd5,6
06f4776be48d5449d1cf541d51edbaeb4b3204ad,1
c73b62447c0e7afd868804a84fed15d5d1407bc2,0
e0e069c6d81b77290f24dfa2da9af81e7420f0c7,4
9b94210394f8cbc4622c7235bc97d3d351c1908e,1
b0aa256bc0a54cf08700ab6581c30c8e068c7790,6
b6ed69571adc65ddf14370d57b9ce2df3c4d0e07,0
ee46ce17436cc28cdf1cd41d53c1c09e00ed55e4,3
6131c624992188b310ffb8f871e31607ec0e620f,3
2c86dfd3b5086f031f73d4b2ffad9a5fe1f24a55,2
55f9e766100a98fe7dac109f7d256dd40b9d075b,0
d38a792a9146e0bcd6e6d2bdce801b1a2ebf2889,0
b98bc034ae08e906aefa156eb19728612f7ff605,1
5eb2b1a79081b67d947726e6ef6f34838983abe6,1
4ce2a63db05d791c3d996f8c23c959be873a7321,1
e97f1284c1e975a2df7e167186726626b4c19462,2
e9b53ae00c9dcc5cb41b75e9450a23d51c64a1bc,4
e05d050a1e6d30ae98f6e08e1be3e38fea26bd17,5
4542282f5ee6b1f6aa9586fa55ccab4ad5acbbf0,1
ed52275a14a11b94262613a0ff5e7694b8445207,1
de569e3d4eafbbf7093a541969762aea685a7ca9,0
f33a650ecca6c1b15cef5ad11293e3bab7d90126,0
a00ae4790af49fad175219e077acd4cc83ec4fba,23
1286d9603dd12e06dccbcdef062e7b9f0b45a8e4,1
3cdf78a79f336ea0a6234b2ed4c36604e3a5e7ac,32
f8e77d65454722b843e53c6ac71bb25806bd4361,5
eb2d073daef83a4a8203910613fd418fd320fbd1,1
69dfa54a848c0809d36866f0dc30831f7ea4dd4a,1
b956f2642b99359573188885e67af88f5a876eb4,1
ba4a005ceb45fdde0959935ff3cc2ee8913624d4,0
150b15c31161375c2a3b16c6e405d9ef5243334a,1
f6095c9325c1c6bf8f649b72afaaa76d41329230,1
871f92378cbdf3520306ca55bd42586f505e87fe,1
bf2548be4a604d3e9d2a5a9848193b042a93bde5,0
bddd75aa5c672326c25871b767e0a7e043f0869c,0
9c410ddf68ae0afed0ea1183b255045b899ae664,1
72a7fac4611c14dc66c89345af7a80d0312c079c,1
5e9726530ff21d3bc62beaa6ac1b9437c276130a,4
e519e95953ac9e624b1c88a8b8999b54f67928e5,0
a81606c680cdd7217c41c49fe2cc7bd71c56876a,1
51021bc7b8eca9ce3a16d2d557bc63040e6a1c63,0
857dec0990b86b7c9c42074e19e2bd402d4b409a,0
4e04383d18769c458356309ea42dae25b57611f8,0
8dd0492e6837e635807e8396b5f1b99a7a43698b,1
0a2f60fab48baea6748facc0f4ade2f71abaf655,1
60471b75920f22868593f7268289ce34a15443fe,3
25a61e9061dd4e47cb9a728c5e2f278029c83c2d,1
5a97a7be974b0e9097de0782834d77ba75f51891,0
a2356c2825a7ade4a00661cc007ed3050eb7479a,1
3a40e637cd3c1732a736bf97ebc165ac8e00ee2e,0
037c964d26b9d9ee4d19ca2bea4385ef7367a203,1
d9c43338068aece23edd5cf1adaae325904b1f2d,1
8cccf69ef7c268bdf81536a490aecb57aa415875,0
4067d15c92b6acbe0da3f87fce1b33ccf2d56ce8,4
d60c02c5b1d638e4cd830cccd09759db2ef82ff0,22
0e97b3d6d0f20c926ec79435dfcb9045c15d9052,24
cf6f4833781b4b9480657c62e950bd8d02d7cd8d,0
24882adfbf9996dfb502086ce1fc4193644da640,6
1acb84ba0273cdf743d268208055415ef96f8aed,2
40dfafbe89707b12efb8cd2db596ed41ce434cfe,1
8821963873d4e7403ceec8f6b027e30549c48f6d,5
b30569904644c8798fab24a113feee064372ae73,0
03bda24d1960604e6bb38b10d78cca6c65b5e761,14
396bd7b377998b3592e6feb76313e7b26ecd21e5,1
1bd25fd2b3ce905fb86d49796606e812232eb836,20
153b0ae967e9d5693e85489cf2c7db05bd0d9ab7,23
81ffd98dd9fda7cef2e9c75c7d4ffcb4ef9b78ed,1
2355d87e1161b63db13c202912bbe95f40a69626,0
f4685c28b74ef1602175e5a9853e31ad9eafc515,2
5135be14eac09a9be7bf5c9b61a65d4c14ff49fb,1
0ac2b5c0455a13c0464e3bc14f5c427541154ea3,4
fd2a0784ba077abeec262cf4f023ff32baa93a28,27
5803ba43a9663a8f54d157e3280666fb8996abbc,20
ea734f910bb2ed28817c83403fbf3814b68e0208,2
19d0c6a0c05d7fc3b67bb8300805a458727ec4f5,1
3e079660b0bf1fa4be133535bc96057ab690cb97,5
76765a82798cc8015a4b841f25d3fce1aa19c6ef,0
1a447d0047331409fffe66dab7d45045b203578f,1
1f9ee427507799e25a15fd49813282d91314c414,1
445d39e95a6b184fac057a245f38dff5e8c9acb3,1
28fec61f928268136deb18257e963d6cc9167ccf,1
2f2835e622a22b5dee844a3f8d601ab9a36764c0,0
52c3ace102c447f5f93b31e5efb5b4b8302fc233,23
cd4e6abec884ec7ea57901ce6059179a74173670,20
972c9655e9b7c751cf87bf5579821c393a7baa24,0
60ac41a32c3b3c62f65ce380201c7ea0337498ff,4
8fa420991642855cd733d211a94a97a96531cbf9,1
361655828f627896ee2fee42f996294da88574d6,2
36e5c7c389000646d28372f0b87971521067c995,0
02fca543bba05b7e61c091de4ea77366f9e7cbb3,0
34308368c02bb4137a45fa8cb996c6d4399cf845,1
ac96ae89f91618aa5122b1966a0b14fe5ff75739,1
2fa1e882d0a329ae7e9eb8b26e451c5452054754,0
1b12fea0fa8f55d1fc7d38ab0aff7aa041b35431,1
4022b971dbe784769d9c1b340a504d8e928c3a6d,0
b2365623540a685500ac220ed38e6815817f842a,0
5e4f4d387f7be0a5a840106ff5244332b0ffabb0,4
f81b518a03f5cdf883d69d4620fda5164f875bb9,1
063f64165116d63997db546d173c2102510cf7ce,1
6d5400dc318d77502aaacced64db62fac5501cd1,0
dac21ec680b348db8106e13cf202698e6c0dab12,27
e7746ffee4e6cf47b38f5e424cd38ed1ccb88d97,26
c7063eb55ceaabe419ee64e304a1e4e7b9b60227,1
36bda2badea82afe94e852c9f9f4ba2ede22aa4d,3
53e6c33c37107cc968b31f28bd5b2184cbdcc740,1
a2cb0a3d5492c4b2224f50cde995b46c2f1c8141,1
6487c96a4a04cdfec04273bb5efd859e0d86a936,0
944218f7dad34181c7b5e0e6ae32ccd499bec887,0
001bc142557366fab8f1b4816da4cf01b52da680,1
6a9b008044b363fb0f55aa01016afbd3347b3e68,2
68773f4486cf2f740fbb5b1658a1f705e0f5996f,4
e02a5a637112817601abcc7f7188bfa2bc3e8b5c,3
4ea447959e8ae96c3e696a850cf190ad6630ec54,0
ecc537015a26c6d276533b46eebe959041d65a86,1
03aa9a390e8b9fe1326d766dfd34f6436a308f90,3
48c16fc6ef241446b4b735528b0df35e73324802,0
4fcfe926d6def72170f9ad2b61ce3ce12f914bb9,1
67fb7f82acf270b81b083dae4d1f2ee4c5f0c60c,0
eff5af569b536a66ac6955cddde11388c91b0608,0
4a18968c106f14140f841ed8b42e6338cc1dcb09,0
ba85faabc04aae3f550b4f7d531a7d63f88964e9,1
3b82db5fe96e0ddcaca0e637683bc7313cec744c,1
7d2e6378677ae5a63fefeaf38539eb6804688e0a,1
afeb0452ef10ee1604973a0c2bb13824e78707f5,1
7f950a80c02876a9fa793fd3cf1b9b82e33e053d,3
dad907b9233d2ca3ee27b5c4613559a71e1b2dd2,0
786af73e24215da94cdc05c277b0ec05b7cc37d2,4
5b9476fe78bc14080b0b50bed7112dccd24c549c,4
9343f6a95f87aad6cf90c6c3839f77d283e98462,24
7a704af5e6983a21b5cd77267e6ca5debad2a5f6,0
2bde7940e0107bbbe617f2de79025fb9d575706c,0
2031fb913bb8f531c3948b57ba7e096813d3b8d0,1
e48a52a5300a292a6612afaf07fd1dcbdba36930,1
1a3cd6a09009476ef37d022a597dc7c3b22fb91f,0
314a02e2d52aa20bf5ec843b47a27f294c1360f8,3
cfad4736cd41a3173e7104d4645d2dae9ab1965c,0
8bc0d90b007fdcc994b8a2e4a58ed9d35a6d29f2,1
20dd5376b871386352d17ea504d468fc8d3cd707,3
4cdda5615b894c8be19ee159f33bcd12c5651aaf,19
9b0885f4f63866f066df91eed475876eae4fc496,2
64cfcebe660dc170da367ce5cfbe6e201f47ec06,1
0eb16d9ff7496fdc8de193a94052698205e55065,2
652bedfa18c6fc03fd90d69f53df9b7c735d7fa9,1
44cdebb8f1a1f0ebd00dd0fadb0bab4b3807b417,3
191fec009f4f297793f63d75522af777bbe3d515,2
e5b16081cbab39a2f41ab39fd9b1ede7dfc1d8f8,2
1855534f20110809771c3c622fc9494da0436c72,19
2f5e934a1989f192aefb675b2300316dae5b8dce,0
c26a315d0bcf10f3149034ceb534b0e2fef52047,24
635f182478f867fce16ae3c124059197ac60ce79,0
39617e10b89c80496af3a36282c7939c7cc0a62a,19
c54f6cf23d3da19f1831981aaf813834254f3d34,74
2b88ccd0aac55e7eabe1ea486b1f6286331aa06e,18
60be3d264b6fd0b5b5eab384d0c7254d5d116bfd,1
b356d73239e10e1f10c1e9c45516be54ed907a9d,0
f78d44e91a15cd8bf0ef9addd717fa4372278ddf,8
d3b4d8458631586cfa09f7abd478b431952d1e49,0
98c9de11e1d5ae3e1c11f790be0208d790486cd8,0
d4ce8393516c2b392c3f8c8103c4c41a6c4ae1ba,2
c7a8f7970be3a57ca32f7704f6a2d87fddf8600a,1
29d4ec82571b5c1b35ab70028effdcf01ec3b661,1
824f3c1c0d131de5b6e1bf88c7b508e9dee23732,23
995ed90248bc018a867aff337cec78b573459666,23
5a7b810fddeda1ab23aa4ae3cc06df5f23d62b28,7
0027c228392b94266bf1ce7116e36aedb0382dcd,1
d6db7a9b03fc32ac6e974cdb2ba0e158ccc79e49,1
cbc23311877e26314a8d7e71dfc46aca8536bcbc,1
3729510b1ed7d0ca4bbbedffb7600677ef4ee6fd,1
34d3ed9ab1bded9538ccc7fdc6f8e937226d32bc,1
15edb41ceeab111ee0593aa9ad732f8b335fe3f0,3
14cf527bb81317408657e2c04c3130fed37057e1,3
f8408036f2d3f74483eb485c423a2af17bd8ae38,0
5212cb8304aa51bee7829f4381794d0df6dc0e55,0
f7fc49c3a300201c76e96a41564baf181368356d,18
832064e4f23a3101c573954890dde962f50ad97e,6
04050237f0e0faa015b7a32109a0e014f48927af,9
2a84122edd48e5fd31a8236028dd29f9cdcec241,44
edf18977c1cc2113820a10faabbe1237fbb70996,9
dc84678fc1fd50ec85c3cb1b778da35104ab861c,1
a0de5d94e20859eb2cdc9e47fadfb6310855a513,0
b23aef5b8dc2b86f98076e1ded00dd2f06a64f6b,0
945303c0d52de2103fb99ca7067a3c3b043b3212,2
ef3da3971e2203cfd74518839f1ec888138f66aa,1
8644dc170bfe63e0f95ebe6113319dff2abd9598,1
1451b7eacf74c45a29e9ee41ba83c6f659df36a0,8
549055f20c18b274e30f252849fdadf6ef34ceb7,0
a77875c9d2154a482619f86fbbfe3c761c247be3,0
3b9ff2cb12468035be009742af8290aca0188355,0
6643d553f6764fbb44cd8aa8ab6de041674a641f,21
a44b3432c16eec25d95d36fd919a4c358de83fc3,1
a5abc61fb9120dfe324e06645c7eb2d88b6859e5,0
f87012a063b2db55ecfa3b8e84fd15aa42fe4fb0,0
3b8926bd094b7857ef393aa165da587441e33dd1,23
55d296aaf050a8b7d8846f7e3724cbd09a3ce238,2
e116723b8bbca0f4e20d75edc4b422be270d4948,1
1b3a26f2f5d38510dfac886e8b7ff5688a4c80ba,8
d13991ae18514bc5181cd853684f8650fd026c1e,35
f9686a108c3675465c491032f0cdc30bdccdb03c,20
62cbaa302e6969f572bdbfac12e222a1c3ff456d,19
3b6333c613b1da755723f17b91be983be84a222f,0
c9e35004e754be5a9474fa92b0d8847836c137e9,2
7dfe2cc132512988d85e73ec65dfa4922eced497,0
4abd53f65a26c1bd9bfeea52d8ea93dcd708c159,1
f5c5c1f7717affebd012c4b84afb2bc51afb262c,8
11430b6d33c0b40fe255055bcb765fc87229d909,0
f1d50ac1dcb9d73cf629a5295d9b4b64a6e3d86a,1
eb1e6aa29ba0caafd358aa03bb1e048dacd06ccc,35
034e912c853b4098177e2f4d54262d3bfddf0622,0
c961dd084d5971b26161553c426230becd6c15f5,3
bc09e862a9407f8c83e880b110098b14bcf6c63e,1
df7b4252fd919d8da84d6b4c15ca350611abb083,1
8866158d039ccadb02b37a4759244d3c3c44cfdf,1
0a2b4f3486a7af01e0f4eb81f911d9887f64ec3d,1
44a849bdcee2dc0f6741c6bc6e5ab23aff4692a8,1
52978e5ba51905a1fe66b1520f2ea8721fc869d7,1
0423e93c42ab5eaa636553e698894f11ad710610,2
3412950abc0898c3c33fe8cc4c3a9efc0556ad98,0
3e9e94801fbd44a2bccfaf9d1c6807700b0c3dfc,1
a37a605fee7553c9092441050eaabf3174389886,0
01a293b6e335f8a948823e546f8f7f32fd82e6ef,1
289e3d6844aee71fd48542ed30175063dc02378e,0
1c69a155cf15b64dc24645ff11c536f74f904f13,0
948728e63b63f94c8af48c80be43bbef354d2d67,1
699310d1d20aa638b0a819051ab6cc101d2d82e8,4
c56eec29f0e63a0c5147b59439fec39115d9ee44,25
deaad78df92a3881fe93478a3193437d99549d9f,0
b3e9977f97c8713ffbeb8a00c54f7e3fd9d24b8c,0
5bce73196263326b945db00fdcd6e3851ce2c097,1
9faa8c4704e6ce0236ab12203d946a67ec2eae52,0
4c72167af33ca908fd4932012822a9c5cf073f94,1
9b5fd9522ea1be6a01e417f872cc6880f55f3ee2,1
f0ef8a1cbdd95f21d89bb0971bbd804fad755f2e,1
54173c80adbc31b881086e62335ea443b93fe206,1
883c6762c42ca8694010d2dad6125bbc91ec44ae,0
a2775d0c7030702471c5b679ea76074b6d058a1d,1
de4e19f17e1f53ae45e265a082bb1f1a2be33257,2
34b23ff31200c58cb6a765278499376eda2d9de9,0
2cbc7b4b73da8ae18dff7502cd520c551cfd4b7c,4
eaa66f3c464f2e09bb093e5f0285ced971b48724,2
7a7a80e6c5faf3fe87f6c0732c617e5ddd2f5cbf,4
0e6ec34228d3f2775952fd0a21b1e3ff8a110159,4
34e2420b9bd8531961fcf2d8bf08023df8224a66,1
e19fbd27cebb2f9c421abe916e1f82d18702da8e,1
790a3e9a8cc5a97d82a4dcda9c637256368fb108,1
7310110ec0fa49fd014506cc1d0672c62cbbeb30,4
a7aa70e79aa99f303a24d63e01bf6ca6cc4728c9,0
1a775cecac6ab9d3b1ac070a228dd2cf3c444d02,2
79d42d87c1c71c9588e11863181a34250faaee43,1
b47fd31c376d1d38a4200b8dc63cb5b817978c83,4
185337e787637c16ed2c8af041a8b1e111fe7da9,1
63abb65146254ecc023d5dee7b4284547c781a3f,17
f75aa4d5be04e9429ad111d5b7358d3199a62917,0
73e193da1dfc65d26d7c9fbbdeae58ef26cac321,3
fcadc7bb1af0db940b01fa617fd1669779483128,4
9e221849365d2ad22662687ee3338a18652751a6,25
541165e8786b63e6864c47738977d5ea61b294f6,0
b19a15fa7fe489a055aca7f9d8d0c8707eff5dce,5
342ee458ae348f01b1db57e94ded3df3e0ec2798,7
a5e085cbea35805fd241ced3fd195517e1fbac37,3
4487d22d56d32ab4c543345b55b5f61f7cb06403,4
6cac0f43eb707619c3d17da4c837431ea1718ac6,1
25a6bfa7ed267772f3196a5dec0965e5e99f0d64,11
81136c1e82a8826f791a87bdb7d0ce8e9f17abf5,0
93aad54dc17f73e66b781ac8c82fd5a37ba99b8f,3
6ba6c92a81aa1328000c9c60632687e3ca27ac40,2
0fe57ad4f58404d22f754b32190f5c201e49bb78,25
baadb11536683f5163815bc6f27f387b2ea194ea,0
65ca6472ba3c661309b4bfd15a8e9b03cc303105,1
4902fd4e956ac86aad331cff5571952e4dd76745,7
edbc024d76be3142aca375ac5501291266f62def,26
9e4bd6b3b5e9cba64b7f2ef01b56f5391991f412,9
f3618c3337cf49c53c0d806d44ce43d5b72ef230,7
e746d68a12927dbd6d5402605abd34207df26060,0
c9eb1d6ab74c03539af0421c14ae21df27ef06ed,4
de9d2cddc3ad3912a3c3bab34f083f9b66902feb,0
9217e4b8ec853612416254406cccf8144a7a76e6,11
992419980234ff76504884b629d898688e00aa1a,0
0e71e7b2fb5450a462f8225cf447e10b4b4c1c67,2
f105cad43c3cb3426141cccfcab19f708fbc63ad,1
499f9e04e17638b289cc8511d65017e9382fa2cc,1
7ddd94dc610cd41de489d9d6cc279e822b03e511,0
af09095f03356f132d20f85c9c2a118983b0e26e,0
d38b1bc4b1d6fda3f758bd972bcd226dab4c9b65,5
e3459ec1784b0181393b0215426bb3a9f6b48d39,0
592300922c4ec024ef4af2c30a54a092fa73a7a2,0
f49aec057f327af79bf58a6b3827042768be208e,1
0a23a1bb3b7069f7a8ac2ec9eef106a30c259bae,1
d8724bb546eddf3cb4d1a161a35a117e3dcb7636,2
8d53298a6de0898e606f34d0cd3c54cf4dc83e6a,0
c7f6ee9c93d8798c98e48ed75b2a331d20c1c928,3
8c07ac7f7c6da6d0a7e60581019c0b1e62732bf3,0
a9fc30ae2e0f19d331e74651fb4aca64372667e8,3
171904b6c7c71481392d9d6893b57fa662a77069,1
9d3ac66f732c2ee00064942911966d42b0eb1a24,3
9a1949a91e17c5ee79eed02a733a931789fbf992,1
aec85ad45a33f3fdd629f42294fbd400452f0a5f,3
b47eaf14aeee514c25d2019ce9e138b49ccca346,0
34d1c41b5f632ca265bc9cf0ca504c0c23383941,0
7d65911c001258e5d6bba73331a95c7d3e4a0e0d,0
6a601aca35511a781b7fa62eb8520ea431b2df86,1
009a6ddd39aeadc8a22a6e377100ba10e77a3b00,1
eab7854a7338970dd8a6f0f864e7dd346e3342a8,0
5699e2b881d3f12873be6a235c54135b55903e93,21
5a2abeca783020aa44c26904b908ff97201db8bf,0
043be2856b22e8209009c78e0a29b56d8d23bfb1,1
6a040a69670e66e1e0122c8849fbc87b9df68da0,1
0a74774af1690461872ca4db2bfef52fe97474c3,1
35a55d5757c1ed415cd5c9b4225f5c2011f0fbf1,2
2aed66a955f023d36c3230aa7477e9d384a82f90,1
4433b63d7a641ff186796e5a9524d0aa012f2e50,0
b5711a99a255fe1ec6e8dbbbff69cfa34dd7c289,10
d076c1b604fe3ae39dc9749c30f14d140b55073f,4
d1e6b0e21a42cdfd60d882632c1e910ddd38534f,1
783338a0b845acd7dab2fa29477376befb70da02,22
8d54ffbf0551d858acf0971761c933b5b3144036,1
8ee2612ebb3b29e5b41a17ff42380712f3cee50d,1
b8e4a6970bb7bee4afbed74d43f2ac30c89fce1d,3
5de1da2b3cdba5ac3e5e7077f958644683bc30ec,1
8f9face9569f6eb39370a369ea6fb198fb662aea,0
782634b6c9b56b94c27dbc66ca49086e1e280cab,0
d29ab8f2a6ceb2b5211e33684c2ecd8178f44ea2,0
af2ea23e9ca2e317818c82bca07403d54050c192,1
cd882b88db0f39445a9400e68eed2e6c9ca50baa,9
e2443997666f6ce86693bec0329be0974ed9a5f1,35
0934563b97328184c4cfe5abdb730b0ad11b531e,19
cc3204509c610baf7913e4d5653c95dea1583899,2
100c9bc52de90bd6342744d60b6cf2a4f1757ae7,0
b904b5ae8d2317a31fcc16a04f8d5fa8967e38d1,35
bf57eb2447f6639970549e75fd7f1568887cdc64,1
80830919dcb237270cc7da1fe57af7f2048ed8f9,1
6da949bbf080db1120375612695eb22572d82e2b,1
72f7b14e66c14acf929b7e9be7f864bf51b3b92c,1
3fd74b121f10ef6d1c92718031ccb42d7329ee1d,1
1d58558bec66da8cdbb3e96a8d857d87bedc1bda,1
2573f4dd05643af7ab3c86cc7b1036b84c363d19,0
48c6284c91bf3b78640c4b24bf85084ebe8ab065,2
786fe2ba2ae0a3beba25b2f6a06eaa11c71782b2,1
b3c4f71c6f51b66f73675eb94a3f42020410057c,0
76c270fdf20629cba7b4238cb64b9748461c9c7a,1
06c31daa53e3813bfcfd5cc53ed7ddc881528bd9,0
c377c59d47d9eeb330cc630c8e59ac31b1d871bc,1
ff0dd162b79905291eed7d9944216875bb801562,2
26473cab6ddcfed1a491d73de7f80ee725f803e1,19
4cf51157b3e7e2e0bd648c8e6cad0dcf7d1341d6,1
4c7f14752a9cd5c69c1493ef1e28b932e44b5232,3
8eb29f91e62d4d68185dbd842921b3a47430cad6,19
56c9dfc83b6e6e78b8add02e3e7ca192075f0739,0
9b2b53f63aaa9729af7c2839454114f4226238c3,0
f98fb6b38ee5fa764026906b42a1f0b254ce2d08,1
7cabe81373a1dd44cafdb42ab387668910d0d900,0
4bca27ab890da4733ab0de56cf6e2586da95785a,1
143ab8f3295dad750d288ebde9c000ce388ce66f,6
2512871a36be74d55d60cc2c07c492e7eb8c106f,24
27b5666e15d124c69e8338487b68d5879327896d,25
77cf648ed3311e2ede7367bdb4551beff8906d77,1
2c630a1b5c43e8ca9c29d0b7cbfaa8bd7a578093,0
0492a3a8f147f7718a377c61abc607bd76af5486,0
fba22652fc2d65006255e014d9b3a17d5741aad4,1
6618346148aec206393880c269bd0e464d2d29f5,2
be7dd903824773dbad558d2f058067b69adbafdb,3
f890ceba9e470d1d138375b96d846007d51db52f,1
b0a9c82c3177160341e9ec7a205f2e562ea95b0f,2
fb60aa3736245a6f50110d6b2900a0b3b3af79d7,7
238b8fd2a3f6e1be9f059e7f1ffb18361a8a7e54,7
cf946889254c2f964af7b0544484d05183ddb3fa,31
03aa424ccb80a4b455066f48f1e08c4ad36a644f,0
af644871bfdcb1a1c7930d6f3d031de5751dd159,0
77491dd9241f413cd02ad9c0fa615207d35afb77,22
ed4f9d7e1cfb56f155e47acc0a7299f2597eae58,0
d15f25539b7e06f645fe6b7a488f000b4cb3f400,0
0dada36e5a59dce14924941348a5964b3c727a54,1
b865b21d32c6e7c95d0bee58a7ec4c0a4fea8ef1,5
1e57b0c26915cc3648e40e258a6c6634ebc54ae9,1
e46898f8e5eec9a2a7f2d5e313b86196372eaffa,1
11f1fdfab4b6c85e9c7143503bf031242810782b,1
0e410c9dfd98e6857fc8f3ab8a5356bcf55480a9,26
d01b91508568ecd6b69e4d09e9b91a21dfa5cdd5,2
e4649c90441c81918a5cae73f5d29f286b459f05,3
3e927ff204279f21ac183d1e6d6834207e71c3c6,28
4e531246816bf07af21de42c5b8c6416ceffcbc5,0
734f9ea133e0d43d57f7dd42a797944ec7e73ceb,0
f02af83d422b53c94745957031e8be1ba0de3865,23
672e45652ecbae5dd7686f160f167ba40a2c6238,1
23f1cfb46f0a2beec3f522a56a5e8ce169a6d77e,1
0b22069e824f78467bf710f568039fb142a0ebf4,0
e7e45006292316615ee7accb493808bbf26ee3ed,1
34ff0c3439e96cb8e67024179ff75853d15c0de5,1
b31604a4924e2f49848092d9159636686a73fc15,2
48925b7298bd1a1abb95b31246326af76d2f1aa8,0
13b44d019bfa9ee657cab40c80de2c91b83b8af0,1
685ed5393a387a64562315eeda4334bce80d27a2,1
51353f8feab8235d8bebd4e4464d2743ddafd3b0,0
54dada56a7cd999800dff301a591f1f5fc05edbb,0
a4a9bd8bc9cf4b722db06bb3af697a2438d4118f,1
71ac6f9d42ca4b39eda86b725c3daece1ec40b46,1
9ba6c051a1d448c306f23c113c6af9a39b3ece81,1
9cc8d495b83ce1c2804ae92b6d875eb1be724886,1
bf563e62c152428b4fb7340fcbb2c907b9a5330e,1
ddecc1441dfd84078433f3cf74d5c71cc05892a8,1
37a26dfc098e35feb193750f1e2f7a76a36b1bb5,1
6caf0830aeb96f2588300b6fef40a0d07f6133c9,0
2defb1d748dd5bb4afdef82226aaf4662fa8e597,4
deb9d0dabd74ac31ef5e5cd7362bf63678d07492,0
58b3e98878163ff51b54e044402e542cb67f8d8e,3
47242a40bbb7331a3e59e2c0d9b31b0113147e8e,2
00b6b3da79efb54cb7fa1c1b7a7db51970b91139,4
7c9e2e2a1a3d2f556e7e19e106fa94dfd71cd8cc,0
5a456c832a797ba8a0f157e68787f42ed88c17e8,17
45f949d83351b077d4d39d0936336439896bbcc3,8
33f8a8a344bf9144029cce40bf0ac1142161fa77,0
94b3e0a483848f134f3bd5fe4fe726e7880aee64,0
a9a19712956db73c65cc1efa98446499f1456cf9,0
6aa81255a9fa9ec2ead9d94103734921cefc7c9c,2
b2270b3f3ef978925b142e8a5c534b7f008994eb,1
7698c5617a4d64298aec6a80595e4efe4039dfd5,20
6836b94eeab4e63f0f737417a0cce72a332e924f,4
3b75518ef6cbb6ce3a1b36abe68d2d743e2c07da,0
3830778852b02666ea5b5d92e5ae219cd7495665,1
7e3aab889d0dc4dced3baef903ee3198d1f9aaf0,2
fea0d3f20fc85edbcfc1d2d71c6dc5ec4ca5b405,2
aef08e87800e31a3988c8b421ce1282730eac7bf,1
2f620f86d9079054246d4f2cb97a6e44964d8348,0
02de8e6f180aa20b683ccc9ed4bbe718e20617b6,0
6c5312559cd7bb1316523decf4bb83851c6b215a,2
9d0142e8ae8741dbd6664524c697585f0e5c9aa2,1
0c55095c5e1134779d9aeb1bf9d5ce7851677c6a,1
c15c65f18a2d9ed0e1d45de675a2ff1c99c8d56d,0
bfb000757354be059146317a78a6d91f5129f315,3
be98016674b00bb5d24a4ca7ca7fd5a142f82728,0
8e89a802f7cb7df17ba2bea1cfea87f38483ad4a,1
87b03b16bd3df3ce6d4b697e8a3c8a81e27f57c2,3
e141f3a03f1999a3478897e92ea626b437d40466,2
5f7e85398b898f7fab51f487c44995b4fa247df4,3
05abe853f95c0db31f3c8c5309e67d4c5949f81d,17
20addc6e32e2702f8c70293bb37cf8df5d140968,0
dead89062a84a369b46156927dd14864bd29c213,1
ae277aebc65ba5695d68980550fb761ab8f654f2,1
8f4e4b19958e3b854e8788a13c62c31aad7d711f,1
177ad245f6293bb4f7bea3621cf9a5eea2a23b9e,0
cea3ea772cae40d24caf078ebcf38697b32e2915,2
b27f69ba51d2f744896d1a8cf5d0c418a756b2f1,0
1ef6ccd919e434da6a1f344660b74a0dffa04868,0
b9b203bfb21642e86cbd341e00777a73790b9312,0
53f50869050fa5a8a6be1b3939d860d8a3e0bdd6,1
98c7b682ca9fb56ac48c83fae9a1379f992638e6,1
369bfc8a1e52613f321be55d5d20fcc726c842f9,1
21fb347eee13fb0ea4840bfd9eece48216fea0cc,0
0d134121051942f9c4592c5740c6209b9c221fc9,1
5065636023d4e4097ab1b5206003df483860b8a0,0
903808bb9710191be7ee16d787773f1737d97200,0
75ad82baabb9c27ad2b5ceb64762481dd730fefc,1
34253497d4d8bc9a46f31eb44b3bab6eb547004d,1
e309e980ce217254a9553d76c47baf1bd5b70fc9,0
fb4aead2b143d2c19e6a1bb6e4db90b68bccd297,18
b3e2bd6f29769b8367627443730b70a150bb2415,3
de6c40ed8f2ca6c50ca0d27a8383c447f072c875,20
eeb490221f20a4d1934686f96c400733ea41fb8e,1
11e892bd84f02db58dcb6e5b0918aef951d6ffaa,0
cbeff12f8ab48e04e7f2d7c7f0e257f45965c8be,0
8a4e9d08a36e15eee846eba1f3359bd9a568d37e,0
9175d16660852417287440070a96964e6a3db373,1
b6d9eb229fc9d3be4ec73c29e0035da0c10adb16,1
c5e08e87612c53f7aba333e7bfa04f8ed53d9fb6,2
05b217c0d0d4bec0226a7b218635a27cc19c73ec,0
c759c26cca15b780c5e3cfba468bc69d025b38a9,3
47729918fc7c76cf58013b6b77fb440cf29f719e,2
330b981912cc755d0d76e4982f267be767c35168,2
493e73857592a312ce58b87cb90cd20e21f529a2,0
48b7e0f8d826b18d88ebb3282b6f02366d436045,23
f17b81b7650a8e7f4f906b45a33d203c0b8828b0,1
7e607b06ebc8604f6e7f3f670da52f63d1129dd4,1
f9e4717f5b51c9d8772110ec4f1b87cd4d8389bb,0
34cba42104f4cdaf473b85a2d9d9c0566709fbc2,2
584d147a024a1b70089752e1016be2f38ca7eaeb,1
e443e0e2a9f295f063eab50da9f70e97f2a00112,1
17d1cd7c09ea4d0f94b721587a9e111747d83d89,1
48d862377a488fa24fe2845cab47f505b3bae3e9,1
cfdc189796387bc02a23dfea9556e18d7ddfb80c,0
2efdc72aa5572630d5e6256b99aa4f12829e6363,0
cd68380ce60a5a40367a6c03f1f80c01e076a378,3
012aff6823eccb1c546a8f17320e736b205d1fb0,0
b9187020c4104adb87eaf13cfc6bb092fceebbee,1
e282b72151aff359ac3bb57edae3565623874ca1,17
49d562d23d396333cac2d8cbf2d85c4c1b59e122,0
57f92a46320d1f4c556954c836fe8a36821564e4,1
4da8b1494b54212c7e506f3be055a07a10142815,0
dd02dba6e6f8d10b1b74110bcc5968d8420a9ab3,0
6e0b3fcc08892c77fd4fa47111bdd3388d3cbd00,3
44b4e116bd829d9f5f2983c57b9dd01fbced934a,1
561904345f78882ed547c0af775d383f1ae47572,17
7fdc620ef7a8e4a8a41892f6f907abf0fe8c18c9,0
284d6de9da19c085ea8dbbf115056a2c6a220d65,2
3685224c1acea98c26600008246de25ab6c6e4d1,1
babe1d211cf1c8a7a85fee457ce04c5df04b72d8,0
4578c573fefae108c32d5e4d76c5e36b66bedf42,1
bfe6f71794875f7401e7f2d341279fed14eb8c76,1
8289ea1316853189a15e07129a08f500aa36405b,1
d9dcef8a874f2cce6740d515527126533239b840,5
931914e6795829c6ad775e40dc9195627219fe99,16
8bf0b496b97e3b1f8f390aa3fa97d7410eabf8ef,11
58b8e0cae7bcfc11406c4ec37a26b476e80ad34f,0
c40fe2113cfaec7f41221896217a9d3b1e39643b,2
4d4745c0ebb4716a5326242f8f8f2853906f09b4,1
20ef0a6e270a2c6d7ebecc695c2e59824b201565,0
47f9883b0f5c1c8c7ff3551113df78bdd0ac7cd0,20
a561bd5e3a5dd4f20c16a62e6829303875ea6eef,24
c04d6b5aa6b52c39d622cfd8587620a4fc35f3df,0
467f01435f047add13854a70d737cc2d1db37f41,0
97b6fb6381248481c9182e4f2bb6dcc50af4e8b9,2
271ced73413ebf8d662cce2a582ac9b795104a8c,2
1b59766fcba97a003709660a07687bd0caaf5c29,1
a950c31e2d6b68f2153ba4b58584cb2f851bb15e,0
7176de86053f415d057a6c395fe194559a9ca2ca,0
adec219ca5fc2a76604703dcf460f7411a111cc6,0
eaa829b58cddadd90edaa56f480604f3c629bf4d,1
1c99ca82d88e7e2dfbb9203a8809d2aff2db311b,1
e44294bb4dd378655369c0006c7f8f59c26990e8,4
701f4a6d9d6e4f2f07e3051592813562447f9552,0
c15b9a6a06f42b107f02e06182774c8ad5ed551c,1
e1702816f6fc2c74e20c246faf900f1805c3fa7f,1
c64ecf95e2bda1456e42ca13d018e853905bea3e,0
1bc5be3bdfb27558d73d1f8aaea1e732f3f9efa9,2
0369f97ec11b98ef20445bdda2b7f63dcb3b63d7,4
1e4d4e59150441fb149234259ce58cd78d863d29,1
7fe7a0c8be2b7af235d6f2a6ad97f51a6eb66897,0
633c253bc1da9a68c9cd9cc29627828108a029b9,0
7bbc31704cb5f3d7b891a5ba1afe3e850c321f5a,1
6dac1fe07ed20748c335d377ddc7177f18f9c9bc,0
a245656db38686546ded3fbcce92152fdb5f3a8f,0
713931338a9449491ef2d3b1b33001c94315d809,2
fb11e52cd2a3238409def295e3779cdb310e555a,0
ae706233a8bf4590a2e25468f0283f41194bdc5a,2
22dfcc9a7197a7ea91b9e386b90991e3e2a3f808,1
1d65b4b3163b4ef8c98e2444f0e4130bee257311,1
9b5515926a704bff1edb74772b0800cadf8c323d,0
0d147ead669bc69e384ed3c094ceff0732201ad0,19
d3cb1a86be07552723dd11e462881aa370e49ffa,0
fa26767efe50d278d4dfa66df9f48831f14c7af2,3
f6858d997464e5825fd61a79101d5a80e14ed5c7,1
0c0c840ba8fbff410e2e9add31d8f4fe23565641,0
738b87091aa9617c4ac2dc4e28db818a7f1a87c3,0
25dae3bccc1d68e4298fcd256976c4bc7acfb8e6,1
7292145f4e5dd666e620d9cafdd1ee9f6b290aea,1
3dee35888eff2d01ad2a8f1695b13342252c6fc2,0
93a9aa6b76f7bc31ae6a4c380e82d475beaa7005,0
7a9c1a279bd221e8360bbb63e5e061c839a8e158,0
e409c7f9e8d0d0dfe8978b53a6c4f16a402d8037,0
020c6af7b05bb88ffb54c931e94ca6728e0e8480,1
d29cc8f7bc43c4f27973de9a2e0e9b62c8433eba,1
7743849608aef43f2b311d797f4bcf7458169139,0
16357fbfdfca489471d245be1578f01190b94559,0
e57c0fce66d7ff9879b1df49d7f43a7793143b32,1
c376f6a2cb02b4c43bac7c35bd7c4f1869677dac,1
fb3c30e24cf2ffc4b0e3109c1fd24f2a8dc4b84d,1
f8ae0fd29f554a1afc7737123c6f8c310b353f91,0
aab5118c6a748a0abfbe7b6418b98143a9078059,1
d38e335272c3358a6dabe2a0fa71d1224f73c7ba,21
34d5eb5201f4960c9427e33e0805c0063f657203,0
a2fe24f319f0bc6c6338cb0fbd800b69e02c4a76,1
8ae2bc7e2e093517b052becdb2c793eb45bfe763,1
0844da794d995e77fec053153422464085c47e37,1
4061fca1ad262db3ab2606c4c24dc72f12965a8a,14
5ab7b916152b98d23453c335ef39b9cfffbb1d25,21
922c67f17d5052f499f331f9702559799c6a1b0c,0
78459d5de1f6959e349c3f4b65fca9ce9753a5d8,0
8c6c048551fad4e5da12dad9701645fac769c564,2
92dbeebf40ab7c3529b034fd44bb23694f4591b0,1
71378f72afe8f2a6514d9c209f630d03a5b1cf4f,0
306c184b1a0e45484655174cb39d7d368a48fb44,2
fe2ea2906f356acf359c0eb27b21adae9bc6ea82,0
84c685f8b57a93baae78d0c37d3b8b6367346299,20
83021d82c60f72f9f5abafb7ad60f54296f81ecc,0
036eccfd6ebe0e66be62deddcb424f147a6d9e1e,0
b794b768363219e88c9604c6ee8369ae1480067b,0
451ba5df010ccde7d3e5a955eef34b9953531b40,0
92dbc63949e1464bb90b4dce12a6cfd336fd3519,0
ade72535c43e20689eb4be8220f0b944a323aad3,1
06153add6b5e12a3f7e42c53eb81d388a56f1642,0
ab6b00586758304510e5f66532d971dedb05bef8,1
61f15ef7e7de6a68a7ffc85292795cfea15c6a89,2
60515ff700160148c743d9bb50d8cb33303714a3,2
1e419655f32aa12bd483c59e5637302501883b1f,9
1a26ce1cdcebf1d6e1bbd5b05c74602cc634f6ac,0
bec30c89e7e56590c25b734029dd6b974034da13,0
780dabf32b32ec94bacaa24cf0bad332b0199f13,0
7739c0affac03fc67159f7d76f4886eb29f34342,24
1cba425308ae5dcb80dc90e4ee468cb2840fe429,1
298a8c6a3cf92ebccd1ffcadf58cf85e20bccd42,0
644f45cbd8a09fac58c29ecbe44e2b7e3ab1a5d5,0
4213330d22e1b078ee634772d71d374a43d0ae65,0
0d2fc135163d99b0f0596587a5461d7a9066f30e,1
b031d28ebfdaab27f644ed110f67fd99001f2657,1
22881f38b97b11f8c3929108acfc922db533a6fc,1
eb68715b946d17217583629b2d60eb5c909a0793,1
4ed976b5ff5eacc99b9ffa3c0b6b4a9b2288293a,1
4e2639942b258881f2a0872f53f544f5de4cac4f,2
18ba31e9b5d946bc540d6c4e79b53c707416684c,22
03af5961b0b0f3bbe74ea1b368b1cbd4ee7f43b5,1
1642f5ed3170b11c7cfa5f9c36dfd7b1d679b216,1
dbb2d56c894cc77372120fae3c0a17f061318b13,1
41a30923f33a9334173cf31ab2180909575926f2,0
04f77df6c096693d09466cc58533edbde1a78baa,0
6d6a1db6ec61782dddd9d2ad5d768ad80d40091e,1
f724ef58202603c4e2735c5bd9796889b81c3dfb,1
20218e553df4981002357672c5760d5a52a5b317,0
dcfbe2bd3c06aeeac6896e9732cfbbd367e76e08,1
82fde7df2ea675f9aa32a6fb63c5d07f0594cf40,0
64a44f697c8894d899b5e37e8d2bbf4b3008488c,0
89862257520cde1baa5a1e4c7e336d3f5edfa129,1
e12c8e5cac9a5e7aaa42aa9069023d4b9bc4f32d,28
a7334fd2a0b9db675ea570a3c63578d63d193107,1
292eb365c6175f996dff4a9ef94f0bdf2c4b3dfe,2
6854f44bf2d880d0930ac6e68bbff0f80266ddbc,18
3f6f036f7cf24865dd39c3a79422299ed4b9611e,0
86ba7e4542a965d8b9061d6bce6fe67befecb008,1
f9f75c8016e6e680e1fc9787cece96bf66016aa1,1
87921f390afbe7298662760129741e849c79c041,2
a4f10f59c33b1be4303cd9f1dfb9dc961bba766b,1
2e904cb4f9866c43e44cb70598808f87863f3104,0
0b6817e0f98182c9ed9f2af72ead70d39edc82be,0
3bd76f60e4b7bedfd2c953b084a589fa8214ba03,1
78d6d6e0761b7554a489d21fc6e05ffffbb3a274,0
0d0aa6c20d8698087d9b33779444c468b79472b4,2
d4f5418802a4d7f9c8dda4b38ec5bd4aeb7e43a2,0
fa7010b0a1cb3addcc1bd2160287ce7088597109,0
6d7b1cdf6c657afb785477c21ed2c9dfbdb35562,2
32e65dc42903f802d393cdbcdb1351237c10fe57,1
d04258753be42038969780a793e98343ab677e48,1
8f0f225d10a6ae3e4204eec3fdf0dd354c367593,2
e2429a9da16f5cac86cb2606fa017b4a9c619bc5,1
e42fd7813ac253df521f2f99fb6a923321216870,3
492b68f8e3cbae691816327fef82ec7fe88820c3,1
55722c09da834c7c86c0e4c237bca24d5b08d58a,1
2643404ac88f8af65e00792f9aa5a28b81cf86d1,2
b1539394fd47b0538ae1e7f3bd96313e4b433e0e,1
04636f78eb489b1798aa2d32d0a9b041013360d6,1
9b41638672cdaf11aa9de4e00686a60614c254b0,1
daa2cad21f9f62e5e534f428ba29cbfb2b184823,1
8244fefcc25b24381868fef32c8f25cc254a39d2,1
0995a5d7344e8d8fe75e5ca0910d93cab2f55f42,1
1b2fb2bdc7141f619146d4e0216183311c914c91,24
b091c9ceb70749e781cad05495d2ae70580a5a71,0
d486361c6982f51dcbadf3e9fee67ae40bac64e4,1
88157ba52902c4bebd0e259bc5a0b54b7b605c3d,1
069c6b38ddbff725ab26411c6cedef9984d4d377,51
9c8116aedf9dfc30ffd41796c5fc376a8308e8fd,2
57b1275cde0ebd4518ce52de0a112f733534f45c,1
3363d2c937ce47796f276eba87aa20913f71ac74,1
7ca4f16a5c95f2acd17f89ca7370dae524a9a2c8,0
06af3b62ba32c2f1dad01d617cc2073c23785425,18
67ca6c7bfe83f7bdf757b2842abe6d926e7cd721,1
8d9fcd8e6f66a15fd7a55d12cb0bccf55f8f9748,0
77a360912d40bc170ce8daf9696a8edd75b91204,0
efb8b8425c66943ecb41f8f665122db5cbccc180,0
d0e24e0876c845c764e921287afce521966ce6f0,23
2dbd38ce166257ac8fb61b4ff048dfc482c1f68d,27
94ffb58da7d85f82c6a48917c2cf739f53f5e846,1
0772c8e55fa340c9fc0359e1af1c44dced7db43c,0
b2c8de856b0fce5574c290d522dd2837f7abf48e,0
1fd8185d3720156460faedc93cb6b6eb325ed818,0
1cdffdede7e6ee4373e878b4d5c64246f91649b3,1
b67f8cb499adebf0da176bd1e0f3ce71947c6f5b,0
93b283334781f80e42c5bac66db479c73a71cb4a,2
48aa0f64751b2ca1769ffaf2de7d394a3b8bf623,0
b9ee0d7bd367fcf7aecfed8d6bf99480266e84cf,0
641e0936d4d4703368d390bae45fb131b8c8a788,6
b4dbf4d18a03029f44217e73b7dbe8c7b5123a91,4
7b625e0048c7041ca1b9cbcb62c4f98c64a49ce6,1
6fa8fd15e235e2461c82aebbc28985999fda4268,1
2b5d4243940426f86ad3fdf547cfa0b0e79d2a6e,1
887ed73c9bc33cd27895d709e1106cc966ca5d9c,1
3f75edb1d6fc3ad3b91198d77c6d688395780c52,4
6080ac566a118d92235fdd43724b4489a63ce58b,0
b796e7031d967fe9405ecbb99a644db4fba17f8d,1
cd2b74e88d8c77318cceb33f6eacee181580f4a7,5
795541f87ea5026c7a03c0d812c0810c72687770,3
7c71bb290098239bcc38091d014f9dad615db0e4,0
39401b7472e4d43332180edf6d04ee08447c3c41,1
6b50230022e776e14129412cd4dd921f3f9a5165,0
2c97c11731286a434a8e5df8f6549470fbd0db50,0
8239c45b30bdcf8d92faf4d0c254d0f3c671e35d,0
21ed43df5f423381e9f5a7a32930e6e9703af044,1
4bc6536f54fc6f4899551257c71e856d8f2142b9,2
6f389158d7a5ad5b92e43f5427bb5bbf5c8ca114,1
f2301a2a04c83d15e8810299d18be1b5af3e4fc7,1
53c9fca0f6088ef0e0dfa47fd9ce1dec22054002,1
72fe995c42b98ce6ed173d930211b45ba015cfa7,0
13eebd11cfe52698f69fd5eeee7a4c77a215f51b,2
8383f35b406a58971cfa53c23fca918c45530106,0
52f8924f6ef06a279f2951eefbd50c11da2a36c0,0
40453c1b9aaae228a56646b55a5349d3573f2af3,1
fc2fc828b39393b4e93094b1d3184b2567e642dd,1
1929502e15c406ab102227d1ea056e09bccbb3ac,1
2da4d22520800f44f8b3e0ed1675444842d1299a,1
af024e1d7c0a643c38ab7c53f4929a2b43e6d95b,1
3f3b5c86d88c8f7da86dd5f64d3784febbf92a82,1
dfdb180db479178aadcacaef20c6cad7285ce581,0
87fe20b5f5768b31c66899f926b6c8617577af1d,1
574d9c7d3df25f31336d7580e60de9e3829945f3,0
f0892792639f0e5b21e4e9313b5b0d5388d34f63,0
d92ccb230cf6de89bc77b2ccda68e27888e3502a,0
a1e0842c8b0b547bc0caf4a3d2a02d30ae0d978d,0
706b2402511f0297cd159cd491b16fb09ff90479,1
a298a58684122904f04e6d3f810836c81ac86714,31
390a6d976a534722e1a59d4c3af069e22f345592,1
e9393c3634c5bba7b84112a7a08988548b57c6da,2
4ea87b8f343e46ce1debfd465d6b1180845b8970,0
da6a0944247198925024f9249e298221b217b245,23
a9f64537ffcc77cbf258e902accd3c85f84a23f2,0
3fb43c11fcddbb964fcebb6e8634a8b244757afd,2
c1e1f63ffa45dd9073a5082e24321164ad1f3320,0
aa241c63b33bd723f316c532997f0f7828800ba0,23
c8a95ec514c21ea3c33b21c129f025f0c207e6fe,0
35ad9626f1dfa2190837b2951c3585c085a9d17d,0
01e5d46ea7d4f955864f68fff5025beac50be3d9,2
5383212a282834dfe95acd78fbe6d336ba6eee63,1
dbe1dc1452ac72590dab94afa0b996bbd496d711,0
66f1b7cce39e8dbfe56a71c0c620cd6257614f8e,0
4783a59249dac41742d9467dec3b29af142cd783,16
1705099c3ef9b8d80028159c1c0c3e935af77052,1
29bc83ead8c69b882a6a6c5dfc5d0de949553504,1
9b1f4b514b6f473faf7457239dcee1150d49f8fa,1
84f7e1de0469a6734eb6b64632a5523bc0284c3a,1
b6bb4daea90cb6fbc3e49615031148926eeeb0fa,0
08cdaaf19bf6db2ae0b37d9179726b67e660cbd6,2
f4663cb67788b9bbd9a448f8daec505b14100966,1
b4fd115d4ef2b8b03862470ffa270425c5016d81,1
83c5026db122bf0546775969949ccd58360000fc,1
312caef472901b63624b9066bc578956e879661f,0
46b65773ea9d7ec46f41ce5d83ab090e5aafc948,1
3f2faac9d124cd211cf7ef70b59dc971ad2cf9d6,0
b5b5edd9adc2fb8677fc87a00d89c5c43c0e1971,0
c48901f355b8749155ed0f14312ed7007399fb82,3
d7b948610a3fb6b2dec88bb128a187451b2263b3,23
6253b765aaf6162510cd3bc929ad0fd9ee1154ca,0
b2039011436880d8fc7c0cc2cc52edf31a9c87f2,0
59a27ed27d422b906bc5aed41b6179b1e02b20e0,1
a6fbd4a5d84df26facfa24f3fa3745748e9d0eb4,3
f882355994631387acf7e6f14090afcaa1bea47e,0
20e834461de9971af968498bc3846351b3dff184,0
b6b100c471c665700e7677ac56804f95f46a691a,0
1aca2dfe0c143eb37fef7c415160b2d1b5eea162,0
449d9cbf60a353c937baf454367619755a76849a,1
643dc4b64e106564b3b60bfa4c99a501ce64f964,1
0974b75fb67495cb2fab327de329792235b9bc33,0
2b9115330da7af08045f2ac8d7afa25da9fed7cd,1
1f3e2440bc752aba6e125d4de3efa7fe0f41ccfa,0
d5bf1684feebc02e714cb1ea25730bbbbc0689d5,20
bfb8d3b53e2c20e3eab901cd2fe5cd5ca813a80a,2
1e30d1da47f24190a4e0ceed3631fff529f171af,1
82a187acaeb3c7dfe5c4e0a9516f20fa04c8cb61,0
4bafdf4b663215788a99c3c3fc1c10f8b5b83cd7,1
3391c785c6af1fe7bbcfd9a3eadf4ce3c279b850,28
0dfe95eabac097666e4683648d64ea6c3aa5aa1d,2
c9c6e084cecc3bcd40cf92e0629d4af7ab9479af,0
09587f7c0d8ba7d8afa9a15e72e0d21600c7a1c5,1
c47e07d129106b513c0787555139e9fe82527138,1
4217e9653e4f5dae457948f7e10da0a80eedd7a1,1
b20405db316db9ac4788ac27d3fce286b0a77f11,1
ca24af7d5dc9f6a8c1584007c85f418d7ad61895,1
0e15b4f434cee8df7738cd790b29f2957a368e0a,1
54109dfaec881477e151b5905515b155ab2dafc1,1
fe96f74db193eda4af5798f1aef25f3e2ae4a66b,1
41278c1e8b24b01cf01511631ec4afad5124281e,1
053fb55af60a3b9bec7d2e65740e666e42917d42,1
ee50928eee74757d9d1fd33467b6ef1ee244b907,1
56dd15c0ad7e9d41725511744866aa9c2e46c495,1
200cf3e9f9bf2e429abca65e73bd7f770184f3ed,0
84ff78c1e304933b016a0dc166f1df60cf672a96,2
85c2b966858d2050166713738ddba0463ae8ea82,1
c06161b7730855826e970bab2256cbd0a2471146,1
818f8b93d34b7cffd28243c92fbf2fbdd2ada374,0
9d88a61d52514ccc947d1be6fabd558e7e6fd066,3
21c7b7ef8724129d73d390e707f3c14f93ca87c7,0
0b53d78046d0e7ba1d76aee6b09927654683320d,1
0b9b5297457c94a45dbdf5a1a973e7db29f96fc8,0
fccc97de6d29089320f30d5885a5eeb088840712,2
e7fc353f084433658e75f1a45dc1c6898fcb68ae,1
ea13c68515422577090e5ba3c8f26a053202544b,0
3f2cb376e0704b4eadeebc54224ec1b18addb1f4,1
b22d37ba529adbe5daeef85a570bd44f816d8783,0
b796a687cae9b8309a956e5c05133cb68ab8828b,1
3bb76b254da8ef2e38a87b1b32bb0802df1e152d,0
255ed80164968337c960edbbce025409264bfce9,1
7273a18c8df76f34ed6167e6755b19e09996467e,0
b44f06a2961b9a4a31968ee084e5ea82f9fdca7c,1
1dfe39f0d722141f8f183c0027b1804688d21f24,0
c66f3ed34b4e264782fc70072be5e8071068aa4a,1
cbf208ea1f11d03fc79021e1fba0e056e0a884e9,0
a2660cf68885c69fd7671a0973a7bcea2fe7bd48,0
27dd5acc22380a6db9f833b370236a349907de8d,1
8530c323099809c9bb4e26232699ac8d86837ef2,1
f1d5ffa2119596efc2a80cd7cddc74c397850772,1
b0361ebe4fccba5795dfe1ba8bcefa68426be7ca,0
f60b4f8659ce32652fc805a5ea8109fdc493963d,20
3f4c02e42f07cddf0120e9966abdee1ba472736e,0
115f81840bdd1745ac3c768e39747c2de5de97ae,0
d07229f1854cb16bd5fceac1408a0ec6d93f9339,1
47b4b213081980dda906fd1b73be72d36636f2b0,0
14b150052505727ac5b24fa0d6f4c7d44934c7ff,0
8d14420331960e6259f0d75db958b3848857aa29,1
415294801f613e88779c0b2bb57e83767bb595cb,0
0909cf3d46bd10c87604e317afaf69d008177175,17
8e9e9c17b0e75558b3fd2a565a6a721644d21e96,2
d92ce8849b6e0d64f9a38ed9271b0c29663082f7,1
e00b38048925c73efa4028f8ac979c525ba700d6,0
862e3c93d9013d9d913e32422b992e65ff3ed796,0
65c50e062e36703a7d0d303e979842eaea39c686,24
3047f3c85c998369281383110e2a403aa063aaf9,1
f6742463976dd941782c5391c545d16f04cdc704,20
c90191faaf7cb201a9fa34ecce0aba97fee9d207,2
912704a0d85fdcdbe4f9783a9e007f6e83c11dab,1
f62f4006afa1cecd7b40cdcb264a72eb762830db,18
092e949b581e4f6aaf27cb89aaaa0005865ef711,0
e9e4208ff16257ffc35714ebae03b152f5bfe9aa,0
c7935bb0d25b38be1dd0bbae2e6e9c10eacfcebb,0
a69b1ee691ccf4e7e54239d68f7fbd3bfef4b51a,0
32ee3acf86c88bc08a3e68874a468561ac3704b9,0
c70a06daf1b2f2ef560ab674da0157da425c3983,1
13ea43cc8d4ad00828f8e24d6f8c6968670ccf35,1
f45b6a77620c95656ba4f969d15447e84127ed10,0
59fafb93b2944a116c3f70c6146037230733904c,0
0951d385ce723a54cb42838416056cef94b326bd,1
c9193e856d726c5ad90789a2fd1897c9714308bd,2
bb4529f7d2a9a8dd3cc6f485bd5583d38de195a1,1
61437d988ada581ff9d8c27bcf39484fa98b36f4,2
7a9fa78822447ad258e80b135e50aa41a3ce3eba,2
20b0889602b9b67deaeaddad8425c52c4becf70c,0
24ca1a6289f3f525c155726f644617c8c8b74d06,1
668e737893e66e544450f69e10811d78ecd41f4c,0
aee71c543eb6e59138acffda150b704a3b943fd4,1
05d8d189f6465727878309a947e1a2347392b66f,1
5460a529da34324eb4cba0a192a27d5c1ad33246,19
71842b6a1793c43f450a55b66a37e36a5b4c98a6,5
b1abd7edef590c0f5ec4cc158064f792cb7d826f,1
23935dd23a38d02bd17180c09ccd1ec4c38c9113,0
b91fab2d7d14bc96fce3851e8aa2f42378bb00d1,1
4cd73e183d87e3a41f850ec5e5843a4c3fc5e60f,1
f6f77d34a1712c308d260e8436109ea4995d8122,25
679d37f83f26e38acf5d3414482c56fd946c1ab8,0
75fdcc14b7875ae06b9870555cf487bbc11b6cc1,1
a0004e7cd3b75740baeb148bd404f045cf8ba975,5
307f263f896f28721f97a2300f76c2362fe68630,0
9d177c93a2a14dd62197788307ac22ec11e125f3,0
7070143042fe7c594ef08ab59d4981cc3e3554cb,2
ef97645002ba6060c2ac77526be0b31f694cfcb6,18
2a9b3376a94198a20382a050edabd418db1407d6,0
b97dafe4b885a3d747c8908f87b925b875e1a2c7,1
2e966f8e5b89c67c43b7b31a7d881780a547daa3,1
f60321d3e31aa79bcac13fb094cb98dfcc0278d2,0
a26668b10c677862803a348a8dbb49fef6d90c5a,1
61aa79630717f2dc43c14b216888fd2f229a7f2e,1
6fb9c6fe075c2246edc663ff43e93707a9d793da,2
d891324830653027f22f1be94bc8cf72aa96b5e4,0
7f8133a51faaa40da5ce12a920df4f498a8de08d,0
e9b42f4f47eb9c71c64aa3d8b4b428d09923d187,1
0c341f0c50a6b98bccf812d31f9a44312db0eac1,3
3bc2273ac9bd2fc1cfcd2f2a015d7fd9589e4968,1
14b74181f54838009e7d786da65003c1f6c87f2b,0
bb2114a0605e31cd53b528369fb2822c558b8206,0
38466b1d2fec120cd7090b5331788e89c672e9b5,0
9b96a4a53ba599ecca571283d2ebd81306cf18ef,0
8190483eeb94151b4d9a1d0d48d132de5b285059,3
da67037550be441ea22c105f7558560d3c66bb3b,1
0f891e848b4584717b901e1b2c55842f0b2c94ab,0
c91325e9043858b9ae3e7834965111e8cfed31c0,0
190a04c4674ce7723cca145003c68b02df8e728d,1
7b836a40004bf43ac1b4a0c062897426abe21ed8,5
76f47aebb64bf696ecc93b664524ca639754e738,1
3e0376b45e8999aa9f688e91f5a7bcf5d809e09a,1
644fac5d343364f9aa8c0079327ff12684f3fd7a,1
4e4f37b6c214bc37058597c3fe26631d27c78a03,18
127e21ae00b2e4f8cdefbd6074547736a30f2c52,1
bf5f5f44ccbe9e91697a0f84b5992e137471cb0e,19
d67c1d825f831932667643ac63b676e6be3e5f32,24
11effeee2c38d1b3f5fc62e01e993f4a51dc1edf,6
50059690e0192be879bcd7c48c45b790d41a53a4,1
8bf07684d2122fda02fa3bf84b04c21caa1dc69d,0
29b174bfb93c1677f2ea8b6ea70fbd198e4ca4f1,2
88b38eafd89cede5c02bb6040f6cdb49635cf0aa,1
79c859119241ee87d7afec8805df2472d96ecba4,0
0215cacb306092511d5e108005822e8b5e38d07a,0
2cc32d85a3917c56d5fa7a02ceb809aa50de844b,2
072541f28651f89dad1e0d511ff425e2dea45066,18
de89dc9f04a076c2910c018be9e2ae80b60860a5,4
7b95918e847b01b8042fd721b2ae69d9f089673b,0
87b6b192567c986516de061a440afa853a5aad94,1
0be6167f14c4c472d3b14c07a2bbbe00a3eda0af,0
de3eea920d7416899a8f875175b58759a5a6d54c,0
eb714ee87372e9c9d2f768e860bbb7f3325c8463,22
7a99c6ce4f8dd53237a474a5f3a2e09df0108f81,22
181cdb3cfe13c1fe848d28a2d69d829d59110a02,1
25d0c167bd9096a5598a56df7947fc79c4e698f7,1
eb120e518c12922f3e12fb40d11142ffa27a9829,25
832fe284b4a1cf32190e5f811e33e1796fd292e9,0
f579ec2e7a1989fe14db5b645072ab2895a4a280,1
cbae44df64b26c9adc0a1d2c06ec7d5e8cc48fa0,3
5db3738fe72ff8d5fca49ff7ff902dcf1b7e4b56,1
32247c1b806057b7019e433cd5f2344279138183,0
6eb6f12c64e16d2aca4f5e83927057cef5f61de5,11
8cffa60cc5188c06f75514736cfbc216cd490fce,1
98600e1433f402a380d3d9315acd04087a784700,3
d08867986e02982148759072986ead1da693dc30,3
c11b2bb7776baa9c1d977d6fc5c9133e4fd72ad3,1
ee0765e8726e0246c409c2e24678bc6475c1e2c7,0
2330619da0ca0900590060da6dbf54969e825f3b,0
b278b7a395610a7729c0ea7e63ce9bcc21c4facf,2
d7ce5d271be54224e7a907b1edd9e257235a7fb1,23
d63230d73e710b6ebc8b77fc99f9571687852f12,0
548b45026d27fd98bfc3a9d9d829fb3802813397,0
5d23e52d75228774370ddfd349d560966e5a9649,0
db47aa983da63aaea093375f02fd787f8a78cbf2,0
99b0c1fe56934e2deeb9a64ae192258a6e34807a,1
a0aad8d6865959e73f444800176e658517184847,0
23a675f6212fc50730f45d49d9ae484fc2727335,1
5b6e2cecf59a6629279c7629ed50479c6fa9ab45,1
410657b050c274391cfb1b41b215d5cfa78cea48,1
f3eee02596240b5db0e5491ae93acd750acce719,26
e3ffb58fbd139355222405325b794b805f7eec8a,2
665b7f3893037c96dd5670c982761f89ebb3eff2,0
60cc9342a41e59ec6429972c2344e79f27f3acbd,0
f663220e8744c1c53077ffae21dff0e21f652b10,3
ea3c08d2490a860baddbdec7a5e4a469d5778b53,0
c488378532845aeaa1b5094e3619e907e0bc8847,0
7972378828b4e28b433655a8d0a90abe79ede6bf,0
8bdf303da0401b04ce26a0c502ea2b735b06296a,1
3890366c8353d94dee30f114c505c4fdf388ac9f,1
c0d45ca7f2e28219f37b8bc7868f7220a77ea731,1
cdc18f8c227443ab5c47752225542cb87d0e914d,1
8e8b4398f3596d7030b605f621caab2f06e6d376,1
b31a07e261b385f3ae27981d377f719884991871,1
c8d4cd35d81a1b9ec8cedeacfebda5900d740e3c,1
3c9a838651861968109ea06b731d2a92905eb115,21
68b866b5dd177e8b6ef93ccb2c57d91dc5c5cfea,19
68b46fb2c96ac97776482f348e81ed53a586c477,1
75bfde994506504bbdcd42fb50a209d84ebe9be4,20
2ae72b0491e289f97010a9f6ce23951b1126a0a1,40
06f2282f827df3c729c71beaf404879fb00af5bf,0
dcfd7c69e8f6eaa286e6f0d6f924608c390f5f31,0
e765eebfb01daf600ed51cb5e5a2c65ab9bf0ce4,1
7780052fb3e7b64350d59bd435a95098d6440d38,1
de6f2ef2a30023e0fe3e18a7a1dcf2f206c8f987,0
24e3f7abe7487e9d24c418b322fc902df9eb22b3,1
be48792e9c060a5f83c071dc845871a296ba6b66,4
1864b282c53489810be57c58ce35d11be1e6660a,7
e3c831850415f931ef97a9ca1709862a7a8ee729,22
5aee8d892c5d2f531e3f306c202f892a78e2c3b5,0
2327764980428143636be65340a250667fda4bcf,25
dea00bbcf1c5aac26e8963bb88ff2768aff7027d,1
1614c9d207caa23401b2e27e7a6cbc3488136a1e,0
00662b86351b6d9db240f4056f848bd6b9a9b293,5
cad792e7025380185691420a751bc3535cf3f0ed,2
b23d2554913705a503f4edc66bfd4b4f858185b2,1
cc57d461587d35fdc9cc2412dd87c96255990af5,1
0269347682cf6f21da6de13a4524b5cea3c87bcf,0
e92e2b2446729b1eb3e208d407acb2e8e2e22424,0
28a039c0e1fea8a5e0c429f12d6d14c772c2b50f,0
176aeafc19cfd745ff49ba8b24b8ddf2267bf047,1
d4485006436378d0f0ab2a8b084bb38100f91d8b,1
2185973e393ff35cd02b953b866cf1bf4711aa4a,0
236853df22f6bd8b48baaf60fb0b2f0b3580ca6a,1
3b6a43f7ad9cde49fdd396a306c2042cc2999033,0
0115e495fe950687f4cfbb07d5da1b123596041d,1
2495ab7af2d559cd51123e8444bb09fa32027fad,20
d6c36f5bb929eb4d5c95aa5f5b2ff4c87a7a314f,1
0c79553fc5a89af7606ba454223c92c5564785c6,1
adbf1f7dcaa29c77e9a13d5aaca4ce56f756b9df,1
63efc105995cab74164595cf76c6c0cbc535d2b9,0
12167bc8f35d231a726801890a097de7094470f7,1
1ee0fdcad7246933a981a4794b1cd14cec6e97d5,0
c8c1a28f6fa5da6eda8ae8011d1f0c1eed898021,1
b0be2e41ff40ffaa45efd063077e1de478729fd7,0
c3a105186dacdfbd84d5e4c0e75d10643debac6d,1
ee5b8d6dc8b337817236ea3db8100239e2698bf4,1
66744a6076cea0a6b47533d2c02b5565d96a2ba5,0
955d14acb090366f7733425c1ab2c9c6b068f50e,1
ab3f966f5fabb1fb3d2c90d7df8dc670fe835d53,20
8b44413498ed3a5ad9163aa6b8bf1ecd981c636c,0
f418e82b15e659d212c489d4dba09e5cf3e2b8bc,1
f9bea7968f79c474434e6205e5f4a1bf7c6dee1d,5
9c108aea18ef7deeb6fef11dc52c0748e30b4d81,0
c20b4098bebf19db8171530a89eeeffcf69043fa,1
fa6bf1269784f64cff5cb22c62e141b5da0660df,0
3a107e280df7d44282e59ca69f011aab146b1b7d,1
85e307dcd8fb889e08c56130a3513d4abd466336,2
ff3a8ca0d1431c8bc6d9bc1e41e34822aae725e4,2
04a1fac029d0469faa34ae0d6acdcdfc9a65553d,1
24f6612551c12cd857721f6a96be9dacfa73c55c,1
b4444e91aea67cc4022eb315991473ee559cdad1,1
dbe414ef0352ebd3abfe5156580a67195f3d7a6e,1
af26d227413d574df18e7fead29a4c6c86b970c0,1
81397d7a9a00166bb1f04bd210123ebdda67332d,1
c7f1f0dae6eba78542e7f031e2c431d8e0eb0772,3
d567b426d57eb39851a0045105c1bed8f1517dca,0
43df9ace4ee08ee6834d026ee73b1c3c128cc70b,0
8a4c51f313a3a3dab9b73d019e8c578f0c52b281,0
23f05f8be77cee2e2849f6e94b10387714407225,1
8dc7807d85a2b2a40ba85c496cbd140e17f848ee,1
1cf878fdb161475a08d0657727685449a3c02ad1,1
75dbb71dd7c86be66cbccf1ce9422b35827251f4,3
c7f22f688fa45298d8c24f9d480e2d8738b64591,1
3c3fe1a1bac927583d7a75cd6339b7591d92951f,0
f3720f4e816061d74710973efb032e2cdb6a94ae,2
8cebd2a7dbc5746ea162863ba06b2bb5ef8860f3,1
accabf088ac025bfbc31a3b28162a4a5b5693d8f,2
396434a44530109190be95b6e17f5b7ce1976fcc,1
8e787304c901e7e3b8ceaf756247207086d66f03,1
07bfc45df895b60e210d6539f52aade8ac9457d8,1
1a2310c4943d4d15ce3052db24eb9e146492c7e9,4
1226ae1912c01849b56c4c92565af67e019e4d89,1
50ee74908254b486536a90d720711a5148722822,5
47ad97c35e2b546c7ca74ac356fb4b74893f4ae2,0
d095c7933b7f351871fc69f065804662989ae674,0
bff6bbdb1223f37fca3d48a8581ca6a8a6bf1d97,1
97115d56f9aa2291ea8c968b9934b42e58232cc6,2
67ab54185b17596d8fc03de403093ef0eecba7cc,3
dfcdbb437bc07d09761d152cfbb24a18b87b7f3d,1
c34dbfb2488022d72bcedd76f9006372ff039b1a,0
1e00f5a4bd70334170b5889bb7666f7c6686d588,0
9a23f73765d7b81c800c16f9db603e3e1e5c4d4d,1
c07cc9e3f1d8037ec7d5379d8edc7c8261aa08e2,1
c4c53856a48d5eb0963fd87f73df1ae0d8a706d7,0
2e3110539bbfbc71db2317d18dbac1bfc875c43b,0
4ec7ed554d3d8634980ccf2fd900b322b4c9b508,0
d5a5042d23d4c56eee3b78feaaffc6c4b1414fe8,2
9cbedab91b5c11104726cd610fe222149b72e556,3
ad38d91692fa7c1f17bf7a5cca8cf53011d5f22c,1
95275eb9b3509c7ccb91ac6e5ef4cf64ed5364d2,5
3f94b15cef2ffee007a77be5fb278520a538d242,1
d439fb95f75539b979898d8dc1d3deb116e135e4,1
b6aa89489361293cf0dc4bcb7ae17e9e3788011a,24
ada935de87da0ddde7cdbb6db1a0d65cec6e19c6,2
4b056d818427ccb59019e8377811dd7f96a0a47b,1
9dfd02991186d7b18570e7d4f083a7bf5b2b4269,1
8b1d90e2814c0cbf3b4583a55c8e597b51e8d762,2
bfd3b3c60414e9bf388b4859762a1b8dfcf763eb,0
208d7206146b471e795c201c1fabaea777dee138,0
b5d9639dd0a415b5c499ee8457015609afbf89c9,0
f0d673561fa2e555b5de3a285cb0830f0b5df7c8,1
24bcea6c026a8e3c8f7bbe71a6ccf39d9adc0274,0
1ba1ec0db932fcefcf734617985d4b0d4eb28ea7,1
7ad33422e3efc47ff418a54a406ed9badcc91a5f,1
1c716034eccd280c2cf24e3356161a751286c567,1
2aa12d78dc721028542371bef7c204da1d3db3f2,1
3fcf91580872bf0c7a415a8ff539e5f0cf01a244,1
14f824c3de7ea3c614b6a82720dc9a05ed2a00fb,0
1097a50694fc4d2952878786433868fa010ef428,0
fed6cfc5f533417517a7f31a0314fdcc42babe23,0
c397b9d60a07c1fbb968ed44af822e47439df013,2
aa99bd8d134deb0d0fc2519f409fdeb731d35a1e,0
70e287ca8cfb47d6a1b3b314a352cddc28f6ed60,2
f0aed9dac7ee7fc3421891f9b24f92679c769bb4,1
e50992694f82dc566505a915b6b6a9f0d5e14f16,1
483082387cbb40561aeb6ad566d2aa247318f817,0
8b967a9ff03c653a434f1257efc668a10c93c263,0
523c7eaa6c012668238bdafcdbf1d631088541d5,1
ca48a49fdbd5f2bb575cd4fa860895eb069d81fa,0
f0744fc815b7886acfd8af57c7087ec79f83b8ad,0
88b7f6eb46d4a3df1f199f4b1100d5a63f82adf1,1
3544c3632f50b5e8ed1f3df6b156730ac4263d5a,0
8323d78ed76d41615bd88668ac9a1ccc5598eb7a,1
e151f952a31a09a909ce21784cb431500ec4d5bd,1
cfb47929ca0a9287198496d623b9dc48e52e394e,0
dca50737f5f2b8af8482376349dbabf140506131,1
0bd66807b23500ce1cc18789bf02cb8922568048,2
d35dc407a85a25c0fd14cc62f55e70c21af3e73f,3
c2b51af3ba7240be0137abd57ac6aabcd601d8d9,3
0d3fc7dd890105fe6dfd299bb2479ebede52970d,0
f888597197c2b331d0ab4bbf20031b3460363c12,1
ad64723354089e9a900f49319972962cd2236f97,3
5f5a55a0de6d2fc33d6935a3b765c43dbb78f15c,6
00097256375145a04efb67f8ececa471d4105ae1,1
627f9d5285ec6cae8c5dda0ccd904e92acd8cd9e,0
0908329d96ceb451f84cea59aeac615dbb4c69ed,0
14e60f0d3b454bf63416869d94f9b5dee6b09941,22
1165e83263de5349cf1ce15e8cd66ad5cb78d3c6,1
dbfabb4c0a33f10f1e6aac6a4aababe87ff1e7a0,0
b19bba275f08c85d0cede7e097d161522b4518a9,1
b9109b2875402f3583fb93c4b259bb976e055e8c,18
9818d975878c9db14e3c0338fdab11fbeafb9513,1
599649e45d997099cc19a10e53a31bd044e977a1,1
be7d245effd5eb8561afe3078c2a008ee7baec50,0
7c0e52256de7ad0346c7239e74ea5ef00b0c9817,0
2783dcb4cc3cc40410f8bf0bfeb23d8c6534476a,1
4f5a8c05d569d445c4d2158270a20a4a604a5cb6,1
083d41a2c29b218f5f0e19073fc26134ffaa3466,1
4f6bfabaad76b5b5ca8fdfc38e1f2d8b05a40e86,22
2bfedb74d591fab52a47bb63f863a29771a9c92b,1
8ddd039e683ef6a1dceab19562c3c34c976b111e,0
1e1edeadd394d72772e4d0b04999128d15d28768,1
dc2cb8454c836d083a120ba6f029cae6ca8d1f1f,1
6ae5cf17a94c920484048870845d53ad6723e06d,0
f257c4bcaebe686108c6f6a454f1a695269d2987,0
b80cc0cbb5957f2b29db514609adfbd251eeba0a,2
385bd8a4a31837fb463d738acbd4fa5678fd1103,2
ca7275a67a429d557d369041c7643128d4a032c4,1
0921c7da84784fc9444b96be1885dac5588d9469,0
4d89652bc217276c4d5d61e672eef78790dfacd5,1
1092319b19d2095841e19182dc1476aa95e83ace,1
37643fef6363e2d34b541854f0f4b64c2d0cf5a5,0
8e1cc9332a77fc7c5f00832426da12bea24e446d,2
d41f2bdbd88662bb7f29e64e89da89bb8aca1519,0
d2da14459f440cdcde97f747d61b2fa47d84ad73,0
e7cf566fc522e079470762eae3eff541e3a9a4ff,1
a10e81dc2a86367b079b1b0ee95a6190acd372ba,1
029824bc495f267ce34c8119b3742f55ee2708bc,1
5ce5a9c8228ca33d3b7b8d0408514a83909bd8fd,1
d963020532b6c11376743d4ef792fe0fb50c4ac7,6
e17f9b8b99c3a460eee99186aef1ea87203dadea,3
2cb5df8a563ce0aa126929e9b6cb67caafac425f,0
b6221df3f3e00b76afbfdbec9539c07fd5064470,0
a07033a6c15d0104521862c2709341cdf7e91952,0
f8199b2cc15dbc30ee9a8e857a25116447ca60bf,0
f41c60d4a403ce9b41b163bb99ab554f812d75ce,49
00456b0cb32dfc397107ea7346beb2c0fde7b788,2
cfb5c24bc95be2c29e2428f19a9cebbc4d94e24a,1
149b8d9e4bccd55a62b3291b52fb4c8a780cd23d,1
f4ec265363943cf3377a02ba599ff9f05ab47f4f,1
4ec2d459e66b15e058ada2f8e23c39422eae7d26,1
1e551c0688a2ae3cec86e4737175bd7ef87be053,24
4037df82b049d2fc15687c39dfe669802e365943,0
e4e290d957e4b34acec6906bb7a60763102a4472,1
847429eff4b3d9e8343ddccc88ab61f06c059449,1
a4a7ca10ca3802d1e68f92d410fc9793af184d8a,2
c5cac486f5bd19840c301964d5d5ff5edc9a6613,5
bbeaca5839540429deed9c4560f201e806969773,0
f8c2473a71c50728d6c12e8fe8bf0f426c4efb94,6
48761f2021db59e7b1b5c6db615b9f3c34551c64,7
28d41b48e3d8625e997f3ad99d92a4bfccf9b9c8,2
ff6b23cb0fc370e89d948e78e50e2f16e54d6b0f,1
e4d2662d819052ec417d332eba411aa948575414,1
3752d9aca8f72ac397623669405ee739bfb7c53c,2
a448cedbc57c9ea68c3f264115a8e83d694b0c2c,2
b27080c1dd05ccc000269f8567ee2b5e1a7c610e,2
0780146034b02c77a0950d354c1614750510a1ba,1
fc93796e42d0e424398d2a84d39a84bf88de0849,0
9c0404eae4d3729f86487fbd31cfb7a7c087c012,2
a1b50f110296636613b68d6fcd9df2a86f42703e,4
13c9dcc6001d8dd0f1f3a29d4760a447056efa3c,6
00261cbfcb42aa9e39995940d16e0f3a505a7fa7,0
ee01def16dd5f45f98713cc0d7f9a8b97fc479ee,0
a0df34fd4c8d4a9332b0ddf526f44722aae539b0,18
e21bab5243ec529e8fc1c22b17fbd35848290839,2
3c97fa6e29de6effb3ee8ed91cefbfc682cd4a7f,0
48e63c47300107c9a102f2b3055a9bb5fa252b93,1
9a6c66602f43288195ce3e9a19555c6c667854d1,1
cd77eb5c402b3c498138278b93e6023818f528cf,1
53a0856f5c6b8639edc0db5675ec014fbd25fddd,1
f8df88f27120f3a20cf775e0f8051dc6e0702119,1
30fee51e86cfdc2d1c96f5a42c40c188bc4ac892,0
357854a7efe2683a201f1344746426c8018861c6,1
48cf19151a628edc24ee608f124ac9f73a724abd,1
c63cb45268aed3ab50797c0e5510adf3324e1df3,1
e6164d254d4808f86fc5fcabff7606faf4c43723,2
47bd142b2947b737154bd3c49653acef4c8fc052,1
bd8520e61d82d764179af6494837b6e6efaa2dc0,26
0c0deb5194e37f1afae6ea0fc7866e9ab4bb0e6e,1
49d77720d5fe462ec92810501e6868e568747a8c,1
9dd56e61bd631f38a00813f4f5839ea055cdb716,0
46839c222a66a622c34e399b8f4c20e03e41c5a2,1
8910bb7c97688263338b72a57486b69cdff31303,2
de7e798e6fb5f448f039561e2a4f86cc4e657feb,2
0e83f34174d639fc57f8f4dc9231d557e169696d,1
cc02f6edf8f12982de7cd909a4f100daaede8590,0
ca26011e3c99b6d5fc0b0b7742205f743394051b,0
9485aa8f13ec177a6c4630ad197235abdd622c30,1
5c1eb595e6572f6eb739c16269fa4aaf27233524,1
f09ae96f2877f250c34108f23d15658581dc9d6d,1
7b37539fe72a07daa450853c98cf57cdfb84fb52,1
d5f598cd82be69b8c1b8f084a0206db48a7363c2,1
c592ccb6f5f295e9e9b03e417f0041d7a6cf0e8d,1
d80a79eb77865dd4d32a975d35d44b536f3a3208,1
02fe9cf5585c2491a7518274f375730e9721dc4e,2
5f5d87cad364b54e3c506534f02249e21246a98b,22
6abfc96165efae21e65f3f195a1a90c0b54c34b0,0
761593b74b667bb57af296c0c870f727fdb6d624,2
d19cfcfc1d942f89408e960ecc5d4a02d32cf834,54
911f7e436cd080bf11f0eccc898c6634456c1407,0
e7dc174f30366570c07677ccf653dd04e2b3c6a3,3
473f4a17a82dd4f71bf494217c9995b6a3f2e34b,0
bad8899ebc5c279da64338574e6c0521559d1480,0
73ce3a61c733bc72110e2e4220d9362eab79ef52,1
0d538f3db67c5615577811b80d63cf49768ec342,17
919fe3e4b87f5da3ef44106e16b5355f64326f37,5
a2864ab7fe766372783d64b35f13ef984ab660c1,6
2911aa7ffa4ef4e2b93235e534856955dc821437,5
74d048e77e1699c6e7282472bc6bb59e2e32c05e,0
4afa293289cb9c35384850873888305266bd2342,1
ed7d2694fcceae03629d37097976232fa1d66d76,1
638b809d9077c905be1cc80b159fafe2f3c04a11,0
3bbdd48a4d5a94a8cfc86b792d51f5f8aa253719,0
dac7a7505478fdadd8b30ed29033bcd2b040b576,0
fffc9fefa8f732c00f1bb665ed0aef51434117af,21
587cb6c283ceecf0d9eec7d5ca7837a16d42e1fb,1
d234bc160ec195589a419f271997c04d629ebb20,1
2d2c9bdf92d840fd5ed474d0107257f18453c50b,23
c8c57e59fc4653a0aa377ba22f16b98eaa0f68ac,1
81b8c9f8ec2f6d94433e5b5640c29fc8ed3f7ace,1
56cf674150ac0cde5c3346612c35cd5538579217,1
06790977c4dc8fc2e1e43cdc9d83b903c6780777,1
e8f2604a6f13213858148164f5fc5f8b4993f974,1
d06661051434937660d274cd32863dfaadd4f763,2
850e38d01389789a433f8c652a1c1cb1a6318f8d,1
510ef5d14a901675282d91b72ef5c988e4927e74,1
ecf7cdde655160c9ac8a60377f7e3e5550a16550,5
2febd8ec82fb65d3e3a0a0fc669b445895cddba7,1
b331077c32c6126732486a7d5ff56751df3ace91,1
0d9efb24f396706615077c02971730732793eac1,1
3b3d282f8e80f1539b5aab82031e0213fb03c123,1
850259bb254e934bcc7add7f90e2f95812823cf8,1
92c03a44a90706658fb6128e224f02fd7a9de257,40
50e5ee4de44d7fbf011334e2c31e9fe8b87b4e91,1
1a2f1d49749a8c0800d01ab846bf4c972432bd16,1
a765c98850a112a9e3c2c6ab48a3f859f7a1ca34,1
8b46eb376695d6f5ebca7f164b494efccf9d4288,1
5100bdac8198ffd25e0b240cfeffb8b8494831e0,1
a3e91ec65e5616022c81ce039f0648cde5c2111b,1
1fceda4fb09c7fbe5356a727770fca8bbc70ddcb,1
e0e016607503f168f3c84e2d761d9ad49b5d7610,1
f4b9052529559326a06d7715e2d55bb4ba623286,0
18e40de39c55685e293b90ee1d3ae1eefc3fe482,1
ea0dbee3c93fa221b8c7d3b6c566d635eae2afd2,34
9cebbabd05ae296f2ef182d65f152a97517180f7,0
fd642331823fa334f435d51f0bfa8a579489994c,0
5fff8d148bd50bf2791ee809932dfad6d2a480b1,4
570676d265dece9b3497b9e79c12a620292b22b7,1
cb4829233822897cf564f9e40e69e0e0310fae1f,5
07703d2bd614acd7927d4f76975b9abc14426574,5
203e519bf4d17b1fa419d848532bf81033da5ef2,1
ba43277429c9b807c636d7155e7017708c4823d1,9
ad691022d78ba9fe2f58f1520683c117e81372cc,1
fba0b67f7d58beab9a5965da0c2af6fc678131da,11
9d86c07702a168ea1e9b41346f49c0dc043b1e96,1
ab84ed22cac2ad82d027a06f4a8fcf9d5c70ff8d,1
c2f13be7507b8c86317c8f0b89a8ae61956fa0a8,4
041d127cd3616d0a7d83824c448d764b6d87748e,1
eb4fa8adf8dd1d6b29388a08abaec2d706510f26,0
16461900c2ac51af535d57105a892149baaf8250,1
1583d37edd2322449e7ffa02ed352f875ef11536,1
076f3a82849c9e0c5b87c2e5755c67d72c4d4af7,2
8935bed594ecad617b94d94826e1d29e788e5c35,1
6cf0952bf9a5842e88ad99ee290ed3a5c8bf1323,0
8061f1fac929817c0ea26ef5c2a5d3106ca4f32f,0
7bdc58a8183742782c9c37d00bf595d7d1d52e64,1
9ecea6f4459d6439a7c6718dbf4279cef5977ae7,0
eabff30e75429fe1db715c46c123fde678e689e6,3
3ed8f8331c9db9433bb862dcb366e0c30ecb4603,2
da1644313d38f02fc90e2bb0fc01a4511cdbda29,0
903b8bb60c64c8827f7e38736d0aa436ad83608e,1
ee60225c07a7404d199373bdc4cc5b8fb8ae2b37,1
d0796fc54c6cd91d7dae62df3dd9819b643325a4,0
0951bffcc00c09f5cef4c1b8399fd8cf5adb6d2c,2
a9a21db39f288be7b8c10edb0b21f023a13e32de,1
2b4da57ea7b864a3098014ca0bc422c779163d70,1
c6dd539c84411aa4b4a7c1bd1bdb46f172dbbfde,2
8b399610fbb6497ca25e8d477c2a3d1be3434ea0,1
22ece0081e0ab4497adf1089d165ebc3b9b3cacc,3
cbc158eb62d44128372e17602f675d5772ad70c6,3
666e9443361c426becec0a1cfb83347fd2acb5ca,1
2c52e6ecf46070bdb9057ecd310d3ef63a3a518c,1
0bf1054bb246b9d9586c9fc44ab103ea539fa433,1
6ad0da661cd7f94e299b6021908359871f5396ce,1
199a7b5dd55e8db67ea482bed3476b6e174217ab,1
865ad25781d9b8f315e7b1e9f779011f3a152f26,1
85e607153b2f1fafc80b72344a378ab5ab3e3a22,1
2846531f0b0aa627530d9774fec1b347f93b05da,1
cc639d7d9cee71ffd79227f557b9b25895def91e,1
7dec8071b2698ed0a6419f0fe3c64ddf7085532c,1
c6142aa2a125c5322ef29f3fa95b1b3335534baa,2
0427f3cc3b64eaf2c2a774b00a5268e041a83150,1
6b9bf8e8fe409d59a8b52bb26230742a0c4744b5,3
be11a8a93829211630bdcf8c1cd2a8b62b530bd9,1
b211df818e2c90692c5bfa632fdea16229714cb4,1
6335acbf5cc96f50109e987d8030b26702650a88,1
1370d9a52b06f49285ea51b18934d92b40530dda,0
e8d5073a9047c0280aa80c51019606c5556f6c42,1
dbe41245f12098a4c09cb563adab81a22339b441,0
747a2257dd4b104fe53710ebaef443794ea70b6b,1
e242946ac31e3cc8555b728d3a49a3cef3b5c847,3
b800eb0fedcff79218b1e9f7c4c58a325d805563,1
fafafcf9d15d61916c12a51158bb19ac7010fdf9,1
e69d1e2879806d114b31f79f05e839c805d8a843,1
7d72ed688c50498b0a8dc227b0feb0d2b519da28,1
145d9005d149cc8668539a7774092876739f1ea7,2
2b7cc27c3714d7d172870ea1add86eb00f61a303,0
e0e10e0e45ddd621d02497db4eaf4e6891132ef9,0
31f03c838aedb796f40d6325f65c3076811111b3,1
0c951436e4cc3259f218a37ffdfce087c76ac29b,1
3913e04ac7f88ba95b3111467db95e5c5b87460b,1
8e31640229e6b147550661c76c7986714c421e35,1
fd9b8ae4d44907595dc7f55929973e290546ebfd,1
7194e4434ff0ce4177bfd49388abf3d7de702cb8,1
1c5f9821c4c844a7b6e440cdeec32a0f79f97095,1
92b4459f6c849278acfebd2538811abf5022ca7c,1
46cc2e3f6ae7ec4d3cb4675aaa23274d021eb5fa,1
435c3ed404167b3c71b31e96e7e40bf97db66c30,1
5efb12e889b6e7424839ba7dbb7bbbb72baaff5e,2
83fc5e154061ae0e17b01d1c1d2029e199f883a9,1
59d39d7655069071800573cc90595b47ffa52670,1
ad9d6870edba235ef8c69d68fc08dc769ada2276,1
8542ebcecd7b89bf203e58e5bcca0e278e80b064,1
f900f9761195c452ad4e3448d6dc0f5d5d2d35d0,1
0d43cef1de9ad35d46b047ac6980cef21c7cb723,1
e94cb7a3803c875cc1ea78249f4325b2b5f4ae29,1
890bade2fa8fd35bf9f29dfb6f6bc1dcd5173604,1
01f1028510ad28c699e66b28a7eb96ecc43d20b7,25
0e7d638a7afee51aea7c93796724e612f456eef5,25
82b0014f5eebf492310c93b551162b15c65ea077,0
51e42a2d7735f34cc3b33c0e021147cc4797fa2d,1
13523cbf29f46b9e5fc0b50668c982449304f5b3,5
5cbed13f4174f6922dd6a9f6b13ac2bd18c1120a,1
be3a8f41267d92adbce8c6574c30d8e1c5d0895a,0
ed759626fea0f151acb9d973e84bb5d15ae1fa87,1
7ae351c92fca3821052cc8d67ce35d8fee951bbe,0
ba94c89e2197aadeeadec65a5e1e5ef053dd4dd0,0
e87ad155ccf014f00b0f09863e0755b233fda386,0
954563d6033ad2ae267bc899da92572d440418e0,2
7e9576dc5b2f5149d27f6223ef28a152351c515b,2
b04ed8f9c3c4b8e9031e418095e1418733f662e0,1
8692748ecd10e194e9820fea0305de8087670ec3,1
e9ce42353edd47edeaef242d4eeccfb8e519cd7d,3
c2744d8a8bdd35a824a1017434a7b3007debdc1e,2
e05af606a8f2fb945cbb7b4fbe23f5ce635da31a,27
153e240cddffa33bc80bc9b99729c50f53b4ace8,2
ff38a3c3b1fc699a57f7c8b7a364464c4119ef08,1
9a9e9afcf81a6eb7b7515df41bc2a1b099f8b849,0
f38a33a5d8de4c58c83d1511c4b048043ba4865c,4
c4dcfa254e120724e488f516c421f888d01ec3a3,24
7d9ebda478951a9cbed3458935e5e1a99bcae5cb,1
f0beae7641fc9349f02ee89dd6bcd3ff97e54254,1
127d7964200504a3fcbeec8444285eebd9d8af8a,0
77639672d71482c7e8b6b4156b3e8e2e630fe2b6,5
9429c7db89201dafe162bbf5382a5db1b594aef6,3
5f2f991192f6655d274c6260324a1aa0080fd7d3,2
40d3e854f6c55c7a13f245def54a0a09e4c69559,1
2ebfbc4c8dc6459ff88f9f40d041a151a510eb26,0
48fe2fdc9e4d1a7bc0f0b85aba91f53ca1211431,0
e5505e3b33d32b93c1cc6c28d87658001d9b5e3d,24
2fc9ad6657d2079102dd561a89220398de62f930,1
2c2688d7ad2a4b0b17eead2052000cd534c9222e,1
b9d19b000864ba73962278a30eab4896d0d96562,1
3c0b591935ef518dc9c48f99d8654130c6cb14e8,1
18d8dd4c0f5b32695991f4c27f47b9a7c75802db,1
edfaf1c582d875c4ba37de312c8f2eaba304e370,1
d1f4c3d73bc10ef026ee893698379766198f4c46,1
0c25af30d47e17817c26c571338ae62e78e8004c,1
e7882e45e36e19594b131fd72f786208123f4cfb,1
fef959c31a7c50869d3f860f3cedc34821f14d91,0
07ac9a115216dd2600c1897bbae718628595bc06,0
661fe09ce7680d6706ac74c5dd5e2aea49572372,1
20e5140e753de339c19d303065cfcf6254af20c7,0
37258956d570c3509d71e4dac03efc888c8ed591,0
a501f430eb80351cee18a69ffd765a43fbefd09d,1
cd8b22b527e9ebec6ee3502747b0bb92cb796ad0,1
83a41c7ceba1ffb249aec44d8a987607df630bf0,4
d41eeb62af4bfff0094a6c293761dfbfc3bf0f75,0
502150046c9474369f4a7e9d791ed4803b983576,0
a1812b55f6be769c72b36ed5a6529db43fb4eed5,24
d4599fd8ede3547f5d8b13f094e856c09d20b2ed,22
723e9830739784b0cd9b17a0bfd863f7b430615b,22
b08bd84f8e4f07d169a84e818c27fef8c3dbe31d,0
939bf1057cc6c1f69f0073a995d1ad5e3224b99a,0
7b8bfa43587b400b1782e6322075920375f6d6d6,1
829c8592f24fbcb326ca4d1571269a8a59fa32a8,1
e0aee203273631be416a196c12ec5623148d68a4,1
88d3fc0bcfc0309ebe4d2c4756d159a5d676e94b,1
4277221abbebab07ac61175a7a1fb33531ed1b21,1
b8ecbe911624d7a02b10434471ac44eb093ee818,1
60f757077e6da97797a5498129ccd022155c9795,1
4ca837b6cfed1ab127d588c5e4dddc568073a026,0
ff2b2d59390cf0c65247d35f19c04807b3341c87,1
2b11c3274c1ee6fbc625bc2ea451bcc5164f38c5,1
54e6d123822d725cf3c697f0d84339b9f174cce9,1
57564ae5763387e59cfe178d60b547c6e3462d16,1
e40646de428981f348173b4ec5a263a425f08a9c,0
2fce21757615b699320704bdbe866f382b1bd311,0
29f224594cdaee8ac2a0df5cbfce946fb9678482,1
5ecc7d9f25fddd8d1774d383725fe326d9f7d8b0,1
94d5cf872160cc77cb597fad7cba1d57a7f0f896,0
9b0931ef74f297897d59f32bcdc01af4902bb0f7,19
b1a60e8954c12174970d66fa42bf282b8464322e,1
61284cbd8c87795605ee2d9fff5fd9d703b2582c,1
788a16fc46214a7e08d841ce25c11d83a3b4d532,2
0e38bea79dd89c084783590cb9df2c153ce0907c,1
4f75ce695786ae3494c1ee1d1799f0c4566334d2,2
41d8149bce6a9cc1da658a7a12feb40e0375374a,1
40785ce8ac45d55552531bfb8d56964bfe54e8c5,1
3236762e07f9eb7c8a6f384fea26348ceb4365c6,1
a9ed23225ff5d524297b064e04b6638ad2bb1669,1
82be65065c65917957c4d2452fb39f54ffcde405,1
d65f5d816f85f5f4cfb286ea5e874bbc0450173b,2
e529c6407e59e1ae0bea6ef830baee833c6b3fd5,1
c109399bf6363741906a556092a72307638a7ce6,2
d4f21af6b3aa1003da78bd30b8b37d162b3025ef,1
acd1b6e9c043086e16eacd0b178439d17f808cf2,2
c5fa70809b836d3dff4c3ad100eef171c2bfb8c0,3
786d1afb72f6374bdef5fd8fcc591d7a0df22499,1
b4034915f8f6ff4c7eeeacf9f9876ec12f77d34c,2
c84b14c77a5c1ae277a28e1dc0bd84094efc42ec,1
f9a192c7e340286093c891092f3f5986e5c1f36d,1
8ff338c2b99e2f880cfa60031e48545f59631d77,1
74d7f5e57b0f2561f6ff7f768afd9efff1b4c4a5,3
6ab54c60b151aa52492bfec1a797a5475fb9027e,8
21514568fd455f7e61a87c114519495e4483f84a,1
413b61e64aed70f0fd7afaee7e1018c0ff7a7a43,1
0ea7ed6db6a388cb297044be216ae6b5aff8f49c,0
a6f6ed352b24d1ab548ffc8c1438d1f7e51a36ab,22
48e14d049acef5efe3f31efac7d14a584afe445f,0
416821a71c52b89efe6ffdfd8e8150858772b042,0
9248cfb0ad7a26ef44bb92a01bc7fe7bf749c4be,4
2e8fd70fb1c5399a5eb20cbb2bc7f6d9fcd4d771,0
6ac9d895ca5006d7fb33b071b9995f70fcbc5ae1,4
68ba45572e2c189abf4b8f06c9719d5aa1f47940,1
2bfc6fe1b06b341e80bd0da85e2cccee484c21f8,1
12b94e419f5478267ebdbc70ae9394119f22f883,1
29c4f67a29939009dcad13610bfcc791cb1b81d1,1
8a8d6e00b71bae5d3d0dc25c7a9c35f9d5497d9f,0
494d5770b8e67c09c41b9006cb9512cc4840754a,1
6f71bd73726d4b8b292487fa0c4091882cd970cf,0
9bf78ef46567b2aed71ca7575fe6a81b50cb7f95,2
42b56163273e6210e3219f8d8cd839b7e5bd9752,1
cbe9ab902c892d576a7e73f64587f85ff55f8c6e,0
f20b2b21eb0434f3812952f6979ed6fac15e0a9f,2
3b2f7ba22544bafb7e0e437ed06bfd66e29dc7aa,0
dad94d2feff0572e8939bd60a0564c723f7efcb8,0
445d8215e456d68239062f1a61a60c426a59f868,1
d07a913f211545f086bc1cb1e166dd53b0aab789,1
aaef7c6b89255f9440b9b0b21636766c79479437,22
ad659b5f91fded9b0b8d93e7f94c590d16f2ae1b,0
c6859a1e54ce7957a234df86ff49039085f3eecb,1
9f706a9635ff4b87593c2f0fec2bd6a680fa6c21,1
c3caa426303c61c37eaabd4dfa66601b1a9cf2c1,0
3ff657e7290941d933e1b017788f94b97c55fd84,0
426f66258692a0cdfcab545eb48fbd57bba20bac,1
8c7ee4599e01be99cef45e4a900bfd8e74c75219,1
9725bcd0995ce37454016e6d1f762025b183c5e5,1
4ec3d1ea587d70745c6ab159f54822697405f418,1
d9bcc7bb4518d88c3e04770fdc30792cd88e9de1,1
08f717e5f7f2798bc8701018170a776d5d10b3aa,2
d554c1dda81bdccd4b49ea4dc0462268e3f28c46,2
b2e5ec85d7f707494b8a281e0d13b3502e75adb0,1
7e20448a2dc4e4b176fa5454f470015dd5d815cb,2
0e4107da344812562468400f708a938c54e3fa07,1
f1201e11c7b365054ee367a1c434925b4f7b3ec0,22
3f038bef00f5b8f6f59741224c425f5ecb3a4896,22
fd2269f489bc2e2e1c71201e23dade7cf5e151e8,1
6eaf4f4909e82c35e03f1ea3929cd6fd9bbcb8f0,1
1e6d1c39ea02b37acabde982fbef2e274fe7e0b6,1
0729a8f08d1ff17459e97d02db9ed4e08c297cc3,1
dd94d0b9d506bee425552c9dd826458aa74e917e,1
35a0c46f16d37931857a0ab024fa304c246474eb,1
a82a89bc58eb21d75bf8fd083fb600cd63494694,0
73c5c312c9c0cdbad23e3e2e565019954b3bd3af,0
a2572d2854f16bd8a6d41722bd8de18dd54563d4,2
759234af60c5770fe56ff35c9b3c3a45f2cd1ec7,19
2cb63f0bf7ca7b8d1af2070a8c127c7a9663824c,0
8241cf990177d942918f2396d3e9c9aef9945212,0
7e893f4309e258a7f178864e6cacccb1fa0e5ae3,0
73d86098b7e5a79212c1f12479a083b496b18855,1
338bc768b15664843bbcbc544f901d0658a3428f,0
fae92e3f3cfc2a2e0c78ca762ad10e02fc00b1c0,0
a485a1905290209beb851876a2d068563384bcd0,1
e9bfca58700e832d8356146bf9de34d4b9cf243d,1
a255945f29406890e5c17b652127f75cbe885605,1
a28e15399f3e4c4746516653b8852cea30d206a2,1
2b226bc5c2d1edf8de854e132fd8c8b7e5cf266a,2
d641344d3a1aa5fb895adbb2e04a34c8fe6413be,1
fb19a3cdec266baaf9903a969281ef16c19f5d2b,0
00638131e5e160e57b67d63d7deb0862ace9a573,1
8e9ac72191b56374d5753737704bc11cd206f17f,0
991a34aff271dae57b5cd789bd49447961e91508,1
3b93b79f5cf4664cde07c49cd7f58a68b63bff6f,0
00cdb15cec062d1596fc05e2ef74424ea949f830,2
d2ae5b00d97bde1fdf613a62db734dbec7a1c7ab,1
0c892357a7103ad962cc1aaa1323483fb610aa72,0
e78274a7f462ac596d2d618e319da4a5908e16a5,30
11e9530111593a96da07cde5fd912c3ac7a13cfa,3
1968983f3555a1341796412e9ab2ea062eed2649,2
2fae32f35f468bd20a7b48e057f39f3dfdb6c31a,1
2c3de5ee467c5931d17d36570a76cd9a88e76793,0
37ac540a269ccfb5e75eaa723421b1c6f76def94,1
1749a7fae3d73be2e22810b67373e4f31068a22b,2
d07d85ac9f95e469607e14e64383eafd9d383bf3,1
13e337ac4b3bb239296a7c4f5df2cfabb88d1203,0
7e36b76af2b31ef1a37a004abe09e35d983c2ab4,1
6b274e563da632203ee41ee952565ea73f1ece2f,0
1e65f1a1d80328633c7c080489c6efa7f1d34392,1
d8f4f263e04408e3426b48ba107cdb62f727a658,0
ab5928007558a2ef5dc62e0fcc7852569393935a,20
27b80b1dd174a0c1062c67d3a5a3d9b29473942f,0
f9e3347d6f2a5caf313538c19b1d8b8593e26384,0
14a03727e14c14fcd8df14766577aaf3034dd0d4,1
2f223b8c79ffcc983fabc98ad17e9db754cb2590,6
4cd1ad8f286566005fd6b46a7f55f8de3c21f994,1
e354cf5884fb6fc146729d6a5ce47fbb213c6263,1
280534c06fae73b280379fba3c39ca7fd2705edd,4
01d4703429dcb1314faa8e6b19d4d21f07e94f4d,28
a1f6cf1e5dd97cc9b2947b8a3a9ff0e4629712d0,0
1a255afa36a726104dbaa5f9a0f48d2ebed62a11,0
374f8d201456d7ce02327a451a970f1ef180f183,20
76c3f326ff357a25c654e127149446e4cf05ae91,1
71319adbb83211014d45b0bc548297e03d02c797,3
305913545ea280d3eff30f012b1732edb45a5d9f,6
394c80c87bf1a5764b02bfbf70e81f8abf6b1c1b,0
b15f8ca6419867c47cc81c0a9b812a457f4201f1,0
28d1e5a946f1a69378802fc99bad5bfeaa460c3c,1
14395a1a96bff1ec519b6943acd901419aad975d,2
4d4c00d69cf012731bf15791046c07d907d89cb7,0
f3a54316e658faa43cbf5af44f257e4e0f2270c0,0
8fae3e1f9ff6c4b88ab7dae29f3c10787336743b,1
12d72363cb58d3afed33bb33d690c6aa6c4bc015,1
044f800be997ef2ddd1aa279d843562874613889,1
d309a9647d4b7ffb09add4ec486fe23c1682938e,1
35a08eeaeb230aba09c97947a56975f959ce0926,1
99b22d5785deec25eb7b876dadec9c91c7767e72,17
9b1f3f7d120f04475a033a4a63cbc49f613b0b4c,1
733453569ba14affe49070a9d41a20b42cce2e53,0
55355a4fb897537af511a75878c8b2005685ee82,1
1f776f60342b29b7d72a6f5b4f62ac304331684a,1
748228cf402a29a91526fa3033581e4f31a648a2,1
ead333e7dac5997d2f6f4b129964940018ff1161,1
7a4ccd7967e2fe0fb875b940d328d68df6f1f251,1
a1bad589c956374821bf1fffe08ceade46889b3a,1
41b5c48129affe05f438d1814acf2d5371fdc09e,3
628dcbc76403721a346d3ee56fcaa429b9f1a827,5
6970c24ee659594ab27026b6267f22b183ddcae8,0
d222ee4de2c30ce6a675ffb929b2669f1ce009ad,1
464d5944508cc5b46df16904990306b3e1807701,0
d63b8e2b2bc553a27b6903018dd7dcbc17d2f8dc,22
7427290d3a10ce36655adc1c88c4a576eda1b678,0
aa30550b2130751dfb6e04a0cb6cb6b7312c8f96,25
cec61c350d732291431d2f860f822b6579d347f4,2
165d7abb1b854becddacc18187cdc05ad76ed95c,0
0e6b41a34acdcf49c1e8d4c2b59768988312a07d,0
507784b84631c58f091bda9dd77e0412147a13be,1
bd928a69ec2ecafeef8e234ba19cde12edf70db9,3
7b7f319ed5cd246fc4880e876a8ebbf222b06328,1
132322e4d94cf776ea3d42af68406bf7b012120a,1
dcd26b0403485b844496b9b1e6767e56507d22b2,0
79ba983782ab30fc9a2602efd43289bda7e9dfb2,1
27570c08bae2017ebdec25bf7a514d102c9fb136,0
3a0a94b21ad9d6a00c936077a9436992a9b6e268,1
c63003ed3e7f9abb8241efe92716009a3296ee28,1
3475fd7b0fc1da787368c2a40b58815180fdd637,1
abf9696db119d906d78973e4fdb833db96bb8979,1
e88575c8ec6a740b0e3bde7f0ba3b132e3f51cbb,1
7272ec5608441c13c457663eb6d4c114c77e4ffa,1
7b21811a9a3f3f411c438bf1bc7093c0f61376eb,1
97e0aed3045d285ba6e5dbb0481daf68345d418b,3
38fa1b1939dfe60ec0129b4992ecea38495be758,0
d7edc039af56993e2bcb2e065975213aec6c2141,0
7147c86e9f10d78419dc0e2e25002121be4f9855,0
923388e0c7f8f225a85647cd46a140db37c5a3d0,1
405afec393dd676cd937e5b0702b20b41289f951,1
fef0e8ba869e648ceba1196e39d42066095705c5,0
192ac2dfd759da68c8333559de8568b8f0416aba,2
61932b859efb472f7075c390b12a7b41c6e17230,2
9e5d5a3b7c886710a10d6e0d391e4a30d28a41e2,0
f999292eea27f411457eb9c6e3e64f43bf638876,1
11027a56b640da54c9448e8c6ad3b35c7037fc85,0
67f119d18b8e9f2163802afad2b75652a4fd7d4f,2
2d3db5b5bdaeee39befacc5d6dead641b6b6b777,1
d29a64d4b3ece38a57a6f063199ee39d253e416c,0
d6a7ca6553da8f39e1d1ad74fe56f077fcb7d0ae,0
64f15ac45193a159061ef37b4fbe1407770d2863,0
d3b432adca5bf9a5a88a43a46d0f9e3636d76d77,27
1a558ef486d8c3a691a7bcddfd5cbd16da3a5cff,1
802818f7ab97e6d2d36c690edbf3fa20063cad9f,1
52560e257f08085814148b78c77321e71193e7ca,0
432e9a1f5017cead7d52ae0eb8e8bd51a912b78f,1
cd496dd9bdb6c738feebc0cb2dcfaafec2c85f8d,2
dd75fca4d918df43b7f3bad530f6ed72e4839948,2
30afac64c4fca381da84bf287854bc19b1df4da2,0
e3efb04295e6bb526154064e842d3eaddb9ddb91,1
a99ecf71d8d33e48a9e901fbf030e52f5dbad159,21
b63d70b1867c7e4478aaffe254074709f2854842,4
a36a168af2bcceccd9b6b17d07ad7196688b81f9,1
58c8e6cef2cbda97e39ba0979edc82df85d26975,1
01f1f779a54cd981c366ef24cd710f108a628084,1
fa2467a834a3fe759ab315c632da41bcd45b53f5,0
1c7bd17e601f446c0c5497678a71c2e86316bb4a,1
bd8ea21abe932a67fc526a46fb696415be10111f,0
880cdb553b74a0d142236c5c0e03e29cb93ecab3,2
f4ac8c15e324ec41a27f6ff6e78c7a3b3be5b824,0
b7b5b50a84714780857c1dc3c85a7e7bcfc9732c,1
d3ba878f703dd3e97186c6ebd1bb73bda50d404c,1
3e8f9ecd1c5845f40a9c7ccc16bea92e70cc1c11,2
1f15f0df5f0bdaa789cc0a6f637a45318c0b960c,0
b772172c84711b16029325aa54d3c6e9f563c15a,0
8100a4dace69b6029846b437ecb370bead8486f1,1
45f67164b6914af18423a5c1d6c27c12e9972fc7,1
30b1c731b5c35f1db76cbb381e599326c6e74f7b,1
3be4511230a700e3fbf02b0fb39ca0e57ce9f224,1
9afa060ed605f0f4f289b5717a8e2b7cd65054d6,0
46c8862635f2d3d2bb31204f357e0779afe2c10d,0
dad4702e8572b1e9098b4b72f69a20c59981d831,0
88540d8ecfe0c0e624a9070835dfb2264f2b7b44,1
b16ea0949880bb46df4889c21ba6af7678b66817,1
85c4d5d2b58963b4533c4656c2c39939404d0879,1
3a56836ead4570739e1280eb058e2dcd18268634,1
aa9b52b2e7c3e049c95693f5ed4ae834171f74a7,1
67c4acf750388c35b632895dcf2b51d4ff38b2f3,0
1edbea0fcb59a08b239f38e9ea98e1093925a76e,0
e113740fa3060d7bdbdfebe30aa429ce3f765825,22
462e189edd235eb00455933f9f3d1a19b5af21c9,1
367dad5902f248ffaeb796affffc32dbd2f512c2,2
5fca110e0d1d36bcee3e9a0feaac9ec234574e04,1
fc11f05c11cc5a8cd2fe3dcc978c3fd3d257f3fe,0
7b2abe6fc8e54535338db3d60f030e7326e7ed59,1
d3200653201c905760e80c79cf16e2d8a2ddc1ae,2
ed0b50ebee99fc9ef7538e70351ab38c8e3c439d,0
bad286d52f484365e96df0e7b129964be25f3d50,1
dce6026e0eb5c9a0a75d48a65df4aa16be34a334,1
cffe77c5371ed890b2e0b22a0d94060091f31fd8,0
0a1a2fea300ff345f70d137972d909f832387e88,0
42927530fe3882ee6907203bfc6acec12f0d69e6,1
a6d2c2479f787a1b2f41598f96b6617bfef7b3dc,1
e47c8b98293630e958bd2fd07c6949ce946db2b2,2
0ff5005c9b96e930c007e03d3e21f8aa05c8826c,1
98437bd48884574039d25acb707bcff569c979a9,2
93eafa1785bc16f0f5d2d5d1786da3dabcfdc8e1,2
98392abb78a8e52930d21c7ddd06482748b8c5e4,1
1f239ac9a782ddcd73f80361a57a8b1bb1c5f246,1
31cad77ba91776e034bbede6e2322101aaf35707,1
020cd32d28223671231cd0b026c9e2979a76e2cb,1
98e96feee9062d7e52ad5b240091a974faf1e394,1
7145bd085d0b6d7446d8b0a6ddc8782901a1064b,0
a00783c41f834628d42e4178d3fde65d7997bc68,1
f37e8a31d716dd0758fb88216a2910b13d4940d1,1
5347f39fcebd8776a551a5a279130238a6a870c0,0
5ef4a5577cd794857028eb826450c7edbe31a003,0
0d3b67a5807b5f3b36ca54a848ef01df23502b17,1
938e6d15c4b26cea751d78e12c2c86da7ebd540d,5
3a3984e67a4e5d6b3f0182a9928c5e28e4e0bc0a,0
d7b882e430ae3177c55f5843aac1764b56c86a5b,1
479107d04fccfb9282cab8865dc9533cc8f2cc4c,0
dddaeb3f8c1a5548b3f32894290f221116d03f8a,0
1abd7fa670bcecf20259e45de0f6066d5d42c177,1
7e2bd9a2335f95404c2fb89b398b62db87a9d6e7,26
445458c221a0a1e4b9ffccf85fb506d752eece6b,1
4cf66cfa62ee10bc6f378c3664a5d8ab026b64df,0
011467695364e595e6c6373e48011af3293f9bb2,1
433a22189b2ae146b6641b44aac286722280b51f,0
bd7a96ed42ca035618d6c8f28b27468ae5ae205c,0
704ae1b73734018568c0baa7257f6e4e02b0da8e,0
7ed70305df56b2778d005024b60013ab904959cf,0
f1be87a85cc9c793e2fb555da9f855e3ccec6b23,1
9cb596e88c4512da309c580400c4960ff39b0556,6
229f70f1940eb45bcc066ee359636860853b4bf9,1
e040e00ae97c2832b0283e3a9b10d12850b33bac,0
6110d57c164cf4186e9d8c5f50eef0f3c0a08041,1
b73203a0b7a666381538cf9a786f290c4ec19d35,11
52b6b8e36b3d8926d4364d5ccb9a2c19bc1f9b24,0
f26d5425bf03f5ea704371ca94a10b465f3e4030,1
c9123adc59fa79716cf969e663f939902246837d,1
cebeb480057c18a42cb29ba3823678b3c3361b98,0
3cccaa988560a3241e75ad30e58cf623006c8814,2
58749cae94afe70995eda0875a4e3b7db6da186e,0
14c5a46ee9863de6a9d303405291789a953a64b1,1
d8945e84644405e247ad99e63d257356bce26383,2
0f030afaceca7394db56066e940d4f0097c631c8,0
fbd8f06951a57a22cfea2bee714cf36bb3218899,0
330f82971b8b1c6a8f44bcb917ff788db49a44ce,5
e0d7b8bf27f8dd86c7c84e02d49a0112025763db,1
7cceb159254ad679c190a946d92a08c3cd282a38,0
1967e4216e60fbff28f7435ccf7192e76d57584c,0
593b37519ad3c4a1b81e8475bc089d26042d5b46,4
9ab94bd2c1577a79b8c8758b50f0aeb553ba4a20,1
39c46035986f64c9fee6cf6308fd0eca2cc13e0d,1
cebd2bfff0b94ab75ac24d2410e933dc533161dd,3
34c60f1b5558309e193c14b701abafe4a1d04f3f,0
38af251b9174cad0bff35c3aa1815a3cd1e688af,1
374ae6c0994f5222022f9373c5a359f84eba7bae,1
759413874052d316e4d8fb67af412cb787254ca3,0
b15ef35568d3e265803efa16fc329f6366294cd5,1
6eed37aafb5e861737f233feb97602be0d038fed,0
4bf3526d00b157c28cee550db6e63f5a82f01662,0
1993c457598272185b1a3617481bcc22daaebe81,0
f83369b79c9e419de924544cda8be08882f13075,1
63fd1f49a6ec8aedfa05ba0997ee32a4f6456085,25
49997e2e223df53d1b991e46e39b2bc6fdb8a9f8,5
f7da37002c6cf546ae9863e79444c114012a4cfd,0
60ad365e218db1c74d0709ea4490945316cc4d4e,2
f388beafa1c6de1a805a606df007cd9709435bd3,0
3633d4978b2844c10e8f8994e980d04228ed9aea,0
448e5252c352efdf17f9a2e0577fc27a99b67d8f,0
fe059f122162d24bfb9427173656dc9606a2c06f,1
bd73e6d3c80458e6de54255b0a09a5f858834c65,1
cd5b03d88fb39d982dae2cd58ea96685c129a713,2
f575e92f2e15ca4477c3ebfacee1989ffba0d3d3,0
a406b176b04f1ed09af937860006279a793d2d7f,0
657ef8aded24dee3a8b300245732d17fbf14cd99,21
83d341c39408b0ec2bedabdb9fd7545049f4cba6,2
de951c64f1fbb9e0aa275b98d1a881c563825307,1
49f75b7891423728c27c7bc0871defdaa0b3b64d,13
d3b713cebcf302896ca388470a76463450d7297d,8
223b7e473ffa554eb52e4d52ec537bd8a4b470f9,1
38658432835948b11ffeaf45187f505e82775590,7
bdac2eb13aea7a96c535010dfb0d88a845d33f29,1
bfbd01e29a2c862571a8da7f8e9ea497ffb7ffe0,0
802d873fc1f7d3a59332247601550f6f34d16bed,0
8e2f095dde642e6bdf14c8202f6a05d0914c493c,0
ad68b4cb8bf42e5e36cba1b2d9722f98e3a64788,1
b8c112c490c5fd250cf83c3a8fb0b828a90965f9,1
2f7613864547d870d6c351cd4db2a19be3a74534,0
696b63e300bf0cda5b356a5e6d7e9f73c545c0d8,2
46c33f1cfa6d8f97a5ff4d38cad013821aab46e8,0
9e21b2e51d74c72a6a80b78f18ed795ba249470d,0
db4d03bc813a181d2febf707eadf6a2595698961,0
c68ca95345ffc3e234e151a2d25dde62e1b5880e,0
226e74a438c1dac72e575dbf39371e0f50335118,3
8e79e8cdb375da86064d7bb5752d3e38135bdff7,1
844a4e799e9b27c67d13febed1deb79e2bc1cc7a,3
7188ce0ad6794748bb600f49e831adcdf4295fe1,23
c31f56a38c0091873eb13cf8c6e1d6e4a4b84fa7,24
e1970b4b287b9e69d6a90b9ab1f8784438e0ca0a,1
74df828acc98dc2c637d30dcd21557f0026d5b25,1
2b5faa61e2fcd345eb1b86136e40b465b9d208f0,4
8093c5f5343c2973f827c59c1078cf4ff8d09e88,1
3367e79fecb34e263c3a104437bc25fe90a6f861,0
8896f08074ed4be09b3f6f30603df79ce7e21534,1
c677d2ac563ba926341d8f3b40653cdab33f6967,0
ea5ac94804bc7371d193ed1f4c68a18f1c699176,24
1734de4d4efc15f2672109d41afe1e6193c7c528,0
b40661cb189067dbfc6c8878421c5db2e192f88a,3
9083e5420a2e8d4eae593f5f0592fef50e801d99,0
6f5956052651c8f0e203daef110af490e4388179,0
5d8d18d03dc388a426d2a68d638eb0b71ace1630,0
c94b6dd3e7d9c0624ea3243a42eabd0b3f29c331,3
256b03598d2a37f96d552efa52a4da7d877b11c7,0
753283e02091ba0391e674dc01471d31a5dfe247,1
83e1d90ca387e0f56e2a23eaf00867753d49e22b,1
909e98b1afa02380c11195c49db83351a9069dd5,2
ae1c7bca1b05493f02cf9d36f9d47ae3d510a034,0
03fdb26cd2f66d55f7afab4b8592aa16ec43afae,4
155def24c6c63657e3d61eee684de3737ec42ccd,10
42dcc3bf504f7da02c2da40b389f39869ecc564b,10
0eba65f96b2ac3ec9271e560f1531d1f46d6553d,1
83d0d59303966223ced66f81beba29f29cacde93,1
4f191a384b875cea3e6dfe91df1ea0aa88a5217f,10
buildroot/share/fonts/Marlin_symbols.fon,2
5367d56f8798699bebc5a1924f17c5305433fb75,0
2525528fb2ec3961d8c10cd9146b2e7ec02a1000,1
dc3d2b50cde488c94404fc77d14dd642a1751ec7,0
ab4b2a66ffaa08ebf29192364021aef9f726c940,1
8953e3e9840a852b29e2ef5010b59093c627938c,25
e4942d2163cdc4faffa985a12cdcac7e5c35da60,18
9f1dd6d431a5bf6bc872c96583aecee6a926f97c,0
21e744c454213c32a5ae7685b17af8433b25105c,1
54084612fd8fb6aa4b792b96f197b28d3c144bf7,0
5597400cda53c3a9506f638c6b82c8428ea94cbb,0
24ee50f4d95e59765e79636d461549bb3359d128,0
4be635ec6e7499c89db5d36b7f2421421fef3792,4
3be49881c0bf7c976e0b1fcecce011f087b2574e,3
fa647cca23a1901afb0797090275dfc4e7f40843,2
24a1a16e5d2fd2485f61456be22f5c795fe185f9,25
7e70a0b05d18665ff775377ca0d8f7514d1e3a86,2
d9f7ed9a3c438ae686d4f177156471d6ecdd9538,2
277899c1755621bc0c5ecbec12744952fbb691d8,24
83c4653c711f054640a6d522416ba886246cc6c6,23
5f4702ecb27d8c8da9e8b14f9042c0f2caffc585,1
8a44928df3cff0a692713c39bef726c6ddbd0aac,2
3d9b878cf0d94409965595ee8ce6040ff75fdc77,1
c6226bb0aa578ead548863b3d0af75276a81efe6,52
2d378fac1bfad5ad1915256df7e2dec112bba12f,24
df27d01cd9d0e33a7f0f94c1c6cee8db930c5fcf,1
93ea281061590ca5b222a44dab25e903ddb94401,21
8684570f68f3560cc4effe6fc11e52ae298d56a8,0
c55b7d07507d9ae54719e4a70f40aca8e47d684d,0
42eebcd5185742818ad516d24d473790c87cccba,0
5272147f7c2b89033b861f947729ff7266377d78,1
fcc39e2b5f92fd7a0e90d61dd0ac030d31927aae,18
7e37c20839730e06a19a4134858a7d4d6e5ec269,0
0c0a63322b86a871a825a56ffa9b88616fc97fef,5
a60a668f6bff4fbaba2eec75463050819df25bb0,6
4f2ff46ab91974b564dd74d7315bae6c75fa9d67,2
54f4f80077bf93db3e030617318691ccb754232e,0
169c21b477cdedb266e98b2031674099c8f6317a,0
750a1e5116acf57a314eb01a6936dec0f6ad45f7,2
7c27f3499625a57b7a666aaa242776060e5ddb85,0
2595a40a61f706d7842e5686bea3e021f7f461b7,1
060dc6d95ad983e164a9b969e837a8dc9355ba41,1
b7b7c904774474e665b84628373b0b14b6e089c2,0
6900bb2286d6dda56f2ba7cbb1c3745a93383016,0
e4816293a8fbdb83fdfaff672851bbd3bf9f7980,1
d8e5af68349a6d17c91c9ab64609d3de2b187583,1
b183442c6179817cb3ed5bad741dc0da9cff7975,1
f75b0c2ee1fe17fc431bc213d5029ce7d50aa3b9,2
101b60ef42357fb846607fc5b1f514d8d5868383,1
1fe60b723f3b9f5db2936dab617e649b9730c2f5,0
bedda3be61c2033dab7a055c154ca281f0815120,1
a5212bf277a4b880a3f90974ff79ff4351cc42c0,1
d8f2876753b05c6c73ba1412631789fcb7db7ad8,5
ddde785b37dafeb1463822dc16cec20eae7d90b1,1
f8b5749235eea19134a58656095e2a0f499a2fc7,8
b921f6b69d5ac5aa62650863b1af2947b01868c3,1
db5df9500b902f44759418a2906ef45c3a122133,1
2839c56f5a7b3eb26f18d9f4a986467c0e41a08c,0
450fe8134d987aee4d069a0b2220a8f36b9527d3,0
d6c50671d3550252ff47ce27c8c7924733ec6347,1
a6203366b60014469225740b2e3606c7f9538b46,1
bbe5b80492d4a5b04995ca43d3258838f8cd8faf,1
950397f2a0c7fee352ac4581efc363cca291f6cf,1
50fb0f7cecd6322e24240e8408015640506cc2d8,1
62d96d72f39f3de2796a08fe7a67978074e5d183,7
3e2b3353b083d4fe9927912c5f98f9aa0c3fceb3,1
c287846f46047ca0171a20818f1a2bb92e1cc48a,0
22d0654fe626f514546681b78391cb1d307fb458,0
bb93b6822a0eb86acab8fcf97ae4eeacf3b0e4d4,1
96a162bedad94aa50f7e952545d2b0674161f4cd,1
4e67a85a5dea4ae0db7bb233e5ec71847315ede3,4
a3b5d5eb652bd1d381ab05bcc677bf034c460cf4,0
784be56e994b85d015424c48b6f84a931732ed8c,1
3c11977558d3f4291d34847ecd3cdb252072ed37,2
5167cb424a15e5cb1bc2f7fc3f0ee13ce73fa221,0
08459a003fbc3bf38e1128e047999c649347ef56,2
13387ac3026411b073c54f7bcf60e2335470955a,0
d32c4056ada91894d7587506d5b48c7ac49e4228,1
8099ee51a5b7d004f0dd70d78807acae9546f318,0
8633b644cf1915f7d05cc4d43714bdc3642293bf,0
ad16d5019ecb13e89a9e925689e873a8e596ec4d,1
bb9da6ebdd62b2e400dfc8e1f4cf7cffc1937c09,22
652fd8a826ab23c397a8af7eadfb898db2a7a180,0
1766b990b89dcea1bb3211e3d37f4fcd30debf6e,0
6da372953164a6c72bf3eb1cbe65d791bb82cfb3,0
6b8b45810628e4ee33119d70abf0cd8c272596c3,1
9e5dbf67e8dc1d0d10d053c47e76a4a162105ac4,2
86d9311495c93fa658fa2668eb0a7443166df9a9,2
b3eb0c8569f399fbcf1ad2739669d9ed6be9b1db,1
35a610abf96ddbd8a0bf09a8cd91580a63753c2f,2
b4aad85c9ae3729711b55912ce2aeda8c59cad8a,1
ecd48027faca4cd153fc11fb7e6393e24e77e7c4,1
b6afa028f4701d3844001e899b1d61f159bcaaa3,2
d5e2d523c7d7e7a32c3867848711a54abe7f79da,4
9c4ad7d7efa8015b88eb56fe1a7721e4f1626514,1
4b1725628be3353fa09fbd283a8cf3a0144404c9,2
cde068ea42041897c088ddf796f676d1f1ea92ad,1
9f30cc84cebc11a51aee54228b9d3c46a259dde7,2
5db9b940eeda60cbf2f5abb7abde28d214450ee7,2
b5a9647fec067c048fdfa3e9f5ec900c5b45f08d,1
cbc7f22ad92597258dceff26b0e59ebd5f71c85c,4
91777dd76c34ac742ba29c60fdfa774d17ea06ac,19
260bbb310964ffdcfb2ad8b3715f1fa9211a8930,2
179e0914732aacab25e14574a10a743e9e871c8f,0
499e404fbfd23acc7c1ef007ebff960991a880cf,1
23043a1e057df3831f369452956a43efa3fdaab4,2
9388dcfa49528f20482ffe092aa5c1f718f210f5,1
0b2c608d2f642126f1ee03c4fb9981a7ff830610,0
5655f8b3312deebe7ea75970551a46345bc49f02,0
311c7dadb60ef1e862a76198fc36f5262b4b9dbd,1
b78590e63dad80ccee6e0e623f57ab534429f2e6,1
2f7716987d8d0520a49131168a07de30da1186c9,1
efd3aabda8b33de7c0d55c2a60b386a101810401,1
39caef4279d6b9b8700bbb72ed78ac7e97cbdf2e,0
7d869ad98b894391371a73374e4fee466aa3e156,0
376a57232e8136f846546a2e1b9117acdc8c61b8,1
824c6859e2504722b61849c00b4ef3f4c7b7a713,0
2c239b1bd3a7424edbbcfb96724c055bb701db0f,0
976c31235d242c76b757d6cb959993480ddebf9f,1
6ef26a85d861f7b72f1f7388179117e85aa51665,1
4226f56f53eb6b3947c79295920c411b097a9e10,1
16e53486591021af6f1cc48f0f8fb19f619acf42,0
209f5c03d0205c5a11b5516312bc67b13c3c4423,1
62ecd107ba09a14150602046fe7ddc1affde673a,2
d2e9a9c18837c192e0fafd132afb1146099d2ff8,1
194d9521c37db450dea90788b6addd9d9b066682,0
4a6ed5e22170d26b8c4eb907a32b46830ba46f2b,22
09a3cc33e6b6771411b7c65870c0f14f9cccdb4a,23
6137a1d93419ea9ad6953d56342f9e86b3d90124,0
792fff5771013d707c772bcc896b9a34b7a17a58,0
0432613ad794b1fca2d3b38c0693aa19663cdbc3,1
e44b37cdc22e6b51e105fc2a2ec72e17a93eed92,22
204fd6ec444a2251373ccb18f53030e6c9579877,25
e6e4d4062dd13fa3c5d83665a0bbba77ecc2be07,0
2bad02e60d4e10a0b25e01d0c1775a6b952c61b5,2
eaa6f568ee380c122129fc8142c2c928d520bc5b,2
6abf9165759d76ca27d5f71dda549a63f522d12c,19
06ac1f3bcfa4d4b44fa1127829a489cd738b040a,1
5d5affdfcab85b22ad6e8814316bca176aef7ba1,0
bb225dedc6dca3151a2a23a033d08155c002cbb7,0
8a2efd11550745d0816dfa7679347ed3e792368c,4
0149fc189a5d831c9a402912de27fda4b91c0123,1
b869fbc05e789ae79d6ee889155aee4a6aba9a62,21
47fef80848ad6ccda97a2732da1161cde3902f7d,5
f1f1bac0e1fef8422db045c3c4d9f058623d9c9e,0
5cdd6f02ec733d25d3ebdd67a388876640729974,1
6c899bb5209fa21794b6d8c9d76b400bffd03594,0
ef0a22871ec31735050970108c5cc4224e7178b0,0
9eba58a031ceab2df468a1aec8971d1919d2be74,0
c502018eabd89d6d54f9c9da2a857c53df52b4f6,0
0f9953b03159baee120178d304562d74adddc765,0
d76389b4d1832660192dff54e8d43a341ca4fd98,0
11c075c6b2a2d78ce63ed63357519f8e3ee695a1,1
3ebad4e020a4f49f422a41d5504aafc8b0fac772,10
238fefcb006bb866687b1adb2d93bce12fa595eb,2
30ac0782a9a55546a3b44e7c51b2bfc7f7b4b8db,1
8ecee431c41721420184edf503c1079ac860c34a,3
79e7721b763d3ca2ee05b10afa71b47f9d697579,1
f4d63796b283fb893de9e36591192a45b9c20cfe,2
361307831ebaa30c63c8f6e83d657f208c73f7ab,1
ff48bbb86aced472280b10c8e2115670981a0b79,2
46117593b9ada2f380755673c48389d25f95d276,0
3422103863f74a8e92b59a4bc802b5b0196b0bfb,0
92757bd7b32e852c53583ddd9d66a0b8e40e8f11,0
cbf9fa79954f13ad35aa74d607fc6d74d04e3876,0
493d30cd976f0432c7d8bafda9ed36958a1706aa,1
07a735ad22384a337e815bfdd2729bbf589e35b1,1
04a5b7b25728b73fb869d898b84c55b34b448c45,1
5c8e87a8665c26a85c22f46aef028667c5f66d4d,2
86eb5251c55b505fc76c6dbf8eca8033129d280c,1
1e57a6af73866c8e05c2972e17b5a2576bfcc9c2,1
f6a3a1da09146cd3339647ea86582f64cf4927a2,1
d0009e013bd35f16ffdaf8f8c124ce999efa0074,1
697373b071191d4faa4a3acb44fbabfb5bd7b1af,1
103d312f6dbd4904cc06b6133fe7b8266b7872db,2
f4a69281fc17835558755ae76ab8cfedcb52da5d,1
799a31cd30297c5436bc11724b2a04ba216f85d7,1
f242aea032e71c22586111178aaf92a574b98eb8,0
0342661b3f34e527286956acd87365b876d2ef5f,0
81e01152bb4b9eb1ae143203fc9ff454b745d573,0
d8c8d0a6a24ee9b161972e5161badcc79ab2fd26,0
1583177ef4dad2eb29b030a43131e98be833110b,23
176b9627c7c3235fc344236c906c6884a63d48ef,1
39706f3e573c1e4d9258f8242502bdc3a75fe934,23
253f843da555e7fd79d43a0fcd18fab7a0872b14,0
7242d4481061c5749aaf2f40ae26c6440239c6d2,2
5ed1e7a464561d4d54ad9c408a4f7ac0a345232a,1
69d60169419bb31756c96c047bcaf7b4d0df5f03,1
0fcd3706dd3365b66efda7d3ba8a6a0edb121a3a,20
671634bf1111ab0cf3bf06f9284a791a46472882,22
f38553b48215e7e5fa3b2351dd928a9cc3c9e3bd,1
3d78b8f92982b6a3ccec426936e6ddd11b28805f,1
9f9fe043ba46361a4ff6a04c695cf1f3cb159c7f,5
93ba5bddd76b9dc2b26659cf9cce5e456f540737,10
889570029ab19ce2e9bb7a4d64b27c586ddbb8f1,0
5e3d3918b6fe50d87cbb9f229522f762445847af,1
94955a8bf750b08932a60d54c161b12c3e8366f4,1
21ee0612e337bbb16ca532f25c016d918efba22d,2
c3cc24242cec7da940151eb70942d42390482553,0
8f24e0a556bbd8448a00fd8e54e8f92ea0f49b76,1
f8973a7cecc4399caedcfdda9b500504efb95459,0
05da02f0a29fdd3a36c4883ef8ac591b4b9dcbf9,13
ce2814ed606d89d7e03e50e70a99f47a92d12121,1
22b4cff423e836146d3f2874f62911c7c9e312cd,22
9730a9355cdef66f4b91eb6eff19c6097f7206e9,1
601015b73e039a7ff860df68c948bcad5bf6fb69,2
9766e245041f4e60de5255601662507ab6ca06d5,0
02285662f5afc29b08d5c6e32155f157a5532b53,0
bf16ae5a70b584ad5a15893bf776846f3af63288,0
aaa0d298b9d9fe4cd3415994eb9ff0d4c3862838,0
cc3ef7358313972eb26b8d2ad022bba619f1160e,0
77c8fb627f40325d01882d5df8141e0ca7a8210e,0
b14888501b9102df3560f9863a4f397477a215e9,0
32e0d717291879acae42dd070ca5e8ec783a3897,1
0f3232065e31af579b9f18e90d29785751a8d45f,0
2d7fe9dc7828db2370693a3bae123e81582d139f,3
eee903bd4be71e029fe6664f4e42791f1c1da721,1
d53dcaa79696e149e38233a6c54de4ba3e989e29,1
9775af0c24000194dfe10043dc8de391e270435e,2
fa4274cf4c064b783bbe214e64b191f3ba2d25da,4
1f3283e3a56f5b5131882b787bad2704a6831f91,4
dfa1c45075acf5ccd6955224f2b4cde92bf44abd,21
ed468e848f94e9f56098c8f12d8dbd744a3eb031,0
a8758619ec535adde3d48c3a7c4e0efdd1e1b9f2,4
9a00108cb62c5bec97f1f5e8bac47d28ba68ba77,21
f5234b0695cd0a1d4c4c0a999974a4de6577ba4d,2
2f26bc2153de22693ae7df67dd83eb3928567492,4
336481ea8130daff6ebfe208b53a3e07807a6ce0,21
c711701626d9309f391065b99aa78115a4d7f177,4
72023836951c6d216297476a0beee09c5a79bc77,0
5f368d1bc30c6542bc86f45e981330ed9ad6ead4,1
d7c51bc4b978d354cdf508998b92d177e384f39a,0
af9b1d79b1e004d95cc95bb01257c605ad0ed97e,26
e563634a25e30864a10a3512a3edc15cc70421d7,0
59ae1811c2d378181afdcc101c6a768f923ab02c,0
ead155399fdef3b326a6cecea9447c1846ad1219,0
fdea8b6e6afe7390332a8fb6bd3eb2deb928b551,1
d2a49c016d0dcee290b1be00617fe65a6f7d06ee,2
46994fd17d738d7915a90bc33e5cefce2d35f95c,1
ffbb31b2355f4fc92c436e9c6807a1b888b143db,1
ecb23c1b6529130bef6320767efa1035d5e85fee,5
c8f2dd7cd5d6ee50a7b0bef034beb052d6fd0b20,1
cec711040996ae6cdd21b1d6235095aed2221dad,0
6446d3939abbd182a909e8be0fe24447cb0303b8,0
84bf58db72cd452eb92ff7138535022fa0e45577,0
95ab2fd3ae870ad3182b40b3f915e98bcb5becdd,1
166f19251e252e9775abbda996c1fdd9ef655e9a,1
7ac0b91a4530cee469a9e5d2a77d3ba57d9c4385,1
e71a631f8f1f3ca386397d9e7186e1d5de6a43c3,1
8bf6861af83d570eb8f39eea287fc91119fb7c2d,0
75901b616cc936817f3a26c9d71dd6bafd919e3c,0
c5e51f6b96c7450a0297afd99bc4780079a862c9,5
1618870c84a402cb2dedd40c89a5a63b592cdcb9,1
34da77dad3873ff75f447465d4cca45a464db9cd,2
23d2bc5ab03864c94da277d0ebc19f87bf4cafde,1
a8d71f0ac6a659b867aa4d36a25fa9ec222cd72f,2
e481b79af1b88637faeee6646863010f0d0db24e,7
68c343a09a85183aba7c3e47a4b1eecf2cc61236,22
4937f9ada4b2441cc2d2f84e3acd7f60e35f23f8,4
608092458941f30b073d000e03abe8027dff5e8b,0
ed89c71e53ef23e92740736f8447cfcb7ad39eec,0
f23689d9f1761b2a02543136b21a015851dc0dec,0
021544f5721442ba62ac339d91451f6caf2e7c5f,3
b05a75655a202518e1cdac412d6af076c943420b,6
005af8414020165b3c2625549a0f9c08b760b197,2
8f03f0be9b38d6c0af941b3a3052b0d056a07baf,2
c2c8ab46984a84212a93a8a0845c045a22972bb3,2
4f77adddbe73be9c47be60690b07fc6b364a0eb8,0
e5c7af5ddcc3bd4ed5ceb3c2a1a0f1f9923ea6f2,0
2224032568f707c416c58c89f72cb36fc5faed4c,0
cdd77d23bb8b195c6df37740d7c55339a64a37bd,2
d4c68279c8555631663cc341e0f2dad2bc196e65,3
a5bae3c7d560c9d0252091d9ff509505090624d0,0
a8b6b6a128d19178119321d2ddbe872144ef3261,0
1e14df876de58560e1f94fe63ab1a6b425a0dabf,1
9e8b3e5ee6bd7e64d05a170fb40721729106abbd,1
ecd5e810accde02b14bbb5e1611da7c05dcdf0dc,1
2b9515d60f66d02c4aba676bb46e03c84447b424,0
973a669aa301a76e7df844bcc9e1f2e2c8cb5abf,0
e9f62d8fdb9bbbae39aaf922cafc86692c846eaa,1
7c81398f952dd4708e7d1df9dadef582da2bded8,0
0554b65d22a1556ca426f651b0ae960c125f9463,0
655c3fd55f0be533f5a2fb08915716c9f4e4568c,1
db0882d0683f7eb65335daa3f43ed380923f0af4,1
e974ac63ef3ca13a1d1589d8faf61bf65267f24a,1
47d55513ec59423522219477e9d8ce020af5ad3f,0
b27373696261f52ba63418762bc1bb53bf219195,19
54d35230df8e89277ece36c708f4be5179c29115,1
a1de96d152218a6ec5095d8c1da22533b6a6335b,0
87957c7b44ea5db4c0f00c33dde184af4510f5f5,1
9b5cbf242399bbf3b4f319a71ccf6cbaeea81b78,1
809da999dcf16ce54354b420e7828e522dd9339d,1
3d78b690e56bcbc31639297cf3a175c5d50caece,1
bf9967c65d21a354d0bdbfff76f942beb13037c3,1
11dcbae7a2954acc2add6448eda66e848d665fff,2
486544783062efb74a83035421699768f766cebb,0
815df28b0b0404345ab6c48141f14d6b2a8ba080,0
44f739a5eb25092f850ec4f7626059b9b9c2c850,0
02f711fe002de07943b67cdfd3a140b03179a2a8,0
6a45aad8932f52723ee8b8e108645d66424e705e,0
243ad4312ac8337e2443a5f2f6f62c8e43557713,0
6e68dd292b040c6d136d73845d2926e0bc85142f,0
d17b161832db2227b534e48ae3a87b83497648ad,1
096f9981d159cb24c56748ab36a998004abbe9a5,1
7ae84d768e14f4c7d710c6adf34e3ab9180b5be2,1
155af6b861e03c6a836fe083e60c9c708430c178,1
31f2cf5f6f66d101f29a1ab4d1a6c3210d281527,1
d9f75f62c07146d394ae0201675e55ce29c22e5d,1
d2099fef0d57c40347126eb9156ed979217a75c9,1
85aeb02aa6efbc05bf3de6c5b4d800a02b221b61,3
3a67fb77b08e6b7d51a5aae274f4a6b9ca79158a,2
13dc619f43354ef686f0f9bc3819795a338b4adb,1
5051723c2e815ca9b166ceb7813b825570eb2960,1
58177a1602c40f859f67307cdb0b0bf5126d84e6,4
10ebf28ee3ca3fb6aea07d9a3edf0bf17cabad5a,1
9b1ba1012af4dd8642590b74c70092ca501dadb9,1
55dc8051d85d2820292bf819482af1c643b28b1e,1
7bcab26f2a094407deb33f6b492a0c9c57ac5709,1
84ded1f659d095ef8ccd49e45e2be72ae2bca16c,2
6af525e2528f1457551a324fe64e7dc642395feb,1
23e0134596a04153f6df530104e704b62562e17e,1
4b4a582c4fe148c1c92a7371d36a1ba81d6030fb,4
91bd6eade701ea1c5e4027d4bee0a245b8391005,18
6121c9018a56fd440ad8a110484ab6a2ab56c6e1,0
4a100c6832c09ad29f826f114ba220f56928907e,0
ed018c98d5aaa76689bd93b04d4190a792dee232,0
d1dffc7ad10677052229124e0d8fd9f7f80744fb,1
71674059c3af806980a598590da894cee84217e1,2
928ff6487ad88dc05c3039b53a30e7f6a15f609a,30
e92e58df1fd72feda692ef1a4ec5cd4e310f6ac9,1
167f4aa0cc4da91741df12aaa50389bfcdedab30,0
8dda05e92a91109f527759856a6158642891cc81,0
0ccc5d1dd9c697ab03f2d428365b5915adb2fa5a,0
182c8d7f8fcdde2a5b9a38c87a09dcd4c13e1d69,44
5b0e46c986e84cfa60f75ba7de96b78517ac6dc7,0
5b87deebb6b292e1ba2fbf1b1ba51b7479852f10,0
ee0983ab5791f6eb45c4d537a70e66cf61207e6d,5
3e1bbd5e2752760f2907e3a6833676851cfb6aa0,1
b72238f4063fcf67f3155fdf732d50f4860d795c,2
66602f4af625a13d0fee5461ced536e922461b8d,1
eaf9e615cec4afd10e9f226a00950e093019524d,1
9e56d5825e1bab21bacf3280daa4d37c3e926407,1
5832f4b8481a36292e589ad38bb9f67d1c588050,2
77283f5bf077f2c5a7c44e6616769d79726cee7d,0
f9e08b1fcde6d6c71ac29dadfd93646eb0b93e4a,0
faac2bcfdb6d95805bdffd39ffa0eba210d20098,6
3b3e52616cc7a63a6bda749d42d3627ae66e4449,0
aa3ab9397107f6cce63701529781e94ec30e03c6,0
4cd045791c0b64f36e0bf8110c92f89e845d7f65,1
a8538bd7ce25c2febad6866bc9d2f1bdae8bd984,1
1026e5b071079ac81cbcfc0a7ad7d6a76a3468ed,52
e282d69f63b3ea4625a7041946d5e5e95e42c97e,20
a2159cfbc38e56b9788993246fb69db493826f6d,1
315b4c2153e9ab6c6d29e46ff72e1f9b25033034,2
51c9c3fe2c56a7bf89cceb08779b377225f8e83f,1
e03414b2dd0c76db3505d1ea6abb99183ec4f939,1
c23dd7eefc2671b9e7c779211fb3268da2cca206,0
4b44a23a36193297aeb9ed71c6932fa231d78ea4,20
468f7f03a21fdfe3e83f880f3b1301d358efbb99,1
eff791224342adac0a68b92417938f873e642d1f,1
f69434d81c730c7366f4201d65713872698e3456,1
0ea6247fc2dd921be941c14236eb44dbeae7dc8f,1
de3a16933603ff892ffde48ec077488519ec5153,3
88ed232f53a4b2053dfd5303c6103b81788e1ef8,1
653eff3b31d38f2819ec55134831fdd5daf3e980,1
98d0167a579b15b7f11a2116db7bccc10d900876,0
2ee4e4f79120e5f530a70650704cdec94b6b0376,3
bd5a825b8ba270bb17206c30a4e160b571705328,1
ea47803ae2f9249bf5311a71c03647bac8e50b9b,1
834ad14c8d43dd3496280717fcd428c88f870942,5
ecffe92e2021c75b725d2403a5f59d4c874fb80d,1
a129078927c8968022569175cec7fea35c920fd2,26
9f42b1a075f305cf7b24d79524772199b3548bd1,0
ad968f23251c25b4bd391a817d7b60ac0d947273,0
4036c73cdd93e90e80d23e80afc8192fb3fa24ec,1
0b6f8f82442a55b60fa1d62116be83a1169b0d8f,1
177ec20bf0001ac8473b325f028877be5b0c13e5,1
9c5b462ef25abfd53ae6f30b9fdca5ade9e6e829,1
4e84c803a37d89e85e2b49aaa0747a8766344ca3,0
e2f7cb0905569283ce24e13f1e1869ce91911119,1
e76aa9d79a3e638444a771167f4baac95fd008b4,0
6559f7359f90d7fd7a72186b881b6c5f90cf3025,1
799c60cadc7e896d9bff65ab0fdf8712ab21902c,0
99a5a5dd6597704fabaf65e3b3a86404a0e13a8b,0
d7e964750586db2b253adf79524c7b632adeea4d,2
d0b29cabf33832dc19ddd9dff0a6b1d1e090c703,1
e0a6b978f5f549b4906ac3590aa3442e4135d624,1
cf8ec1216a819dddfd3a98d91dda17e867d546bf,1
b81b77111bce9063d8015fc323299578e3e064df,1
7735ec5e7adb17546c071fb26ef8017c12e0471f,0
160a2be11762dee7fb56e26a0ace6dca272fe179,3
cb17871a480d2080f8be3dc948bd184f646e7797,0
16c83d203b9d5b0c797e2a0ee147ae3ecc3569a5,2
8555816a11a27730c9785606c97b8412777eeba1,2
5126cce7fdd1eff9cab8968167879bf457c6a900,6
7d063c111c1d84e08f04def5b7297549d8e1ca58,1
90d8bb53e8d6c8434fb9be401f128aab8e4e9477,0
b114b6a0b3cea2ad9e031ac2473381f9b2d37df8,1
0d4ff0c48b7dfe6909f4fe73db45aadd3e3c8aca,1
c450851401feea60356dac6f598c2bfd4f81c9cc,0
a3f350e728c8f62788c8552dd1599216d11e605e,0
f799f18388a94f242348661701809d55120da4ae,1
8b02e68cb6009d3eb8695df26186e823bed31702,1
e48502866b23909eca7d21d8f0d4d1e33402135e,0
d70197f51488277f414a5c398e2b9af2e36bcf10,0
869b517589cd0847ddc0ecc8c4d06a386d99ed88,0
e104b91ea6b1d563bee60dbfc569e243d7eda7e5,1
e604c0955e31f6a85b57cefeb4bc31b192e9c301,0
ff91d28a3aafaeeb7b0b795637aaf4870829d417,1
c9e536cf872c1fb2acce1bdb3da0d63f79093be8,1
60865fc45b6c3c56d523eafafb69b820714c3899,0
f8410383133c540962267601ecf34a32265d4c1c,0
f31af61ee2abeb8f0e017dc604c4409ca0b6dabd,1
a8f5c2bf96d961ee2a0afb2e33d7f50729cfa909,0
ef8980bfa03ee06aa725391c98b4a5af45dfede1,2
4fff9872b9cb1dff0e4483551504e62c0bd9b713,0
2ed625dafa89ca2648f602922828034c42a38004,1
e77844594d061e88b0f85e9dd59272944ebba09b,3
a0b00d29e3a1f71c536a3821bac448248911cea4,9
5a81c132a23a3be38f5307a4c92c693381572bd5,0
9b42c6b44b172dffcf7bd72abe795d39b1f95de5,1
46196e9ee50df8bf84d7cb10753bcafa838a8054,1
1236a3b3ab08d83147b9192fbdf850b45b11d07a,0
95347fc650a259225b65abe17c3ef8f22c2cc4fe,1
b37e7270725311c7be9dc5bc7db375c1804f2db1,0
a06c5165a7fa7cbfc0b53312e77d184a1de0fbe9,1
982f10e6a0cb7bc020f68de883e8cc5df34bc929,3
43ff0ce35fcacba99ea322d77ae00bc777b22a7c,24
4a8e191cec36e4e5fe0e9ffb8999d93bfd5f0079,0
b77069de0126c011607a0612caeffab5f794ae85,1
51b782068688ba820e2833ef9335cf10b2b5246e,2
439e78147d7a3dbd8693b9c218862d7e85026b68,2
fa9b2a925da2035c7055d3424a3c017b076d9764,1
dbfc87cdcfc364532f0592182d54f907d85d3432,1
7a377c1d7580a3fa0afd85586395ab941887f3d0,82
77a923d8ce50b151e96b5247c5599bfca233a107,0
e650a75b88f66b44091d8082d2150d57320ff553,2
ac4f23591212d620a42d8b0a1764d09b0f091086,0
ba00615aa407d4d66fd52896591caa0840c0a652,0
03b8f88092fd111d4c370b7cd72937b89c90661b,2
b4fee31a84df7900a9e09f866deee2515cedd735,0
cb1b31f69b2e6e11bdb1f77a5af7a9fae603f610,1
7ef7843fd48f61b5082e601f5c118c85df78a077,0
6b2a7b30afd55954dd001e1d921c0eac13011627,1
787f3946766d5067e35a59e6480f1dcbcc182033,1
bc3748b7bc9871b0f709e13c886f6e6568f038a7,1
adcd0f5de3882c4fde5d45a549bf65046287a42e,1
5e370006fcebac9f38f60e79c6435b846d0c5f65,1
725fde8b269865f09c54b52b54b3efbb8201a37e,0
da6b0dab5f96f08996f22428087eed0bc7420773,1
c42f8fb8dd69afb5438243099c439ce8b03f3e86,1
b6b3a4afbfc26dc1e6b57d5da7ad6f86e9f15a70,0
3d9472f305e827e595aa31134f46784e70939660,0
f84d85f76141efe66ccc205c96bd98cfb0af3233,17
5e14a528dd7ac4f13d577b56f20b93425ca675b3,1
bf216bd78f0043f5615111fb1743644a22d8036d,0
0b0b7aac6e04270d187b8d8c04b6cbb4a8d057d7,4
abda4ab4273d4aea3e16371d08348b40f6f72779,1
683975cf90ff3e1c1ca22ad9dd5ea9834dc97141,20
8268c0a9a06f2b39b32cdf4dc31730d3d77c5776,1
db199597350352113daa2905e2fbb815e9ea45ed,0
2e96276bf4a477de495fa59ef40915de35209f53,2
dc2c0e5e24dc684411399290ecc721afe7312c4e,1
bd491818d66c2612249a8d4ac6c1a6e356b7860c,11
ee876dcd7aad4042a235fa42c948dec33cc5e705,0
fdb6533730a5eded401c572b51452542766541b2,0
0c24e0e44524686d2c12efe8d1f17e61fae48075,2
ddb386c139c897724e62ada155b25540c79c433d,1
e480ee005442b6863bb24870b825c2b345de8fd4,1
39883d03fca7c12f662cbf88627998bde228a822,24
e616093d4c07f7de0dc2723c78da91aaf7ae3284,1
6c60869409ade7707587f50d15b776fe7deadc8c,2
593c8bf2861da587e1d6fae765f211bdab56b066,4
1df63b7ef4f7695d26584892d7ae8ff75cc24915,0
511503ede9c4e4edcfaa8611eee2cd62b5298474,1
71a693b3ec6c1f46667830b8c75f889568bda213,0
829c92f1bae8ac40a8706113a751edc35eb53fcd,1
eb1755208f9464206c67c19d20ad722b3622b9db,0
10da7ac86c30321880e9ac8f2028b7e9035bc208,22
9caa8941e293bcb62952fd71274bcb09a8252881,0
3fa631130f2f93e7e95d72d6052df52011d99c61,1
815000ff327480f5c6efc9b81f10d542482c3de3,0
a7684eef7a214b47ff59ae94e902fe896efb66c5,1
b4076883ccd611e1e0e1de6e863803f3b43c4215,1
4454d80276f4097f2e9713848df3efd9e5b431f0,1
56c42b572c5f94b11b1a2f9edabfcda84003cbef,1
ca184d3d72c2bf29c61ac26008d47bf5f1d3f43b,0
e72bd68eaf540ea25d16a9a4c985bcc78f1ae5f8,0
b4161cbd98e1c4b925af7489655829ef83a661e5,1
da88b00585855be8a2a1da51ea2868e64538246b,2
c8a98293872fad06d72fbb476307a4dd07090530,0
74878d1f16de58be7926582fd4d00619ce44106d,1
7de755206937e8ddc9624d81cbc63a0a17c5a89f,0
de0e6d5f1304d2d92b16e50ea64a182d2c7239cc,0
15a6b49f37124c493c46d076b70a78f9e28f3814,1
6a7045b9bf63df19a3b65de27a3ae8ab3b1c782a,1
2a4f8665618120b68371de2507f57be97cb0c10b,1
89a2aa026b2e72c94eb0dd36d48cebb8a36284b3,1
f8530c5d1f6fb2ee94357e46717c44ee200eba43,1
c376c08042c2734a825ec8ea799e9b36cfe2e942,1
9a71b7f8adc8ca28e4e2d4ca2e4d6135e857029b,1
550c03a5a9262c05299c70332c92b2eb48a7d0cb,1
bb38c816af1a89bf2b7087b6b406a2aef1a30e2f,1
68f3350050249d6800f7906c57743b18859b6c17,1
3afda99adf57209ecd99b890cee7911970a0d64a,1
6803c8e37eab3dd71a8db30defe5787c90372a92,1
03c70c1990f865d25b035f812c2948864f425981,23
570f3bbc073459c95c3d5bb165cc30854868c07a,1
61f34eec03323762f51dc6d7f29ff7934654911e,0
bdcd628896a8dd04ea4071ffb20da5429406b6fe,0
664232140dcfca363e20c3f5f719fd867f64a90d,5
6e5e388861f40458b09ba9a4a2491062f041ba19,0
0c5192b288ea66c66938f36b002538df0f95853a,1
d4134e69015f4f2f3d6f65eda62d0286ecd768ae,1
7b2fadd5988d1280890b4823ed71f4c058124c6b,2
bd015928165f50cedad5b325ee3052486b7523b3,24
2640d13a9f4ff8b64759c6708640c2dde5b66f7c,1
3763d4565674577125c198f4109f123d74efb2f0,1
1f48b5c30fa4a560eaa5fedc3883d008d2ecd9dd,1
6fdd5ba2462a3dbfc2457b87204f9599cb018fbb,1
fe173c2bc6a6991867460d588c556350d95897dc,1
7da30807617c4cee31840cf6c0c3790754a6617e,1
15229d988b1ec34887cb8e967285e1b7a13b1c72,1
c01352cbd56f1a6190cd219a35cc333d006dcbef,1
c3794bd6950e831a97f491441c69cebc8275935e,2
42ce60c5cc4dfb44b4ba1348b6dc953818905b04,1
b590a7dee040b4d191fc6b95ee236791e969d878,20
bb9c67b4b59c8e1db7858acda5993f05e390fb26,4
5158bd6e93690e87510eb2603c7d2f71c7917bc2,1
ccae92588d50953ed06f47009414e087248c4296,1
b4a9d2366cdf26941f854ce7c206a0b892d6e3e0,1
bfccf26294e716479e5fbb4697efac3014a3b26b,1
a6b8c67df4d27ebc0a346e88cfe3646b035a2582,1
e69916d1bde5f990cb186cd91ab147caa462c72f,1
0e18a4897b88146aad5931a8b649847c2c7d2b48,1
1a92e2ef186d6a05dc4f4fd6638220c9bbb1dac9,1
68e0e5855eee065443fedd73c116a587167fd501,1
c3023f8cc56052f3bd46f12afe3bffcf674cf922,1
9f0c255c698b6f960abad57054f1d203e7f3a58e,1
07298ac992098d6fd9979c14d4bdffcd430ed562,1
f30df89ee1afa54478c4fa9e6ca9f15bd05e450e,0
bd99a2bcff49038899466d8a60305bfede1a8745,1
d50539583a087c45cab006255b655f2cebf27144,21
2798499b71393aea90e45defbd625abfb58fcc9c,23
88dc543584b52d002e3dcbbc74a2297b84f540f7,1
937123ab3260062f54f5ae3142afa78d87fff572,0
528df1b02da7a7a02e455a73e4e86ffd30822fd3,1
117db77c552a75ecec9f5e9d568a0ecb666c1c2a,1
111260f40708644ecc6a188469ccda930bc33486,0
19fb04d76165212ec9e10462538db5836a9063a1,3
b0e47608e628de7c2b80d52d0443233064dfc293,0
c84732e605b5c2910e1a1f5aedd1a3ae643d688c,0
cdc661ea5eddc6d7c1f4ebe6e6a405a03aaaac4d,0
c8186e9423f06beec8ec2be0af4bf8647a3a10ae,0
d8dcc4ac57b26ef788db0d1d861bd24dd7677033,0
40cd20a236b23483d7e6124217ebaee03b5b2b50,17
67750d73ef5cbda1d5ef48ad4a4234a49eb5c3a9,0
385945ca316148e4e0c8f90d74520f402d42e816,1
fac58f0291b466e147ab271c454ef48ce5771c5c,21
14b661b9e5dbd838c687c01bbfcf4a8ca6932892,1
d583ea852ded211fc47f850edfaf40c3f0b2c449,20
aa6d35bd491d7480dababa40bee766c1aeccfe9a,18
740fb2ce398111087c4a2cb77474404427ac94e7,12
f77f3ffa7048a784dde0a3c1ed81b78b92018e1d,2
19fe93a5a9130e403688830f2edc319231c67997,9
71a74080128fe66737e597f1b8309ae3c2256d76,0
5e469622c96caaca1ed1304e9c4e07d255449f07,0
dcb8ec32eef06e4870430be848db30b8f97a1acb,2
3996242e9df82a23f82a2175ac79188f0696c068,22
26a9cd0b082e2bcccd7b54c36eec657f0ecc8b96,1
7f8a2025af18c44136ddc04d1fcf903b3321cbb6,1
71534dc11f246a72cd5d3d946dde86ed07962a41,0
6563b07879a3537721d889bf958639b1755a7cc5,1
2530371516f037760f1282d7b105f8f3e4ae10b3,1
6aba98e4704b151e3b24753a884c73ae6e63102b,1
04e88d008e615564b2a695c066f287fda81f99c7,1
ed75b0ea1171e2ec35d72ee7aa3303da7a3d4348,1
51d52cb52a5e1b2604b8d5eeef4e59e6785b549e,1
f6b09cf465ed0d05685028cb32d35c2488557b97,1
3b457c2dd3142b40213ab743793190ffb2959ac9,1
524f6d9bd6e9a369d51feb30c46270f21b04cbca,0
7e9d4a68d48634a95d124a7d1854ae794d10d731,2
9beb3f2f5e1d8820641b7215747b5ac093ec5c75,0
f215b309326e7507654413cf288468c281fc55a9,0
2fd2301928ff56ac543a4bd2edc248ce8c77d26a,5
dfbf8b3c2c86734adaa6ed0604a535f5ede55309,20
7b5cd314a5174a2737ca3ec1da0a4a8113b85d1e,0
42ccb5b0dffc999e8c6d46645c252d2f503860ae,1
de1222875805a0a2fa49826597e3481b529a2ac7,23
add00328202041558cbb86338d5587a2f0bc6d39,4
15a5eeb74053f86f9991d28b0bec06bfda323b3d,0
f8c278ce4d66e7c5897ec88e78271a6607cc3a75,19
43ec24158ef3ea0934ceb903ecca91efd5627454,0
400e13d136c5afea3896af8c27492987b220b5e6,2
96b8bcca84eda289da65c7df3588d94016b3b42e,0
b7e3c1bbc4245a8f9a5ee4b1e63c7e06971bb85f,1
b714fb644c9b4fc72fc0d86962c67f3dc5e01004,0
1dad912b037363422a177a431a1e3dfcc6724fa8,1
46d3ef222368c032ca75dc11c13f6ae249ea53be,1
a647b05f822278743c4f8cdc715e765372580589,1
4edf813bde3abd32bbb5ff0525764d8f3aee9e23,1
c475291e19d1fb1531dc2072a429a6d91ec6e0f6,1
e35583888c4b609ff20f402a6e552081b369918e,0
6dff52d9209d0cc08e757566abd1eadbc72388ff,0
da526f6ba989cc6c08d07672a664210418bcd670,0
d55b94d60679fcee09763cff1ed883860a3a1f3a,1
4e860babbc86fb19382fff0ff1685e2939a05b1c,1
d36d4edd8017363cf6e67b024e2d8814b83bca99,1
d3a05de96eafd7b113183947441936f8b3f85107,1
5991eb428f3069cb99a2529f114c6e8bb1fb6896,1
f33bd0bb1075287cfeaef684d002e9944ff20481,0
599154f9e26a0af2fd077218a4828eaaa31f6f02,0
defcacc1a971690ddd06ea50cb4aaf7fd443ce9b,1
bbf5b486c3be8b4de9ec4d6a294f7a3ea529ba1b,3
3a150f07c277648f6c81009336cf2732851202e5,0
c53d6441d130afe9dcfba78a0fb8ce6079a8226d,0
17bd77031fd23c1c2621a1940e12c1dbbe14c4e4,1
bd4ec727e7c7aba528ef957dcafa6ef412d07682,0
692a6e7c91914a946a0cb660a8cbe6d755535702,0
de177ba6c9421385d3f329668ce592ddb0354168,1
eab44b30d487999450f33bc0695e21d214a148f3,17
fc56a547d1b50d4aba36540009048a302a34d125,20
a8b8796cd72ae1f59abaa697447fc30ef149e5d5,1
1000563d80c01e6795ef693dd783b543faa4d3d8,24
f66a1941594062e76eae86b95351a06f06e2746c,0
e189f6a8428e84993e624b81c1cef4f210a12ccd,1
1bed392c682f1f053fafb94ca51136f4f0003084,3
47ce810f524c1816288638d5c0f789a98a0989b5,23
7641f414cf581e4988c9da346ba9d58a67877779,0
dbb6d1ef45df31ef8d1dfc988f435fc2bea4f7a2,0
d087ae0b9f3b7a28708c6348460abb29d6056a3c,1
d1e5dc6319c7777e9ec09ded4c9dffa315b9e4d3,1
c5eecb11b2126c79fa9bfb8d9425d8c4fc5e86bc,1
cabb71ff3891281edb1fcad1ef1b5c70014d46eb,0
e7ab26dc9cf3ce23ba3570fe2b4812e1cf6ea2f7,1
d991a4c24a3902d7d84cf372b2305c030dabfdc3,0
8d8cbef1de3c4b8c8053424331bdfa08091218fc,0
ebbed2975e3b256127e4f6e56cbbe3ca6738fb47,18
c42b1364b2d5fc544673eac000b25601f260c909,0
02e5dad29a8c9c644d0f5a8c653ceb8458e4c2ac,20
2015aad867fc4e10cae8cc2e127ef31950ac1fb9,1
884bc63fbe4d2bfa510b80666d1623e60bd80c9c,1
ef3bef6b9e841d8174630772040e4222d2fab951,3
9030ceec1da75a824fbb8d0ff5e61029407df222,0
4640974e1b0c15649856330b7910545c9239336c,0
340f97d6357b752143a352b243592aaa3662cf4a,1
55edb37b527f0f3317c2c3528fbbcd0353dd1f4b,0
106227540e4a64f25d1a822c58edc9ad6cec41ab,4
008d0637dd68c18907f7890cfec761def6764233,1
cd9ecfdcb1628c89332e2ac772f1feca61f486b1,0
114d9db7d0bfcab03b08c79409da52249ba8e369,1
b410bf933bbac1e3c936087400c0de439fd73915,0
4fa05913c30a47544de0ee1a70a9054594f75e29,1
f639044c24eb928c543be705df831b05b5bf6c67,0
4d2cb70152df07912374fdeba3c83862f90e71e4,7
da90bbe0eb6604dc5d41e8850f64f545e5df7d46,0
948c467e1680e32cbd937fc6ce606a935ab20c59,0
4b93989a77f78dd049377cb362f7c4ef22f6b2e4,1
9c800d1f8c01ba3a2ddbe38ba01f99875ab2234f,1
8c7babb70fe74636106abc5410b12dfe7b5e4b53,0
2d6de3e59235941ed2bd5ec3c791a7f05c818791,0
121931062219467cada6ed2470644b799ff7db2d,1
44f091a41360bb6c2aeeee0c09eff488c1f33e16,1
c2b7ef1e7ed3152edfd8a23b198b06922bbbe38c,1
52ac2a62eecaaa4e174451c4126ddb83357fae16,0
d2a00b74e3736c87ed28b02eb3dcdba0c2bac5d8,0
0ad26d0de8a00bba3ba788fc38cec90a04ce6fce,0
574c938ab91e153de7bba79fae5d24b43a606b57,0
741cda0e476823f07c88153e30eb536568327083,15
02b3d6b8d3d8683a73376ef9f73a7d5e9e7702a7,2
78a48d7e3cdcbbefb69241f6184638e90aaa6e9b,0
ee5be9220698802695b1533b0775c86a18cf1f9e,1
fc4fb9eba1c4f6b12f4b5db5431fd1e62d6b821f,0
8d8180e028825db4f57ceefa46621ea28140fc99,3
e7e57f0eb4d91db3dd9454a2b3b912ae5dbc81dd,0
2b340f5acb605c9c54c880067742f6a34dec7136,2
b708196770b3fb118c3ec0d74e223a2e0649a542,0
587de1b6b609603499c26ba9fc52126634fae5a2,0
738f414d2b2e2028cf56cb9fa3c4894b8a61bafb,0
b4fedec0d17e26b5585e55cd1442844872bb3b9f,4
08e2c5a6ea833c90cf563e29fd4a981527ece34b,1
29337db206202b7020dccf6471358df092303c4e,0
17c86349c0fa7069e90df5d3f5fd5b808e4a9753,0
b4c37a676f4469d93c6e4a151434afb43e97603b,0
4d2119f83a9578492467d4d7c58707510cd48576,1
811967923ab7c9f1cd3a35c3cccba0903e7e61c4,1
0d0b751498f069836eb3a616ff38e51d0c502db2,0
4fbe8181630f66c7c59fb5966ac57ac78e500de9,1
9a1dfd0f5f38bce495af27d2e160d91718b799ea,1
e51f8df097c7e78a9319095fe0552abf417dcb4d,0
b322ac4417cc43a0669e64e390462604aa3eabcd,1
8ccd97e7ccff5b91ad4a8c5da484cd66087266d3,55
c7eeb09e8fc6f711280a8c9f11e07122b704601a,0
7fb69e24fbb41b71403c9169ab22b511c1e10797,1
2f1bf8373bdcea6a74dda4aefdc4083a0a4f2455,0
de8108648f487c284a10d66f8e16475790f01876,4
efe719f8989b534b3158b776f11ee361b2b9372f,1
b75e648f2c849ebc2a7d23c54d4b99755ae9c3e1,2
d50ba08246a693de75759e43ba540002321b2350,0
ae9b09fe94ae23f83edf78bd074470a31b93b634,1
45ea8749d39d1337ec88295dea4423ae86b536f8,2
ddbb05fd8de9044cdd881a20255d36c353869964,0
9b3a0895fdcde5fdec33643e828a0832a413f5ad,1
280af07b4c1258e4e455697ef3dfd4aa78e2af5a,7
0e2bfd0769e2c5ffb8f47ad10b0ba6b00fb206d7,1
bf8710d522a1bceae2bddea598693bac3950025d,0
93ffa0288c4feca9771c2ec1ee2e3759165305a6,0
2c34ec2bac502dd56ee2ba4e558b47763b19729c,1
378ff92e98fa552cf712a7286b8f5d729d880d43,1
45b701d38c02892b5d1f233c22142aa578df7c3d,1
aad9c0ed8d6cb61c701aae4cd94da8d9619c4dd9,2
506d78b2f89bb8e50b9e54fbe51266653299abba,1
6d62a4ffc8010ca56f5f438a9da96e781ee65099,7
fb8e880734bb099b80b031ee2b876e628a50135e,6
e2d4919c018b225d001453fbecc309277641bda1,0
4a212f707b6bd9b6014f28914f2e9e6e1bfb9015,0
74060f17b75647fa80a3711ef98636f3c1fc9068,0
d13c86f6f64bfd1a48648c2594644f779340af0f,1
a82c755a35c39578be059fcdb7b94819c79ecdc9,2
5b5aa1572b087f9643c71348afba7df7eba42b1d,14
27d579429847f7ff9dc5bc084b1c270e690ceaa9,0
24e70c915d96d9e73d0e870e9ff1bc9d2db9fc4c,1
72c6f2923f6495ca59d3c4431838200b038042f2,9
446515ab79c9f09176ebd4ed9deb21bb33d62ad3,1
80ab7495637e3dffadce9e446324b13dd573cc09,1
3b08eb1eeb6e31979cc97b60c26205f482e6b993,2
cb4704e07a52290e12f6aa96debb966298ddd38d,5
3c68be79dc139788fb976a150088e4ea5946708b,1
26f8f54c56a88c80d3ad23f43c0b5537f3ad83a1,0
f0a5b7f0bc576d13c1cca03c2ecb676906f91d8a,0
38279a02b2a1f05bfe3917272c517b0efc5fb40c,1
0b3142b45b2862e4bd3f35dcf7fd07941086aa7e,1
4980ecc1f76d8e8952ec5acfae33854f6f81acdf,2
16212432c9152a6e9f678ad7e21cfc7dfc8d7e7e,23
a569e8977583bbf179a962a924a80c31714d3ca8,0
2d55862499cb6071e4ef40cd51ce5e2980503a04,1
9b42658faf1a09b94251457d20a449cdf21428ff,0
b23f7100344f0a3a0e5a33c375c7fa83deb1750b,4
3d56b9d127f85471e1397aee7841e557f74321d8,0
cca047424d6eabf8faca6f8d464f2eb177ae923b,2
08a9bd017b1f8c57789510650f7d9aa7e859b39a,0
49ecaf774d783e7164bfc63735d6dc7b4365dd36,2
9171a3d94f45a4a83476f6846d58cf5948b9f1cc,1
5e6fdbb4cb09f03ef23594b26a1e4f7b5902fef2,0
4b3d5aec7acc3253c2fdd7b289a8fa40579f6c03,0
47b5c55c292d95e03455b54591bef500e9bcd625,2
a3e25a0fcad09cc042718407bb2ffad2b6b78f65,2
e2a89616351ea288191b1798045c202765b29af1,2
43947072d5f61a62710d4f308ee1ca4216f510fb,0
05868de19582b5f41b836c2eabb410d12483ca84,0
d7e4e8e9be9931bfdf23a721d274952e5195c477,1
4bdcf3afe4ffeca0831a73d498c515db59ef7bf1,0
c2362c1b3cd1a9ec1be35ae75ba9a470740a06b1,6
c06de0f0977a6455ef25d7d3e48ab16eff5b0cdb,6
f2fb66c00dc187cba5f1bc44d90d41f473fad0c8,1
cd441ce652579f0d24c36c4ff3dd9b6b5afa5858,50
32f8300cc68f182272f67e985f1a1893df4a30df,0
9c87bf835ce638b8406eeb328750f0ef7d0b64a2,0
08871d4d6e3c3371bb7284c913c4a21e6fca100c,0
4e13cd3f357b514485acb5c96f93c30b9863f11c,0
2403a1cf9c4fc0ecbb1f88789e77355a2c57d358,0
8529122af19c788ff72a779b7fec20f5600ceb84,0
f499be084ac6722131ab95c16a626f19f6365686,1
5f759a22007893d464ac5cc85c29531102ccb4b5,0
5f8db3f57446d6682d821a40851d460ac1a276d6,1
e1591befee283800ad5d4b7f6124eaa186ecb80d,1
8532bf408770ee44f3678ed9514406520d1b020f,1
81384dfd365fef5de63ccdaffc8e486ca2e3575f,1
0d793fb2be448879e548f5e68649eb07c9434fe2,0
664b299a51cd3e544c9d557d1f057bdcfc74a7e0,4
064efb20e02c6300f04f559545a42c31881e4de1,3
6277395e1ec9ff57d642ad3f7b2e25890d6eafd6,4
381bc6f0b0f173f25c6ef4c24adeefc1bef70ccf,4
663d2463dcf2504866c72dd463c90260ffede8f5,0
194185539d48fc6eb9e9b7a78efa90a238a2c9ab,0
3fd9b331f097961be54de59babdfbe8629673727,0
5b5270ab50253de242b43e983253ebc47227a2ac,0
db0fd021d0b351413656a29e1a477a3d4475c5e1,20
9eecb4404b4cb41b0fd46199f91d647f5dd98900,1
28fb1f8994c7f12f234bc56d647571d3bb8d2a25,19
b3a37b493df59f0883c2e03fc987c48253206c3d,3
5390c846a545e05e37708100af14c1da893a9597,1
efa7209acf77d669ee9057e3c28154e3d379d187,4
b703fa95387731fa6246815993152587c83362ac,1
3aefa043861388c2e21500cf7b016ae6641a84e0,1
9729e9c4500c36fed01d58161d44bde9a6a9423f,1
f331763eca9a42cb35e7c055a4f16a98109a3750,0
67f816ff79a58aeed9040e4d79acc120c3b47fb6,0
2bd4f333693885697d6b0a07dcfed13e68dfa48d,0
d698c89971b3c2f5a19a44b400e6c08be110a975,1
1a01a44a9455c8227470840d700447982d056a94,0
4770d7c34607f0a582ca3dfec0f6ffd28f913d26,0
c6c01eaaac8510d1a49bbbcb05e4bd17a614e79d,0
a0b000d752a30a5f8165c7c2e49d6c95592c2674,21
bd97bbc52aaca10bb9e3e6a04a683a9b57cec098,4
bc776706738359ac15c726b150a9267285210367,0
a1a82406063f6146f0dcff8751ebc29d3bef2dd1,1
3d7d034fad0978d4730f1f09100a295f1c766690,0
5eb7a79d9384ee51d978e2c7ffd7035b11c4676a,1
55ef04a5662f4859345ffdbb5332a0a17245db55,1
43a71ef226950ed75e26268c80a66a6acaa5f8eb,5
1582ed43bf76a5c007dbdc8c0cd11a08dea0d638,0
ff53819856f45e036c483e9435f8e8257dee15f2,1
e60224a943d44d5536d2c472fdae85e37f4cdfbd,1
85512e93724b3701915c92840106003efacf2dd7,1
78fb02a5add33edd4724b9420168d18f66e4e927,2
c3df293fc664058234a55e4ee29722f048f068e7,0
02735fd500f28d6501f811dbbac23b0b431e37a3,0
668d50f68e49d7489f82460eacc8b701bb630f77,2
26f866b9082fe02fb006afb0f0ce0f3ad8157568,2
470d5ac09f5b5fa54b3961944e9ba0ae2bbbbefa,2
ecfdcf7250165d1dea726388f850d04aea76983b,1
06593833ff44708b8b57641faa21898b9d71ce68,17
ffe55c230dd56aa1b640084f36d8bdf373de320d,0
d3efc962895b470edab6780a35d555c963ec0d22,1
5a8918c9ec11ab8f20e0b834db37f14ee930e0d2,0
92a27c37b317543d2dbaaa5a9f18227f99dbb7b7,18
7ba8f2dbc35dee6f02beb434280d4e5f8f345ac8,0
2805bf3d824cbdaeb0b88b2b2a795e5bce33eff3,6
3861f1e0da4488b7d0d1d4cb5b6089638d46138d,0
8806c7bbccdc48d25a77807e646ddf192c1ab8e9,0
189e60db55a0789ddd1283589b849e652fc1b988,0
dc22097b3a67ecb44ab33137c7d54bdacc8f2cd1,2
40e64b36de05d539c5e20c0f8aa6396a0389acbe,2
eb2746a34f9f7ac7039b43aff21360d01dcc31a2,2
fe3122774a516c052a7475573116646aaceaf46d,0
fad7680605329fbfe2f1b78f58ae0dabea108b7a,1
30f6b8456102deefed1c1d1eeb5b96852322ae16,0
89e630b2fba82b2a54b551d9d643f87d1ec8a727,0
827738a790adc595039084bf519b289451241550,1
9049f4084bad4ba00e4129fd13848911dd418d31,1
495516395997c47b09735132ccb109338e6676e5,1
a1a5cb5393ca42da11ba4cd7520bf4818361507b,1
360adc6a3bffb636e65535e9bd90cf85a66214f3,2
a4ed988c60f5eb030418a5d82f8905c7be537ee9,4
0e55c06f7d6fc9398c7f569b6e9e2b5516ae833a,2
5172d4ba40dff7f046ba70b32d274e94b36fb9f7,5
6c7f4909b1cb18f5eed886a7ae03d1f9f810c20b,2
95fee8ca819ac97ad281e7dcf976075506eac53f,19
678cbad76a0d6b93019ded1bdf22e5192ccd8993,0
6cdae3526138beb44b47e72fcdf833ca4d71ce08,0
714d52661432dab500b8dc0ffe38761f33feba91,0
05a041cb131d73a6517a98afc767e8c69a566b99,17
bb66ffb2ae4020f5e99b501d395e8d50e3346c58,1
75221fa6737cffa3e514502da0d929e64a7163c7,2
f9b4b90058e51fa76b90254d8f966c5c745b700f,0
8c0edb2de41d413f1b9495f0fbeb9093afb0ae95,4
03e44e0f83647e1ba7d8f09878d6c1c984c37b65,0
c5130fd23b8b7fe67975a064c1ca8bfa10b3cd80,19
cadf44105938eea6135ff208f13d2f6c1179a863,0
0c7c45063be83d4e01dfb3ed61f3cf8142d10cec,1
92ac133f2b6c788636ec3f57bb8dd95d81c14d23,2
69abfef82e6d076a6f8bcafce373ef0bf156b519,19
f5a036510f37da2eb73be9a72fb356791f21d810,2
2f6e7b7b9bc87141a8d606ff3d5bea4426a10cc7,0
88291d16562a279cbb48a3d4db14abbf592e7dec,0
f69b5afe4c314c657fff0f7d49e0600c20cc03e4,1
1a6c72cb573bb6d3dcc11758c583a45f662f583d,18
37c6d0f4ed7608635a8589a14e391715a243c500,1
c7d90dc5ece06cd4e0e7788d605626679edcded9,2
bbe4c20ef682c8079be20c575685af77b9246e47,1
319d184999bb8ca700bee475743c567815f3825d,0
3d3a91905984de66d959f29dd01eb095e5cfb7f7,11
08b485a31063cd767660f2bed66cce78aee34dee,2
a4693415559dea2933d2bcf1ed7bbc6e6690a8c6,0
66fb23edb55addb1f88a32646725b2b6a6a0f8f9,10
14652bb141143384343f3132cf38b7b2531e12d7,11
61de6daf1dc0cd2b23e2cf0476b16b2e6d18676c,0
80f05920c51e7c0ca3bd7a89773a713533be074f,2
8218558953e60003374a533a4235e088977944e2,20
6d68b12e28a771439c72e3ee8e74d4e1a14e6517,0
aaaf4febafa6c4c095e919395ddcb722cfc4b166,0
e761bdbb4b77c5653557e0429d125fc0d0035327,1
2207001333f362aba3b838d0681203ed9844cfcc,3
0c4d885d5b2590e6db37d5ed81ef7df4df23c028,1
9d416289cc75a49453e2749209058df2c8dde0d5,1
b422e390168881ee1a183ee1a0eb77fef9b0de6c,0
07c9a11c3c5e18503e810d491b352a898848ec16,21
8aa591ca092bc0a79112184d7da704470135f2a5,0
138c5c8378123a09f09043999ea4641c56a82b42,0
7527fdec0ba5e9e1036e5ee5d0f6d8943914ff12,1
e6effb8f3586e5324fc1f0e0e1926ed5a600cc21,1
2a7b1a85f7a0332a82d37311652dfee36200f102,1
516e79bbda89ab9be8adc40594c9f72440f1b911,3
bffa928954175b5c28c707cb0067d69938a2d899,0
56d5ae596c471ba02996df3bd79694b09d204905,2
3bdc03667e38f8533742265f4d3e8cab4d4de363,0
4041508ffb8ff4a07a8b3dc8ea5e7b5a9e85f0d5,2
82c2d308dc79e22c9fc3a879251a2df3ef4d9478,0
ecec5c5e58296ca72854d7cbbdec671e7a298b68,1
d66e53c42b51e102456b6a937b4c9353d2bd9aea,0
552516ddf5c02935e4849f0aeee8ee864d7a47bc,0
a28970784cb9e5420d47df698213a85f9ac1f32b,2
a9926b71a461f2bc800207ab7b9df275c1e0c833,1
41e9569dbce6a4f1ac3cfc42b742fa949a93ef26,1
3016dfe484903c61fd25d87b635d3704775c483f,0
d0ac4541d3f4f1417da3935d06051cf8ff836419,0
ce1d6981c291c92bebed30d65564b5756b2550d1,0
b6a3aef29735bbb8379b2f3172539dc9ece0f2ed,1
95f30529a68621f5f1735afaacea090f8cb50996,1
e2b87f6c85ae30d1d980902e013895c9a6a55f65,3
58339aea5f98456e920edc48ba49a976943d2d91,0
26b4cb5b42b81b217be31a56bf95d6f265836d20,0
c9271e610b3d1b51e8e961bea2a81cf03469ca5d,0
2f14934c65efc139d242836fb5ad70493f3e83d7,1
ecd490ed49e2d6d5e1754fda4cccf7f19cda8e70,1
abdfd914f8af9ba644411bd4c0c98064f9a707b1,0
388a58ec02cc0b275d450c3e213f9993a630f52f,0
754b0152f5c706546a4f45c7b165ebf815b79001,3
86ac48a3745e6123dd8b38616bf3192ce2219e68,0
1fcc9ec72186046e2cf7295b69f95b414ad1e640,0
6d722716f7c9976a6670c23c7b8832a9ec9375da,1
451000387dc75e91ef9089c1f6d6817c80ff865e,1
a0582267992db7c9f378ced03ded83291bf6edb4,1
13175ce7da7a1cc260e923df3bf81f801fb6438d,2
bc5a547d55722a87d41d2e4ee6ad32ed9db736ba,2
a3520b6f01f402989cdb22fa958f9c1f5740dd6e,1
1b9068261752e6748aaa9bb5e2cad9d90bbd3403,0
c8a40f06a6eea9cb3afab69ec5443d575ff05368,0
585c8a918fdbd042007da8d6ad8506c50b3051ed,0
f9a62f6a8ec0e2af27276f66fc016154fc3cbfc7,18
8a18c52002737e71ff142a93e78aae26fe7614ea,2
a79267217b2840edc367660c3dd10fb046770996,1
b660f1bdb8bcd5465c6347b9986001fe28da9f93,1
c63f95f2fe23ada87f68e699af24a41c301b7164,0
e01e52969e545ef4aba88cf406bfe688f47087b4,0
ddf3e1e22dc3cbb2377808909112f9a1e69639ae,2
a713043acd55bd67bd026d08bbc3068007625362,0
3cfea3ff12ff42c219cfaf696190ac1404b4ab37,0
08dfe08f9a7500c8c3c5074a001b2af3fcb2631b,0
596ebccd54e386cef5ae68d3152ba5494b2edc86,0
6e3556cb756904e1071ee1dcf57566c73ef42374,0
ddac17a195ca4a2a2d56ea8e58f8faa6f5e1d32d,20
b4c891dfd2be68198a5e8de61910e0226a3fbf90,1
9f6b8f7d5b7a1ee143b28bbbfbdb6e6c1f994ed6,16
4d6bb52b2654680de3f6e688e9c8f17173abe089,1
f13c4a9ec4bf52ab088bf3e02c562fc78104b68c,0
6903eb1c5beb91e3ce79c7ebc6878b7b3604be18,0
596f15348ddb6583a399cd13568b42c3060141cb,2
d7522152e1b8ed82b2e90eebb55b6eaaba29d921,1
8a4376d51f07a93308a7e0aa4ba25eca955e25b6,1
888443ca1eaf3427408a1337e5fa8d4548c64dd1,47
50b1a6bb2b2f4c0800d92e395a9928ab49387edd,1
b74af78736fe6c1664df4054fccfbfb5a1174b04,17
aef2559bd8ded4d0b8487a8ae460c66eb5dc33aa,1
e9d851137d88549a0c681d2d3922d9b202636663,2
14cd0f4c9215197df35afaa164fa1ec2ea4108bb,0
ddf8f5eb1044e25c014a0f5af99e89968ef9ce62,0
69511b5e5e386e9b66de4260a626fca6057771e5,1
675e92ab1f9e1505942125b4aca1ee67f4fb77bc,0
a42655b9ac352d9ac83f5198fde98b96670f3b7e,0
09150cae791abb02f8561d9bfdb5a9691bac3ef6,21
4dc4e2063fb79e7fad5f7e76b4864c6a8b6a5109,20
aaeadf0cbd95b532d5d2cee482c53c238a8f5e12,1
a6d594665b7b418b041d606ba7af74d8cf2e77ff,1
85b2c80838c08076c84707af2c1216316aafd0f5,20
ac7f634956254f87b45cdb75be782b23b8865a59,3
a454a88f9ce059243413033ee008a714ba4d8e4c,0
03bda5c141857f063e97a9314e52b65f7d2ad63b,0
50858922042315718f23cc7053cdc8a4afca7270,0
c827671299aee26bf95e2c91ddcdaaa9088bbdc5,1
be5d17de17040d7a812c3e9deb8e380f393ddfcb,0
56dd31ea3c1ce41c7b98cc7a7fa53742ec446afe,1
eafa16a7819ae5189ac750ca4a0486dc340b3906,2
5373ac63738ec6d4f757cfac30a53fcc117cda37,17
aa5a4716cf5e1f2a6a5f7d9b8173615ada1fc5e5,1
a878c0961452b6cbab8703fe97c919e158aeaa88,895
c4e6e41b05a6253fd7e84552fd9914a93bea4347,0
1a75509a3cc6a767790d1bc6aa17d06156052269,1
cf6c6074255c477cf336953e0503ba23aab11845,2
6f36b7c1cda13b5378857ff925bde4bd739fad9c,0
050e0bd2af416f21cc08f08d329b2d48582b46fd,0
5f7ad16b19f9dbf9cfe6581d2f677a06d5abd13e,0
96b71e62c0604e3ae60660fcae31e9a3bc5352ac,1
3b9c5404a4e413b2bee92ceaea68645817b91512,0
ea1dd318517edafa574a0b5cc605bf43eb7492a1,1
9b92bb8f31217cf785979a7f24ea74f6b574942e,1
6b13c430ae587c87f3d94485dbb7a16f905196f2,2
c2522ce1f50dd5efcf2ab3952a239097b8e3ce59,1
d32d9a3c5c565e1adb9aff4d81f3a14d96d2e18b,0
77e25043a95b5e86bf9d071ae97531f295e4dd7a,0
15fc93d7420b7fcc3bcf76c7ca1e5c803aa3af88,6
5ca6334fd20daf65bf83cab613fbfe847cd2ab43,38
9186be7b839c6e65265a750d945e9d13442547d6,1
d7819298ca53b8336b09aa147c77da32a6589112,0
51109d4af735cfe9b630f55096474e1a5556ad88,1
58ea246f98d15f06fbbfb6c0effad37b92313d7e,0
b65ea98d6bf407c2ff4d9ecfdef45888e6686406,2
0c7beb832cc7c4c5d0022f07aeb98b1defe36f52,0
fc5fe2cc2225338bb5df1f37769298d13d06beb7,0
1a97442d19869a95bb8f942548361c4ef273bcb3,3
4f6120f70ffddbc21d1df0881c18ca164be89097,0
084f6b5b448cb9f67297dca40541127ea260f552,11
142bd3f3e79b00bd39d0ffa6f3ec988d85a73938,1
a5a6b8689874b1d073bb730912d74d282ca13946,0
13f85a2b50625148f4fd37e51ff874b075b10a98,1
23567a1d8b1d96dba4653bec0aa603c431ef36de,2
b4b5c7a6b7ab5f0105c957814c7c96bc7b6d50b2,0
5ff10991c0b57ed8c59f46e8373c9fe0738fc1d3,0
6398d497b364cd717ebf07e5cb678be54b9bb80a,4
ddafb859e283592f2157bc00d43db6080fd85fb9,2
b95902053220af06dfd886b2ba9565845e882773,0
4e1a91caa1e2754ce478b032d0e323cbe564ee28,0
212b17d510324c8c9d981b9ce70e035f79bbb3e3,19
605808fe3782f59af392664f72300ca9c944bc43,4
6bb664c6906d9c87b404369b3ea3981cf535bf71,0
7fd024304809cf584410816e4f9fa5e01fe3d8bf,1
85e732d5fdc948009c1fa56ca5d344242e2fbf52,2
37c4970d87a746991fc70c3f4292969a90272b24,0
ad27d3c523ce8910c70767fe48b314cdd8814fb6,0
f1c1a8dc59d84b1d2c1c54c350ac4e2a2816975e,0
0bae00c1ed1298e297026d3d1ded0f3680d6e5d4,0
5ad7d263e9cace652f5fc4a7c3cc67685a322978,1
aae2f502e05ebde1bd7f158f07c195f6fba15a63,1
a82cfcff2d1e3cbbb91fe03cd7090e49525f8cad,1
2fa4bc344cefb202c4f5c72aeae24927eff3ca5c,18
f7185fba083b3072b746ba86f5460779ce131ca7,0
11b56a31ab210e728e2acb5b241a0dd86f8ee162,0
da47b83b3d16433f7980e16e1ac151fbe166b407,1
60c6efb75c3c8e05bac6d681e6842b8d1f4e78e8,0
196af3046728c9c804a973324fde8733919c39fe,0
5b7a6c217a0d19b0d959778613d5e3cc54bb132b,1
f508c54c6c67df588551408a7174145e19fb1dc8,1
c6f1337f5c871843af7d2905b1eed0e217078cdb,2
c2145566c78742026df124a621975b2cfab97a56,0
fbf69081b4614dd2e1ec460a1b34c93521b36bba,16
908229dbb3ccde3f92faa05e03f4aa13f015ea4e,19
ff7a303a0eb26203d0d268de51bfc5eda99a7ec7,1
77d6e5283bf6ec11edb251b23a732a93e68d2a61,0
24a15332b3b5adcdffaf55ecba3c8eff82ba561e,2
462a8a951e09a74fbded92069f5dd973535875b3,1
96f51f400f1ef444baf9e31b8788d64d6cdaad71,10
5076d123447108bda1782e2cee59ae679197e03c,3
5e4e535ce8d0bc1f37464a20d0b29dc8678f032f,10
98f30283fa7090be556f5352e2e5a7d76b893d00,0
6d3e4e1f8ff0ee4d8dc4e821733ac3c151fe52b7,1
ac4caab8f1500d044df48a7855eb9d30021afd70,1
eeef571be2b5d5602c02d8dd3bbb3ad27a1d2f49,0
c3ef9993b987ffd127bf9a2056aab9660df97101,0
96b2b3f4fe68e51730dc69accc40a73557f2c5ef,0
e34f4653ef8f762686bce7c5c0a406dc0fb902c3,18
1491d682fbf25dd97a683fe6ac24bafe10c72a51,3
27088e356f68d6ef684c001d3b0293ce6105bc21,17
8fb23e899fc6bb74ecd88f1403b8e26846416c1e,2
9589e51810c55403ab4a3f164bb23e31d710c627,1
484de24e2214c09b97f8e269c64b3c89c4302907,1
e2da7e5000c64e2179bb2748dfa96d45f9f0a4c5,2
d6cfcc9c8bed6c81222e6f64ea09d1a670e7de04,2
4f541c5bb5318b4da52a3493c484166be60caa7f,2
26b166d7cf1e363da2daefbc52fd097d88513807,3
5897b58a7056ea19efa499f5757b1319b977ef40,0
f4706bb90ebf973a1e9c92f80fc9a22802e34742,1
924285afa6bf8dec51a1768201718a590fc3c615,0
f1b00eb12be338979428efa42c08f4c03533c4af,19
89059080816ba07caf2ce6b16a0a30b8378c8462,0
c7e4b3044b9ca2ef865d3c28977de3412a8434e4,1
6c48852b2081838a9d5e7104c3a99a86ea792ff3,1
2142d5a62e0fd5bed2e39ea05f6125ad657f99a5,0
0c11566f426acf6befd51e9693eece83620696d0,21
259794c0bebd38b31c00268b6720aa8c241fd239,23
a5d00f755bec369ecbc1aa05a5058fc755c417a2,0
e89f01d0445b7548e19a282acbd67039461c0097,1
ee2f37f3ccd6d6e9429ed29b27e0eb52acb11dd7,2
2d89b5527f272378855fa2722f86bb987597b28e,1
ad0f70f2f34b9cc7d0b2d4c76148d3708263c720,0
d58c5ac446c56b926f6f950fb3a67cd97bf0257c,0
2bb5cf5291208f72053fe880bab2cb18534f9c01,0
6d98f47d1cdb51a72edd7b11f2d8af36940b3ac3,0
e58e2814730ef0d97636be0f5c6a6ca43264768c,1
32d798fcc7450cc19a5a0c95c65c493a7cd79314,11
59cfc84dadbcb927d5c18bd8faae5e5e50c372d8,1
4dfc49696502acb117a0a48d9c067dfbaa636bef,1
ec82e1e05d42745f6ca8f56cbd80d5847f5b8bd6,0
abeab792cb71a3349f0c6b8113d12c0ac9eda3c7,1
66540f8b84ec052e89de708cd6896eb60b70d8ab,0
68d0347e677e4b2b3788d35617a5d3ebfac7e11e,1
dcb4cdaa9e974b19b377e00a640017467a6d4b54,1
e38baaa23e8bee189d4152c848451c44277b7c4c,1
dd26c67bab002d66a361e3b9c47906f91a97bc9b,0
739dcda0f1dd53124afc627f9e8d69c3b9e9c5e6,2
840e13f664f6c326c0c07fc9ce0154feab1298b5,1
df2d0eb37ccc28f9fa8fcfb9110e2cfaab3c904a,0
db56ff588195bf89801ec57118d70174fd4e3508,1
0ed43ec34b3a8bc7d528b381823fd1c06532b93e,1
b899338c325ca5236627be41828a2510e500b0a8,1
735f1f5bfa194d6fabecb88f8e8558a6ce269bb8,0
fce1e843b91d3f0977918d794daf85924e6d7ad7,1
266ae90861fd9362a5247e188e8d2aed7f236cca,0
aa7a65e613e6339b07b29fbd65dec77d31eaf145,1
7de0161204171eecac6a39e2f54cf540282930e1,18
3b6f75511f1ddda77ed3143cb883587e215dbf42,6
170f7e8a4569f30dcbf423f39b858a015da2c1f2,6
c86d092ef3cafb6d7e6454da04764a48ce294507,0
8d0b2f358a50692b4fb0cfeffc5d59e1dd9cbd28,10
2bb56ef6deff56f2073ceddc9cf7fde6fa676f4b,0
a901555da4bd94573f0b11c572eda8d4f0cf71ed,1
d28db67ca9952ca8f315c1020c9708893cdc4074,0
88c6693b9ee6912d5f15bab7a6f80be2d6d55bb1,1
86200241306c1a66fb9940a16bb7628d58b41a59,0
aaf9d19954f648f6aba75d76a357146283231d3e,1
92ab2c7dd8e2089ea33b2a8f639bb2a1ffbcdc91,0
63142eef406df25e5813959c0000e19c62d87ce7,1
173334e535f03edc49854cc7c5892fbf441db345,0
fe4fc8849432760672f528d2fc31dc86f5698ed8,1
ce141deba2386f925dd74d721034357921cf66fc,0
003aab6dfd5e1bf7a498def145ddd916a520778f,1
6fac4d9211c32c9ab4bf49f0547b4a2c8b568b97,0
7ddaa79ffeee3857b25ec298cc4deb9acb46b4e1,0
cfd10fcba145cd98fa4c7737a5f605eebc742267,0
fa81b010332e885308ff407caee56b79ac0aa899,0
dc2281d2f41a221c1635e710fcd4f68f36983434,1
7fa2bda1b9068775ed9d2e00cfed805635e04b83,1
9d5e1f32fdf20c8b26945a0357f70b79eb1f963c,1
0c2aa92b079acdcdf5ac9d309e1d4eaf9f7f3305,19
9bcb72e7f81074321d805845ac3b2edde1057ef4,2
3f6ae857481e902475b2fd757c7b1d5b10b2981d,1
71b4f189bfd6f53dff4e94c0ae974318733051af,2
1caa2628da8cb2cfda3eb5e2f47ebe8183c8b267,1
c7df96114472b09ba4d109f59a90f9a307baf081,1
1addb50b6282bce364ff60da0c31dae6041580b1,2
21a6b66807446ca2fd7e3225033045e36e3d6ee8,2
e523a0dc616550b1394c2a5edc0b2772f64ca1e1,1
ee9bd66a68a1335cfd65265b941acf598ce6c7a8,1
3db5a75f30189fa6b347c07a451d83788f16bb2e,0
8a2587f017a6feb6fd68f344f5677939cdd89fa5,1
ac69fad96d0eeafc65016328c5fdf2ee08e2cd0a,2
39ee9c526baa112b0f0c08ce99009ad26887d308,1
cafa8b8ce33cf75fc0ec8cfc2693945a9b9072e5,2
27b2e2e786926099eb1d49db9f72b044b23760ab,1
a4062a47acfc96906b0dc822b1ba31a0baea8f9c,3
78747b1328e46b55344da14afb735994f5c16809,3
3b0bf88233385cabf5d6fcbbb5669cdb0968d28d,0
ba84d8d091b13c90c7cd3e199ff3a9907374f7a1,5
5cb8ec68ae9566cc98feb798e548b5337cec29c1,0
3083ee49f3710166f0aca03a084646b28f579f33,0
00d36d10e2b1edf5a71af7abf149a8ab3a7c9016,0
dd94ce5bd5d62953a92bb484767305235c7b6c94,0
9a12054e0ebae51c193c609edabe929bcad95ce2,7
4f04bf7fe8b6e1f7a7de9f839ccacb75a26f1496,2
d988708cebb3332d867f23babeecf9513f7a400f,0
026ae8f2f0dbb810695c658dcab809d83e6b97b8,1
90c97c818577a3d3c245c06b7f25979741a008df,2
34b17d4a8a9f08cdae108ad983a776b9067f578b,1
fc30aa9d88fb2bee49f0310ba391532f7c42afc9,1
b281001329ad661464354234f11ea5b4e5fc7d3b,1
f90a8661cb66acfaef0aac050ea6910d05494ffd,21
3613c550fa9a48934515b6a71e2e96fecc3c6d7e,2
1110814ecf8aeb61afc2b9c5566fd3e579b14148,2
a26d70e93244001fdc80d1b6c439101bd07480e5,2
ba66336503d245b94eb92749af49cef2566e23a2,4
eda821ca1cd901137cdcd9f03cd5079740a63df6,0
25b1556a94f0be9fc96f4eaf12b1c79a6b0f8566,0
3479a07cb5ded2472cbdb0ac9a7fabe7e2a9852b,0
2bc2485313cbb8908519ec7f4566363c62771dce,1
86c868771b9587dec7ee63e3b997d4ee4e0b1fb7,1
91de69bb6e95952f623bec50ed6a21ca6ee0f05e,1
f2558b1f2c8df52ffb2dedb0943771bb6d6c7e4c,4
9a661bdd593bd35e7c259cf92ec6faf1b6855917,4
09c6323b68567bccd44ee0a89a8f3084cc0efca9,0
5905ec5ba8fb4d39fc8584eff241e6fe311c8814,0
af1711365b897a6f7dc1d3c88f9cc7f402439ba5,0
daade35253c109f772ab215df74197d8008dda00,0
ed622ac79676f968d0d62c13688c72460c18b0a9,1
90c49f5a1457c509c41709be7f3367ecba7edfa0,1
bcf1e027bb30a38354794bc9fe26d890c4216005,1
c242bee44940fe586b3c48802a558d5d29614dc0,2
b6227932f58df507b6f48f765dc6973f160b2302,0
19741a0ba6fe4b0904dcc67596133d0a7c299feb,0
7aaff371b0cff844fc642e2d61cfea43c6b53060,1
db86aaf38538287f01df0d9a827ab288ddeeb01f,0
5847738bf911e0be3580729ea50a2f1aaf785df5,0
837df6108cee3b73505007689d38aee46893810b,1
7c16e774cada5cc8a59acc17becf6dc76d81c570,2
40050db210171dfff8a21b6c45efae37a584fc6d,1
8429ae6beb6c6306be5b022e783bd3a9aab9825a,0
c7353d79290d3247426d3424896697cba252bfb8,0
339b5b3e3442cb2e513daebfb14437604ac00d1b,18
ef2fd620e9ffb37a72308bbe63085bf473735ae1,1
7b5d6ba315df18bb33fba7b39503b51fb348eb56,1
d7cc2c0847d3db5ef232215cbca81c204556e1dd,1
36a49eab1c33d732dad85660fca15de9eaa6b4ea,1
d4a848c72a1f38cb9631feffbf4face4eea1338b,2
0fc84b75f45ac4e0cddfa47db6f08cdf05f7e74c,0
04fdb4de7d1247f0cd5de7df8e104915c2d8159f,0
4b75b11a539a42ff159833df5ef6da86d58e91ad,2
832e1c1f2a8db7d8495e8c5f72142c0cfdc577fa,3
234987ee2f6ea001fd4fe934ac24cc8057820b88,2
a5452902a60c1513509be403c99ba6ba494f3e19,0
e0830bf8f1859088a191d65c2915d344b26c6593,2
773229b02049297adb4c67df303453892083215f,0
86467c24be78c47b740e4cf3e968687c50e6dc3f,1
a8e4d7c135a323a645756af13fcc0866c8b23e04,0
e06931495a395eb70ca2175b360885929370a69a,0
5ecd75eeb3a499f45fb5a91a1c96943960124153,1
8ec8d59df8ad647da81f3edb39866cf508ef4560,1
404c36c3bdca8ca2fd2349377ee74e41faff564d,0
1cc622b1676323a67424b8b7fb73abaccc8ad78f,22
866c5be39581c669b8db268e26f43f20b3167f6d,0
6e52b0b723a018a37609741b351db86473f37865,0
88367a37f7b4b21760806f7c8a1aaa3e487be2c7,0
b20bf1826db04e1f103d65f646466c050eceaa92,1
4fb8013be17d78dd52db0ed4660862d32048c35e,1
b243844690958952b1e9ead000ff7b69d04869c1,0
f2abfd6d4804ba32d50021d68bcf93be9906e562,0
5da7de8431f7a40ab3d2f830b5d8b83300b05eac,0
2129db581e543c7189305d96a07010e4206ae427,3
0493fccc0bde14bdd390abcf2b1e59855faed7c7,4
b05f448317912d587824e758088450cee5687ee3,1
e08dd0d831511ee32035df9377eba0ee481a3ee9,0
9e95f30de052b9dc2c080b31bc6c9a43f07fa8db,0
8e5099fa0c3b35dea76941ff2de1fce08a6372c3,1
5cfb2533d67907748d57461b7571df132bf8503e,1
de8c0baf8b103ea6c28b00fe4e0261d72eb4bfa5,19
fda8f96f00d3e0d5da86c779de858e6467a1231b,1
9a3f6767095e22223b0d773b76565959be8064a8,1
69c00aea4cd82bd8222cee7806e4816fb8a313a0,19
9ce4264fda3190c005865f43011bc1c63942ef83,0
f8e10ff1d8c9924a7efb8e4fbb930642d6ab7802,0
50d083c3e6292c0ea168561ca9afcd73d5e43d9b,0
7eb476597f42052a78357b89728c5f1c0b88a307,19
2eb1b102f8480ea17e84146fe9b3b20af6d68bb7,22
cfcd3d7b3eb8ebf987b926f659450c104e4ca858,1
5fd20ecac3725f84bf8f312479b7d1526a5b52d5,1
c1b953d38f60dcb08a7a27498d5fcf2fe23cc5a4,0
bb56b1e74c0915df91156b1ed2546afdb28a5f02,0
a781a6f955b687c9a43d9cbd8b16fbe9ffd69dcb,1
2ae739464040935be6476f4ee6ff8215401c8bc1,1
525d8256d454fd527b4340bcd939f426c5401397,0
b9301e6c62453be0002cd5057863a0d9cc4a8e10,0
dc0a3e37be5913b730f8546b961d265d098af9ef,1
46881c846c2a13a0e9c2882d171182299921bd90,1
edf376ce0d33d6157e9a1be94dfe6c8af15ae7df,1
178aeb79c886ae898317e01b05202c185cd1a03b,2
0439483bc83f91ca4466f96b4628a189379524ac,0
c03e5f5efd5edcec266ccd238fe2a05686dfedba,0
910d3648bbb3ddf4b3d93902cf2ea3fb8702af1e,0
63d8893f5d15a4c0c60b5d1aba04c26fef0b10ea,1
081cfc5cf37b713b4d1343591671826a3c4b341e,0
fe0fe184aa769d4ecc23e86259036bf9ce337dbf,2
e773d081c0ff1345df7c61e15c801c607d384c46,20
b63c79b5ff133f925aba2cc8ea140418945b480f,0
068bc980ce90d9dac8dc9ba9ce49868c6e9f638c,1
f840c7de4dadb622e82b2f67f2aba42648fd71c5,1
c5a8755cc0d62d3ab20d1352bbcdf73d976d39a3,1
bc33016efcd086da4e0e002c1d54ef9ccff5a2b1,0
81918657f4f8a18627982777bba45796f27de06f,1
56acaf359491fb42135fd98e2f7a799b5a126085,0
c218db136a655781b54a1bf476e3a24c236aae10,1
e2a197ab71f4f4157d1cc0460ceff6a0f7789d96,0
3a1ac14bbc6f6299e5bbef1270d3d6c787260332,0
c5a2ce4366a02ecafea61f5d780400f71cc3c891,0
b1bb1c7989727e3707f4978100ebce443645f786,0
9cc571b312a030379cc19af8540c501429c10269,1
3e5312f116bbf08b93d5b26ab2f664f4b2e62dcc,1
e087a99a10b2c11a34876ea2ba4042a77f918544,3
47e3564bbdf1c244fe382a350e9852d6c11bbe40,0
ca6c6ec4ca82162fe5e8b8aafc122c1a2f4b4894,1
fdee2be49c5258145e269bf2588afa5cc9aae738,1
7f265db3ef77df6b87803b5f849ef1827f76b1f0,1
02550af7c3a5a17ee158a620c3625299c75876b6,0
7c770f039cb9bda4b79d269fe02c0210bf02d19e,0
925cc305ce6f0ed2e526c2970f038d00ad86a035,0
011f4736f1382de685cae08db66d93162e299357,8
906c1c066f84def6641833a398e5362bfd4c7e1c,0
b30e4528f1bc808a3b55ba46ad4de962528d3b0a,0
803845ec18fac0bc83c4b31ea19adf68a51b1ed1,1
f3a7a5c99b5768cf3b53902cad149a09d5661329,0
8b923039e2c20dd5f3e1b4ec16011676ca240d90,1
386140f361f6aad111ce64e6020de453ba440d37,9
1b7356b3a19337d1bd2bb199e57cf3dc7d270558,2
f3562dd89580ef88b0f9c53e944933764cc3f866,1
562e281c73be49e52e15c2143bc1688c59aa71a5,0
2925eb0b5906df51dbb5f03540f2cde0b7643933,0
6d465321b5af2e685a81d18e9195fdcb3d02586c,1
8198cc30b5d3f875a34e8a8ed48d07211f5f154e,1
95acba2cfaa30919f973220910a8f5bd2ce0fcaf,1
50c31400404b292f91a2373838353213b41edf17,0
6bd20371f0c134f44affffa873ded446bf671c19,0
96e37bb70a51dd0d2bb8d9890bc59de42fbda6f0,0
13d758c6519afc4ba973371160d50b3b84e6e4df,0
518068a5a8c0dd22deaa657f0c91bef4e123226c,0
1b81e5adc743655aa06c15abfb732181af65d4fc,0
1acf901b63272cc8eb4ad7a4126868320bfb0176,1
907aed57db9a8242312ddee3267fe2d46f907f7c,1
3ecf38d32e9d2bae36a059e253cff4717a0b2ed4,0
dd3a06a95a73fd79da1fac16dffbaa51c80b1149,19
843aa90b5a957cb670b21d4bfd91abf6e4dbf237,0
a644ab1de48742c6c432190039432b67d0f821e2,1
cba26988712ea49f1654f7131cbb7be94e63b96b,1
c3d1b7db2d6552e0be515817ac8846e9149c51d9,1
4e17187c9650eb4683d6347bfc8cb139346985db,0
5e18d650c4231ff76412286df6b4e50e49cf50b8,0
e0b0d1eb6b476c6180ed08608476c9e2158d0e94,1
85883da90c00eafdbb13d2aa76c8af19ec283468,2
2eca8d63b36f253c892f3f4320091c825d425ebc,19
098fb8f8c9e5df3a5285a71be616267a6b809849,0
3460d01441d96acfea2e48825b6efef897a8a6ac,0
c9c7c66b95af2ebbeb901ea6379eb37cb7e0d269,0
d7cbb2eec964ba03d6910e6caf58c58e8f133732,0
f834bcd43a8d8a1050aa66536015faf9ab0c0efb,0
047c412df69c2a99349347e0f176f91b5c58797f,0
5fc6daba2bc87696848c66b63cf8b8daac87d39b,1
7bb15a1c5712a7d6f7eac507719594aa473d6443,2
dc19b69697263524bb6d563fad8b7dfd5d2efa23,5
165e73794ad049b44ca5e47a74d34af80ce8d1dd,1
479d307a44b45d41e3617706a816c88fb1d0219f,1
9088802da19380c40e830ef66978a2ad9407ac6e,1
cc4bb5aa09db8077e60f93f23b36f4063f0dda7f,0
801cd48a72af44e3c84b1d757fe3cd12eb2e449f,2
013f19054ba11b4c9d82c00abd41b261e053e6da,2
471d30cc1c85f48f20306abb0600b977b4fccfc0,1
5f840d2e30789869e33da57053d8d36d0c39b611,1
7c7e30f4cc8088b3c54347e656f7e433fb3b61af,4
b80b40a57896726cb2a1b7b41aa5e027e4e2cf83,1
573d772c92d30304362ae559c448981d532d56f0,0
3f7ae9a7cec93ce9d078ae61c798c1a38f04fbc1,1
865dcf3fb4c460ee1d591fa697b80d8d501d9517,4
2f6c5fe2dae343d0b488d5957d34063edf7d0c79,1
74effedbf57c8c8108b34d5d7401b19211c98b18,0
bba1f1658916ecbd0327e8611a5a2e9387fd15dc,0
c506743f6362a5cfd40b7e72973bc3129ac27c6b,0
48a4410f02bae282d1d646f5713495f5901cf7a7,1
ff9511b870192cae1c64b24de0eb0448e7b7e662,1
e215c7100d0b5adfe55553c93e81fcf1ba8d977b,1
6208db3b00a0e5953babb319142d94c550afdb94,1
62612580ef8b317baaa2be2d4af7bd37cdb74a3e,0
e48d0263bf00146e7a51946a20a45fa7e6dbbefc,1
e8b80d8c20423e53bdf0689d87599a0cab272a57,1
eb61051556d10bd612b8f87ca5d5a6c125258234,5
399101fff31d31ae2237f33e72efa7ed8c62ab6b,2
2988147880d6f1055a3b86d3806775cebe9a7166,0
98f2e9fc830ec7bc6f25e32541bb38cab6c198ce,1
1af5d7b35f38e49446c60205f43061f6b923de76,1
d5b19a49f626e387447b09357c060e17f8d1772b,0
9536e28978ce9419025a16daff392759ab810ae1,0
da2ff4a6d3643c1ddaecba678d49c7a3086e7f48,1
90f6f02aca493c0174998241b64377d47806876c,0
fb38d698db5a056d92c68275cf14e4c677e9c0dd,1
d5f0db26dcc289e11b546209702afe17d453844e,0
ce58d1d4d5b347844b0cc4c60d7e514cfb6634d1,0
bd5ca6229000e35ff6105a15fa164a485de48f14,0
582b58e660bdbc3bd39e1499280d9b7d94a27352,1
a70c3ffc214de7945c9c3299f50263bafea7a76c,1
0f247187b8c1f4bd594ecb211871926d1aea9231,1
24cde86a4fff0213d7ca2b2a66358fcd79261263,1
86372cd394272be0630b8e95c4f72386fd62badc,1
aa97328cd35e891ba045363a29baa64378a39375,1
f936df950701f92e32b2564f2031c7b7c6ad0438,1
f5c2fb27cda0241d82c0793ee7d0b48d43327c14,1
8459f7fa5c7d0425a13ad991b52d8f7b6059111e,1
34ce9c4c1cdcb878ab30ac34db338443b04bca97,1
03d5c9a4827e67cad4ecb04b482173faf45ccaab,0
4ea45d5c564656c42e1bc8e7c32f6ab6c0bbc6cb,1
f43e37bb0cf551fe4d40c8750ba086b2af72fbb7,1
92406826307eafafd3e2efe30cec8402e9886f00,1
6c48b4e006fea28148404f5ab952881bdf2f1091,0
4b8a71055eed04a38e65574020258878ad7bdf66,0
1220dfd5d6af93d316cd53a3865939d9460fc0d3,1
ad61a8684a4671bea3dc8671e07ea831951f2cdd,1
b5920837eab7edb5426087e178b7abb1af0baa5d,0
53b397ab1451dfbfe1e72893d2c82b53f676d7ed,0
d6fe454a133bcd1b179a3dc189b9f90fec26ca7c,0
2abea41c41cced2ad040268a31925b3c16de5cec,0
1bfaf57ee5148a81a9590c0cd9a1af6b32d42593,1
4a4b797dca73aa090abc0f5dccc07c80b27bae49,1
1ee903f30de093b955bcaedf654169ed8a6bbd30,0
c5ff2c7d3272581feec1dd12df2cb70a81bcadba,0
99898ea652eb6ce01354d81b851aa743a8b0987d,0
56e8e2b0eb58ac2f29ad8dbf5219e9baf60f6202,2
d5ccc9c70ad0369b6f700b116f2e4f23aaa6ebaf,0
040a0c49db8d64c4288a3cff5ba8348686d526dd,1
8b843e997a25b07c94a66fc481232f803e687b95,1
3cd2beb750a89164d4bd53462f35785c04a5adb0,1
34bf9530c007eddd0f0e3a27147d08ebead2a4b2,1
d819a4aff9c7ab2737f2a7391b96d589d91cdd84,1
1326dc72583b38fc284036a320a4df1d906e72de,2
0433df383556c37085929b442615083dd0bcf094,0
1d6f90b0b1b3728b2c0def0c413159173b8f122d,0
dff6adfbca35f319244fd5afae2ab92c21202a55,2
c0e725793272febf3d4dc060dec56e5de6b6d17f,1
f94900ee79de055b8379fa22aafd25426aebd0a1,1
de39056f68f8e5c6a839e166ba66474037363ecb,0
e0bef7dfcc6a07a63a045af852c0f30baceaed2c,0
fd0ac371b0c3f555af33f040eee37bf329ec6022,1
c4d7e0307c45946fcad81b69bd9d915282cdc206,2
c045ec8cb32e1c0e687a3fb0000a5408f60bc6f5,0
d7711747973ba49c82982ed3652cc297c0e4ed52,0
f2032cfcf69a34aff731e03b30e94dd9a92739db,0
fa97ba6230c2b2036e70940e7ead79d3cc6b87d3,0
09c6f80c1e43b41ab1f64b79706718efcfaeadd1,1
afe7d26543db6b6f2a266fd38a6f19e11b0fa3b9,2
3aee89b93a56d58534402f8abac2b3271458758f,0
22a43980e84c7b9eec8d05a9f36110bac3f0dce6,0
7a2f73c6db950d60f645de8f5fe24c263721b769,1
3fbf67e5cead5cb6ae0d58d77e0373fe7dcfdecd,1
ef2fbaec98993b313439b3bf9f0b371c3a3915ec,1
dc109ac4e2c3b22ef4f5fcd7c2f2b3f056026150,1
6730408ec10b5dafbdc356c3b4d02f910d85b1d6,1
056b80dc53f54ac855f5615387c649db7a595eb3,3
c94482168bbf74ba5444390aaef5cdf084de8b81,23
877fb1f588a4444252d41aaf51e59ab4d368d70b,1
d24f14a799bd76f22c7eea573db578c9ebe4bd92,4
f9e1a0ee6c564ee17b95c2a3fdd3a9b6d25ba666,7
cf9a171aa92a4f43f0f61309c7145e46233b1c7c,0
783e0122d6f5a44d08fedba0bef7235647b6a1dc,0
2b016495337fb7ec831ee75eac0011f49118c0b8,9
4f24323817f82d0fb81f4007b61ddcb09da5868d,1
771ee1c1a9c683fe3cf43f1d6021644cb4116519,1
d659777e70cd2ff34bd626f34fbd55f986fd22ac,1
5719fcba512bf57934abee2b931350fcb6c82ad7,23
80b8fd1cad89b4449507591ba78883e2d218b825,23
d1c45ff80b037b2810cb3f4bb817bff4acd523ad,1
240b71ee1c700a64abb61422d80146d204d41b4d,1
b0a3c7a91ccc988c4aff478e7ac693b5569ab833,1
782c598e6636568bec909d6f320cdad0e6fd2daf,2
f08b0d034f984c192c2d4c6bc8d59924e42fd898,0
09437466b1cde4d5bf128a640776ab23d4df615e,0
2b4c42610c5aa445107774333cdf239925b66ba3,1
a617d12f706e290925f7f9fdf426751482180608,1
868eebfdeee0a0d00d35496ae95baa7e8258b278,18
e5771346a42d327820328ca0e43ebdc6dd27ee2a,21
071c742b8af2b700632f53d58dfbf60c3a9d9b84,1
2ee599d873c883fcdedd81fa0fcfff0522d39e96,0
4e1bbdb89ffa733785fa72bf43528f08d6c14bb2,0
5fb88a2754189fc19409bed2285387e7f8fd6db3,0
3c14c01a3a0199df6001d010820b793c8bd3df35,0
93f690afdb01c53a4af6100aed9042312ee60ab9,0
6b1d2263a2aefbd8b9dad5ccf3711a2cdf2e0f03,1
dfe891fe11000cf0741906d4aef33a1b63348b18,3
6e0d627c8c97a660233f69b76ad2f453f0067728,1
6c528e63eb10404aeac4239d9def18233c8b7c86,1
949172606f3e3311fe293b411cdc42cff1d3a172,1
55a248d6b4f616c4794138fadcdb754c60dfff85,1
04b2abb6aa4723a1cd3e262a12f6b7b409fb8719,1
81593cb3cbca2b9bb6ffc2367a1938b13faf2d89,1
4d0d37aab735f5f1265bc7d06863aea5a487fd09,0
6a245fe4f741313169e2b87f67249eaf0455209e,1
e8f8a46ef51dcf3045c7270f29868a6174186d18,0
b98f72b48339f138e314137628d7603bc1e9423f,1
a393941d2dc0bb5573ce33487cf7ebe3c26f6de6,18
097cc75ba8b5a3f34464e60afad58e6ba0913b3c,1
1e1a18e091b1d951b01c1ae9adf8e088e62b28bf,1
0b4f65dca83d2e87a758c59953354cf6367247eb,1
8e05b0037b4291c0416f0a4d69e65fcada3f60c3,0
ffe054c129d894c9edde3876ea745dc5c8ac00b1,19
0d6609c3c5335eeefd1506b48e7687826a4d70f2,1
af89ccf96a3bc29c83e1ca64ec12fd1a385887bf,1
641b30217e48435114c4bb81215bc08ffacfbbec,1
41aa4bdf1fbcb642669b060b93189ad8c44e3f69,1
92882fcc51f1397fe88252e192a3814b636393c1,3
0114cf110150139a91785f479aae52838d2697b1,1
9c43369ebb7e13c04f72d7b110d138d1e051752f,0
6791401ca7ec74e1e20f26c6bfe8eb9be702ab5e,0
1da9d1017310cfc71100d882b4d7538b2d15dfef,4
fcedfd6e99600b093cf3adf1efb6c31db2799b39,2
2512d8fd5eabf06a63b8665e94464a3731ea8432,0
f543aaa54ebd04a92366544245b7295f36f44072,5
f2ffc8b28b943315c53983479557d32bad96a160,1
26279fa43c97d938fe5bc576bc4c7c172cd54286,0
0bee67e5f1a054e84d34c23c7629530906288dca,0
709dd5aa4d1b8c14f2df6b450ddf5d855782b56b,1
4f852261060cc4d62df54d34c847a69b37da12e0,0
bc86ee02714d1135721f197fbfe0a6b1cd8e3fc3,1
cc5059478ac5edf5900eee361d730d1240604589,4
82ef101ed5220280fb11c289790f869b816746d7,2
33a9d328006d39539383f428821c5a4987760059,0
6a4d394fff9d06ec41bf62fa5b5183c91b54207e,1
de333c4fea0d71f27884a616b1280cf9ef93fcf9,0
0f835c0c4e5b6427dae0fcebad72a4759eb297ad,0
8def2c31db8beb14f9cfe64413fa6646b5d8cca3,0
b919a6f1827bb1fc4d6b299e8d4610bce1b95043,0
8bf5f7c67651d8a5759f8844f1d51ec1bdc44996,0
31450ad498faa96a011a4c120f72dc5c1a117829,1
187c183c20700231d63dc8f1f348bda071a48146,1
352294b5f5c24dca719b285acd455da65593106a,2
507aef055f5028292802f68c35e48acec7aa8809,1
1a79b13b7a1e6840af87d75d71c86361020436ee,27
7f81aa7ff310d396cd08ab6b5adc310f4661f2a9,5
5f32184254556b6c475166197b1db31746176a63,0
05765fb5707e3f75d2a9b48b24cd5d646e6a6e32,3
4402760739d2435bc58affecd70b0440dbeabf31,3
f0b96f5caef0f2c50132a01e6926b004a0eabe4e,0
12c0bf952125a43692a5db3308986ef21d0368cb,0
c6577aea603e937d9177d7900fea2ca85f0df1f9,1
ce0a9d3dc64061bf9506cd97ebb6b41ffbca170a,1
4ed8351e3d1c64f11d51c78bebf5b9a559ab9a88,2
70d1d4de5f088b2228e37c01ddc3a73f9f1a2486,2
0385acea7a99b6de654162719e40a1eb5635febf,2
27d70599d4e7da415fae4168436719691ecb7d31,3
372f93cc7a2e10bf81ef92328a85a15cc25d2fcc,2
6b01cf07c2018b7f343b1eb7c32091fe5d8773c4,1
9e520ae319997bc4b2ba9fd7fe603e704ae93e07,0
f83c03f594dcd5b1687d7d62ebe9d1a7bfdddf62,0
3252df7998d689c4aee5fe42f3ac43fecbc79995,3
b60ea95adf63c35086efe6ffebed7e8e412c4130,4
e0ab06cfae5d14f97368e567dbea3a96fd062013,0
0b8ef5eba65e8262642100425ee6b43e6e10b58d,2
545f7997eacb3018e956cc6235eb3c8cf937ba9a,1
3dcf6d42ff068c6e3c3bcfe908acc7aecff30931,1
5f8e52aefb62035158fb667eb2ac2efb02032b39,1
0880fecbd40717fe55c276c65ff62edf8932ea93,1
f1ed3103221756022785c6e0a1a133336ff7133a,2
4b697938e6e5cad0c3c66340bca11ca8c4d6c407,0
3b2d159abddb5ed217bce791e590bb818e82a8db,15
2e4ddd5c22704cca789545f66ceba6eb8bdc9bea,0
443e6d26fe624736dc1f38ced52da0d34ad55f90,1
ee71f5a3208a92c6a5b1d4929eb225bbafd71114,0
7950b5268ab76c2f02827199ae1e0dee350b4475,1
e4039a9b5bc8e10bb004fb7a4c7c4b725fc0edd1,0
1d987cd2809968a7dda28bde3bef690e5f04e875,0
d6f92f9efe474b45d3497d223c26bedace5b8ec9,1
ab412a2153fbd47757512e87680c58274681f26b,1
53cc6cca465e9e45256b454bc467b1ff05ee9cce,34
5955a3063f2b0ea9aea617320e65c1ecee3fd3dd,3
67fabb6044b5ec49e3aaa9ba8c789a42ebe412b2,0
d1bdd25b843399182b874f0ffd75a64ad4a2d3d9,0
0d554c10ac5d7d63548dcabf94b1db1d8bfdbc28,0
cd4c3e90bc5453d3f24ce6ef2d46bf2afc5ee5bc,1
8cb04816b53ef73733a81fb1ace4622ea2c75c70,1
4b31c67dce15f31b754a59bcd6083679aa1c0556,19
e08915a723a2fa2e9e357bd0ae7288556e625080,16
26168676e7f215d7343991768c35ddab5f22770d,0
f54315c72829375dbddce1f3e2604a26281d98f4,1
37a0806420b87a34d80533237d1854b391a05156,2
f423716c6a69e916eb10247553578351f96a164b,1
627f39e1e37103ef3fc5c5e5733fb50af77e8987,1
fc0baec991024f1619ddf8f0e5e0f012a9707b55,0
18de9f55ac7d36ede09fe19257b4bb411b82c74c,0
3a1e6b1752794c5707865f8de32c46433fad28de,0
1ee76fa98127a89009d2797ac48c1fcb5007dfea,0
94962ee678ed9d0c3949e0b9a3e9d671b31e7ab3,24
14afe1a017610e1530185b40bd2676e45695cbb7,2
c606ed447adc4ed27962c931b44a4f72b5d6fc8f,6
5d8036e554fd0f73e9e0d4642cd54194ea2f9924,4
bec112de8793230d469fa24c9994163aa3e5fd51,1
122bdd187f9df02a6d9b59495630e40da307e82c,0
f394c0639e534938e54768c3b524d04e23c0b410,0
9045ea3adf0dc66008e5c73cb684e3654bf39665,0
f52f388bdab5d8552dcc9ae6f562d10a47929e82,0
f077c7abbf93f9a0c70cafc70ef2296822d433e7,1
6f9442afca75fd4b732be9ae9f63acc12090110e,0
080c85a4c962d896a0dc05b8f168764aed05a4b0,0
0da744b7b012d7890a2289bfa53147384a7f4078,191
4823791eb0f553306bf4db469b729a45a2d5f7e5,0
af6049c6c255c7bcf56ea25671ee983d4beaffb8,0
80f221ed114aa90aed98f46c47dffe8a8e14c82f,1
5e5d2508328e78fbddc3e02104dc3df448d2f196,191
89a845659a36ed0ef369e1223d013ac52cf2f61e,7
e12a481e35bb4037a278e51a034e578ddaf6e7a6,1
c80e5aca30da7ac05f216cc68556c5682f316160,1
dd4d860ad73a47f45af594e09d418bbf7f4477d2,0
a6e39c10056cb5887ecbc1e8f73553fc8534898f,1
42ec1f39e73a1fcd02cacffe7128fae7f795e2ad,0
b6ca86b974bd3ffd2b24e5ef13d9ca6293284235,0
515c8d4fe90a759cdfa4614a516a2afdb0883ffd,0
a6805ddf30326a90e0f8bc6a8c3a2be498a18475,0
d62ba3d87e4bfd7d4bc565f67f14fbd0cf5ed54b,0
af32a7d5d68901e7fa4d5f0a052b9393c7baa9ad,3
02f466e6331c15ac502b24f0d79ef661eae9ec24,0
04fa9d4f47b6af7a55b80369950cd8ac15f3a793,6
e3f583a3be67479457f7a1d3a9c3f707a547cec6,5
3b3e8a02b5e0d42e01e7ebe4d27bac4a55dda170,5
da9d4c4caf9845b5b3077cdf5b6d65c606bf00b5,0
c5857f96c8a6b707363b598d00824824a45bb387,0
f7744204888cefcbf25f6e213dd9bf2ef744531c,0
7d55d86081e9a3b37ab948931b8d731980f1516d,0
7ea4e095ad6e5aa8f12452609a2e70f94c5e570a,0
bcbac698f26f51aaac16bc11572fd45b5ef74c2b,3
49ed4696eaf0c14c273cbc2ec4733d058383ba7a,0
7112f2e41af6604a267a5f9d338259bf5f0872ea,0
041fc639d7cd66abba387fb36bffc2dbafaace3f,0
1c6a16d5bb0b324bd9f69ce4f024eb345ed00f86,1
1b336971aee9305102420972e69c1fbbafc8ca41,1
ba4eebad2f0f4eefba1594c5e1d2da2efa52ccf6,1
cbce0252481152731bb239e5725529c26d81e9f7,0
665338bb6962e302ef7dc00a69a349ca1a8edefd,2
97ed8abd3f0347ae2bd7edbad14d91854047eb4a,0
b705ae0cb0bea753728b9b75497391e75ba81d07,0
1cd1ccbf86b9eabd2c2991baa3e1b835e6fb2331,4
ff272c7b690288928851408f8f7e1d5360171da5,10
0c8e747f88b969980d45c2152a075656aa52725f,1
815943ceed9f8ce9d1f25cee7e3f0a3484eb70e4,0
6486e8b74a6b2ae33a8d6350b1996a056854000d,1
757661b299f528eebad8e8e90daef2dc008e6370,1
fc75e6f92d6618cd607fee78303e4af59b133a88,19
22299c13c15695c7be20d800769f436e75f03399,44
adb5375a091c0694d61520d68803bb670a119543,1
cadded1e21ac9ac3b2df199010be8b3a38811882,0
04e57e2b5e174c4e7e1436043418d7a030ab38d2,3
40c7e5d4e76045be03b81839bd2f7b2616e84fd4,0
f260e00a727f6d79d2361e906b51e66db89f1286,1
b1a3a95ad4c7fef3a6f9641e90ae521b17faec1d,1
04a6924633bedc8d2299e314ffeec60111beac41,1
15fccd43ee332ba306be2a919d814a05ece7bcd3,1
be08eb6153cea68ec8f081d2b7eb5e83664facfd,0
d1ff7959b722a3317da19ccbce4f3c1a87d9c91f,0
10caee2b7ccaca5e9d42019e9ae7f5261beb4105,0
1cc316f1fdff9b93587e48a69b595dc50e34c5bc,0
7bf5d117e7856afebd0e524755d303384af7196e,0
db8ab50c66913f5a4c74a3d8e4f352f05192d354,0
06332f20be01ea65f330c968d997ba98f8c40acf,0
ac4e46190114c9f15f4c2e9b1d3d6cea95ee666f,0
92a7d4515abe0d7a02d4af0112b125ce2d5d71de,1
1aa531a3dbb65cd11a571efe5831743866cba1c5,18
68dda08fffc171e1d9e4dad35be7b4945c149006,24
f8c10d6b0e84fc5f6a7ed0d34eedcd722835f919,2
468df96b0ff5d3bb3720e16f3f7b6e6dc2466cd2,18
338b69c24b1fdb892ecb2e2b77d719dcb7bfc27f,1
b39b54031be06ab554901ab7a615f9be8d087a1a,2
32f75749e49409065504293185c1fb59396f3d5d,0
7aafee300306c4ac5faecd30c9989cb759c6c713,0
37eaa1406b00e35da9c34218ea9c5644c12f70f6,18
198d5d56fd59ae423bcc65388e6b0c1fcaf8b6f5,18
4119cef32f9d98d7b53beeb4245c8067eb9d658b,0
da94bcfebba070e3f9437da05167b4c269b97022,0
41145e6e81e7c223f472dfbecef85f7ecea8b32f,1
3ce0c5063f32cec69fc11d3ef8aebb56823cff9a,0
eda95d8beda548f5eaffe902ff972b9f1baa5007,4
59483221d510a7171d76d9b5460fc663629d4c02,4
5d0570cea05711754f89b97701c4b9021fba8543,3
f96bc0308110606af3b6738e2b04622f3623a261,1
8d9cf72db0ab14ea7cfa660e30f21c2015f8a713,0
6843b78f990a2ef304aa8d49a7ef0c88c30703d3,7
98392782eaad476a18e6fb49e33e5585f3e36bfe,1
daa52124b0985d7084c3dec4fb7cc48c027d1f83,1
3166aed087ef19bc4678eaa3bff8fca1fc34c44c,35
a02ae36ae8ecf42a90bd4a550e57472fec71f58b,2
7f2375ab46a5c8e33099abdbeda30d79c3c2c20c,0
cf7c444aff0db9ea026c6c48a78702c4cebd19a5,1
eda5190581972c549079a84ba2afef881a688884,1
68085ca8552fd6b79ada9b018e59053e81cbd1e5,2
6a3529247f60f8e10ac768adfa094b4069ada4c0,22
c97c2dcaf736a83ec7a00ec714ec40a51937621a,4
09ef955191058a23e737fa30a6e2a3f8b5f9261e,0
38b0082bf2ef262e93e4fedbf83eabf26d579b8b,1
4bbea5124d80911a0be016810edd688098ceac57,11
637cc03686ab23e5a0d4a66b988f747768dd7fe8,1
3f45a1acf945ada935a3aab284185dd4d67e1726,23
4634feaeab91e9f4d74f3ac76a97bff8adacc715,0
9bf87aac6a2cc18906816037124396033d69c32c,0
4ae03df5c2e211983372225a5ee2232bafea9dc3,0
963a92ceda9492e47bd7ec92d55ab623926dfc46,2
7ec7bb31c4bcb4d753eae733c2298070d90a5dac,22
861391d530d58ad552e6bb42596fbb863533252f,0
8d580ea7e87107dc60dd08bd29f13fb3e6d9302d,1
d9e1f2268223895649656a70f9a632de6064fd72,1
e5fd43f343d36e6943528c9f3e12ca88e6564159,20
80277cc9c8396337377bf01b4198f9b6da5a4d9a,1
8fe742031013afecfeb68fdb6d2707b670be9e48,6
7d25c107a82cde2da0ebe0e7c04f96e79cb02273,0
d56c6af24e3a1141d3dfbd2e5656b1d6f9889c60,0
cc291aeb3ce0e5fbab652d400473190fcaaf5be3,4
e7e1866589df5d619e5ceb8b36c0a38b1e9fd0d9,0
57e82cacc95333313785d3ab334283696398f861,0
4338813814b81443881a612b28f2cd78eed6d0c8,1
8f24475e020963f35eb19f7a2c2e4636061bd1fd,1
fbef2f5b615d1f22dfabfb3f53b4ed385b8093d5,1
b8b51d8da883183d968a6c242a6b67bf4e46b42d,18
999a76dbdf20a0df4f05512fc1715331933110c8,0
e8fa843c2d38897709517a0c267e69fde9d97211,0
fc04b587cfe05884580a3273bd32badc8b0562fd,0
d7c6fd5c2fe471de1476afb67898311a13b4a042,0
cb0dbfa3b5a4f5bd098a89ac341201838c6c6be7,1
a15c5d222ac2120a3d12c378e820879f7feb397b,1
609c0d46d978fdecf0677bf8ab5bea058da25a80,1
3ba9b06b798b626db4012b1010c068ab3aa4e002,1
5286e73f292abf14966b1d7e343da6218f03465f,1
2ef49a9d532dab07b40636614ef17b3e7ba86f6e,1
eb8cf294645109e077ff921157c69a3681e8947a,0
91cdea4022435249e0d84bbd64045f6c2c6f5000,0
6e1bc03d3be9e38267af6cf3c08655e4f7516d7b,7
cc9968f8936d3ba56c07b7c5b246057abdb8d22c,14
1c384930f324c25f0f88124ff146f072cb8cecff,0
ff30a18d9c5b214e68392423bf3fecfd4d741c85,0
de2cca73acebc56c13b157d3b2e74bf4f98f3eb6,2
a4314c4907d099848f0d5d502e77007755a8c4c8,1
8de7a6f9b1b69cf035635924117d18c9bf76c13a,2
21be07a6f626a90fc3f54d912f3bdc5e127bc193,0
9418b4f2f3221e361039a664176f534d102583ca,2
4b648793f2b66f580cb6f3abd79894ec9c6d9391,2
73a59a4e4527ce7aadfca81fd57e3105d4bf01d3,1
c73f1b24711eadc0ed86efe514c477499791ab86,1
f4a3efd35e3d311e05f788e5f4342c4501a0f6ef,0
3f5fbbd3982cd8910d980bf1283cb4b78b500955,0
c16c47954c1b9ac6f11f02bb513ffe4f37c139ac,0
30c3a21d1f572c194983d191a99ddabebb164a36,0
81d759efb682360e0eae340b1cc71b403c81cf67,0
2179f598bffce7fe0fd270fe8cddbb20ca094f3e,0
62a9b9902defe7a9060a1bc41455d8388e10aaac,0
f928894c38b3026b64a490d3c4def7177eb9e0d0,0
236a44c83b1246f949d803d4fe07e26b1330bcad,16
7326d63ce0f233acc54f4cb959defe6362ba1afb,0
f9ded2a7c495b36cf191cd6da8a0d3506af93a4e,32
a645860431b1a05e0e7502b0a65d1dfc8b0b2a03,3
1981e53d68734e69d16cb3d1a33705eec32aed90,1
7976e29399ee68d8f2d2d8903bedd75e4e6fbb40,1
81aab828e2bceb7ad83170a6816263f2be1d6b4a,1
0c48eaf3de45b4cdec2780d05fc9a612cccc60cf,16
e8b10d2836a126d18c08a014afb53443e51efaee,2
7bb7ac8353ffbec3cf361bfe9f32e80025247842,0
cd2ef25032764861df78aad757b36d0c0637ce84,0
4d4a842cfbff2d1407b642dc76975e8837b190f4,1
89838cdb10c3dbbc300b078c653be72769ed9cde,2
70a41a8532157707ce25ab6a7bcc762af0b6e400,0
793cd0ae3b13bcc31f116ead6da9dbe527128817,3
27f244ba2cb511c9309c55b56a632130f310aa6c,24
ce639b8b035083fa772834314e87902c77dd5e17,19
3fd31976c37f9a297ec856b8475785795e0cc6bb,1
b45a0c4c600d91d278e525fd5530be22983fabed,1
25d1c94fa8cce194b3b1ae2a176748c9a92ff2d4,1
bedd4dab6ad81616ef4b579bc635bc218d24e03c,0
986b508ff73839ff062e0cade279dbd23137cefa,4
fd5414c6ea9499333d8c9b5159dc8e301e4dde7c,21
b7928a000a586fdbd39f12b909e2d0da6dde49cf,0
5cba0b4187dba70b8c98d002b11c429e422daf65,0
302d1bfbc44ca5564485581814da792b877e6a4c,1
04b147645d16943ac65a0ebe6fd31fab8feff736,0
37b857e8ecb1bf50e59c2719d1d609986420dc61,1
29e09c7c3e2b2ff36d97d2d2588cdea1d774bdc7,33
fac85f6fa1ddea901530d14d40042d125c1f7705,0
642e3699ced0bc5bdb37d45188071ffa330ea918,1
501f63802a90cf835823527f8cef071eab378b58,0
c23db208d9bb5472bb278ed00bbcff24f23cc18e,0
1002eb67c83aa0fe4b27fcd36e8471a69ed138d6,1
2cbcba1808a7f1870b9333a8776b4f2c26c78745,1
d229c58df6e7dd8a3aa88dd84577c1576710010f,1
7dde761aa6d65e38436cd36bf8bfe89d0f7a7c62,1
eafbc5e0ccdbeae939371bc898fdc3b695b54dee,4
cf792fd8d8361b1b202ea9ddc4ecb0735376da23,7
cacf04f8a7124fd2ba6b66a492b8cb7fbf3f3a95,7
50e3482e0ad411604a6d77e350151647db937122,4
679be3294f98ac138e3c538e7cfde2066c641610,3
f18d3f451a5468adf046a4bc9e8e978a7a2ca753,1
988332c67a159475b182bf9af8941ba1e4bce989,1
2690d8568ea55b8fd2b814b878c052d218688e64,1
614febaaf36fa349ebbc1f93ab61f669ea18bebe,1
13ef12ad3fdde8a146adc4c250b47dc45e34222f,19
e2b022cce2af43e472fa329fd8c7ef332e4034a1,1
5cba0210f2f40bff48ccd73cd4b1a2ce22fd3407,15
6165fd41a58e814f6966874c1de84a938ba0c787,7
71718d888acc1dead55e0c45623dbbf9e18650ce,1
83795d3e630b565b4e90252c51c7872cbf6a8079,1
143ad74db70a363d977a2ef67b00cf22252eb1d8,18
b0f5ba02327c034c7f28c0a88211700aaf3086a4,1
02b131b552240887e5cd0964969ac8f61f5406e2,1
45dc8a51f3e53335a4f3450226f60baefd512e40,2
6a21180bd4f42b46cce2ed2375c36879ff4b1a84,4
b18816fcbf64faba618829fc510490168253aab6,1
be83036212cfc8e84611b403ca8295e0939c9b67,3
b82d91eca69d87334530d874de79d85d06c54c2e,7
45bcc43e4862ef0ebd9e119b719f1d96ba3a3803,2
ef68c1910c4597b55df7ac641a37485eb60f1b61,1
ea9fd1200bf7999bb83cb9ed2851019c87cd1c23,1
e4945b30d27dd5c748085d1fad457350dc692a44,2
ff13070b59d78f4dbe0d0e0abb9498509f4d8063,14
209f5f21e0261a181b6117fa04ca38142b632218,8
c8f76bb8aa37f35438543deb32d8e3869397fb7a,1
adc25db8c4ee0af1f5d71c08685b4bd9c8e4a1b0,0
e7cf85b9227d528c74e2af4cdfaae3ee2ff927e4,0
6e64895c30428ccc2c088bf1230abbb5287e637b,0
34b8b9f0f539fc6910cf0aceb3db791efe073c80,0
1e20949afb7edd6739cee999cc004fdf347052ca,0
f5972c4d2c6f8bc9e315e84d947a331c9b90be81,0
3a3d358df9e13a25b0498632fe5a08c19d04ef85,4
eb85342fd98b48b21801c045cfc72fc54c36186f,0
14f3ca1b2ee7b6cb2434e9938e78ad5c939f7a08,0
91fcdc2b99dfda82751147b0b501d48d1ef25714,0
772460a7b810f5fe9b3a138c01fdfec40f2c0280,40
aa0b0483f4b4861abc48b9b65a8e9885014d5f7e,0
0fb507a75dca7e3717f9227cee73fac10f52e11a,1
04a0d45c22384a61fc7ca5d6450abf7f10d7965e,0
b4e5e0f11d9a17727d4b56ae768ab168e7355163,1
547d35a921c220a6a49b8e407ba987f51863669d,0
79778d46d908f241a532fa134eb39e1ec4dbcbb6,0
a68228bf558c0271a799b6ec0323ae6bfda85cdb,7
9eb4aceee4ed5b7b912ff143ee917ed9d0e22d2c,0
063154116671c234760ef0e2920e430fd364ec28,1
222d13d5ed79b6933550a8b9c6cb1dbd5823f6c4,0
186629aee87988ece3e4609ce5d3e2c53fbb613f,0
a42fb35c561db1012f12b6130b22387c5cb72363,0
67e15aac3d7901b7faee6a561f48e6e073024a22,1
17cc2a96639ec11c4c67bcd038e56f97b12e1bb8,1
252f4a75cd673616b10529f8b9025e342b808638,0
fd1243c184bfc07c4d7fc8c87916a36c5627371b,0
0bc648353fc7514355deca7cd667aa577b2e9309,0
f27c2b6b4bf75bff13b3c2f1e6dea3e26134f931,1
615bec2329d14b371ad57dbe2bd3aaec0138a91c,19
1c889cd303f9b4ac5125f4a972b0a6f3c8e3d7be,1
4b02f33e6971911ead9655aea6c3e6e0260fa525,31
be24fdaceae77e61e306d4ebcaa9c8e11fabaf69,1
5b0f659355c45f8d6859b98c4ebdc1a639c9bdc8,2
32ae9f9ab702deaface2f63af3a658be2bf5c9d3,1
b6e69e71cec45b2d238c2e3097bb8dc702166440,3
051325ccd79e62f0e76239d09684d16b26b67c67,4
e736779d7ee786e55d5267b84ca15a393a473849,3
7253a1971d5b4f77ad68be352c72f4f85a1f45ef,1
d118e3f985dc040f57513d54ae7d9e8a89ad3b55,0
100271e6acb729e7f9693111e8f3be6ac45b6433,1
fd9e94e5a48946d1d2cf9a97b79fcda9fcdeb7d7,1
8dccd5a7ea8066821f87b6a334c79eea855e0c2b,0
6a4f06d35d518a33cb48099da499c6f2c7631ef8,1
68eae2b5a8659aa2bc196a3e37a85d10bb27a868,3
eb5817675dcb0d7f2ceac24b635ed7308e534bd4,1
8006684c19cec52ee80464722bc84469b0739a97,0
cb88fdd24297cb1ebf836ee06747bbbca63546d4,2
dc0f41868e9acce960eb8f91221a7bc5b33866cd,2
ea8409ad5d48e9e84005e207228f4db2c1c797de,1
9a3408e58fafd1b987f7006d0a21f534df8e52da,0
1093c780c873416c939e8a417112502f96fd9334,14
a4fe6a45ae8de9318ca86b2850a247118007d85b,2
c2e5c6c12c08d822a4a122a6e9c0fd44b5aa4a42,17
042a6a0a37c46989f8b89df5d49ff484489fbd4a,1
08b3147791ae31e52164ff4581ddc11e743ed036,1
9f8e6dce20413ffb86b005ec184618bc2adf7042,0
e1beaf61eb68e7ba3f6924f899491a4eb552746f,0
34cde1b77c393753490f6968c9f9e36d42a6827e,0
f00ca3fd89e0acb95ed6f6694cd30a793387085f,1
0c9db67273c4d7f560d6826eed0fa606a2bf1223,0
fbfbc5e330259331bef99d7e8f73d81133b6ef44,14
d4e7c2d694911ed11c578202b8b64482043a988b,0
9df0e0e0cc58861c0072fd1864f68e4658de40d6,0
3e2473e695e8037f175f837621c577d80627f84b,0
8eaba020fbe26a42077174db56f876fb4af458cb,0
438a87eba86125218894efff6b829113487fea46,1
b19b2721724ac6de18b7af101e780be7fce46b88,17
7f30f856021ccec4e89253ae4eff75b07f4ca42f,0
b81d3b83cf4c94d4d0224e572be9ab0c7b2ef37e,5
Marlin/configurator/css/configurator.css,10
be691b51f19f7972c1c12a9841ee4b82e43b24ba,2
f3f58bd619801d4469390cdd82bc1b429da11c37,0
b03787262ae94ae7f40cb245fdba69a95926a539,0
83ffc9eb4f3a768bbaab6ad6979de919c03979bd,2
373e8a1ad4ec9753e54343a766e8fb7adc8c7cbe,3
31656e68bcb938e734a8eb35af4507e26af633a4,1
8ea55323d86caeeca504928ae19d4bfd888d14c5,1
b83e472bd3b60a6cf65229e6f57d592f663ebeca,2
68457ee9034fdd4f6b01ba317ae26d99256d4e55,2
711e5db19a7c980b8674391dd837e7ed2d717bd7,1
400e9329be32c2488feaeafe3727cedb32c09da8,1
cdcb80f3c5bdd29569273f7549801a3b1144d4f8,1
6f473f7fc68540444b544497c67160bda8ba9a3d,1
efbd705eda30e18f807799bd991662852afea94e,1
8e66028d25f8ac67f555b725b2eea101d6c16e48,1
ab5aa3fc9260be0683d546a9ea307209eaddc38a,0
27d918d8367e856a64755d068da72e2cfc8679f3,0
159ff94afdb6c3def7b1ae583dc3b9a9baf5b746,18
1112dcd3c23e884b17f60437f152b141766ca121,0
1270fbfd38b4a6589eba563d9cd63d48d56c3aa0,1
b58083b0fa9af218689efcc1b0c042f2acfc8d30,17
1833049b8a043994b33e57459370a7f9de75456e,1
1b7c44362872650b6ae9a792dc49742966a47aed,17
6f9e9c0e4f97ebb0b22fbb4b9957762d1434ac31,2
becbfe106538b7844d71d6717feeac0eedbaa396,6
4882a7eded67b3e83df36b6a09fc87e2a9a8b602,1
d7272e3f360cead2fabf6209e25f886e6c48d0f4,0
9ed1275a37d62fd8eb95ac371a73e8118fda534d,0
62bad1b60f69cba848379cce714f8e8f2bc26f61,0
59d345a3dd48f9dc02032699d539290fb22bf517,1
b8f0c8a4c76a587f4a967824972079407a853eff,1
df0d599c79074762f8a557009daad7a6c4da7782,1
a366697649c991a1b9f1c95f6318da90eb463ae1,1
7c94c83765e5db484f1543eed2ae884d05add50c,1
51aa7d93eb4ba0baca56f8e4f99852e39de09b2c,0
2932602643cce9a5d8edd3fb148aa33a65ea9fba,1
06555febdd30df8d4d95e48bdf46cbd886934813,1
8d2aa2368d8d7eacc84b4d608a9eade1c8ad0ce1,1
0de5fcad0a88ab7960db0efe5aebe99f2648105c,1
1403b9acc0eccc94b57b42a1f3908fcc76b5eee3,1
5cf1c38ea1eec0045a551282fa356cbcbec97c5c,1
04ab61bf40b881f8faf82982ccc30ab09cf2cd53,1
39c62fbd6f0bcaab194031b119ad4878b3545cf0,1
efcb769003b7434272d90fa193f70ccf4aff7ddb,1
992fbb831d004642da3f8bab5ac5585638bbb546,1
5ee6fe63850da9fd625a4fd4f6fb40f362db0980,1
056daf00fcdc8be703774c140a7bdc1f1aaf2206,1
71aafb79a030823d5a4ced1854bb60598c414275,1
2c9e0415c77d754930cd91e1903ffaff46ddec18,17
a64bcd53e96503e94cff754f7f45c39ba3d2aaa5,1
e6cc232184281d74365f14e596df3e4be59a816a,17
83c4131ba3dd37c21862bb7a509638c2e8c30d33,2
5eeea2f611ca7104b90a789ae1a16aa719603ad9,6
f6950acb8e93b94f9e32120c1a2468dad23d5020,1
7a670e39117c5d98a519d25ce64090eda15b62f0,2
58658c9279cb05ec4836c69b014965d4c169fc5e,1
0fa3bac8eebe20d8416cd0826c245fb93eba1fdb,1
3b2973da6ab6ddb8e3ed5ccca154663a3a7b3a05,1
1635613c255ae87a88ede49cf05ff03bc7b65794,1
0b429461d58f1c0a032eae3015ca868eed507047,16
0cebe85e65d7a9119ae756b56fc5b1431a962761,14
e7b40bbe988927a84d6f76eb1a2294bc09e704c4,17
e2da2b4105ea4b64c6742d5cf964d7e4f8903f03,1
4f314afaf05748a64bfa3a062f57337c1fbde053,1
60d5658da89d7d59d00ee7d940fd96172d8934f9,1
ae4acc42ec1962652cc67cfd2418da2fe89c0077,0
57da1b84978fc6cceaef1118a040c53394531f0a,3
fcceb981914662d9ac7b11087fb42f3a2dfbe2ee,1
78a347a01ad3441659a76c540bdc4866c6b0d7d1,1
6d691aceee6859df57f2cf614ab42c08352b220e,1
6bfcb74c25bfccfe602f5ea4bc2f786b200345c4,1
0fbfb2250615f84998fcec8078c04490757820b7,1
8d1eeff021cc6f0d5620224acf046b978cafa349,2
e19fe4054d192218fbcef5b3a04371eb37a4e07b,1
5a54204f723f7fd110b57d19f0de01cecd8d47e7,2
bb4efcf603ada9a94366bc4504cc51b8ebdfaf2e,1
96d0d04b8f78e4cb54e673b33ee4b4c47a9bbc76,1
e293ea57f088a67e012f17d1a3b4ed2509395446,1
c956b52c4a2bc97f30bc11a0db5ca2457738c854,16
956418c6748f56291447c6ddbb90a8c2ba2c017c,1
8cea79a81d66aab9ba68fcdf67e4cca3b9b8309e,1
33addc52a1206b486fc33085349cfbc432a297f4,4
8da2e98985aa90add66579921f16505defd80292,4
6dfc7124a116d386367c33bd60021511dbafcfce,1
be7167ed97ea2c719380458a755d1984cb23587c,3
9acdc6c234bc69274ce4cb739691ddcddbf4269a,1
e7099ea5979d8b62d50700c31676be641d2f391b,1
a0f6407d6a3cd2a56d9f1b3fbf2e3c847e9efcd4,0
754b13d8fe8a5c4a2b7c193c68707e56420d5113,1
dbd4c170969ce538a49561b96e200fc409018c23,1
644c376e8480248879637674f09b900ce95131ca,1
54a39d8c1a132628e5cb4021fa748c70658fca9d,1
17c23bbaf325e5a8a47957583a39dd96749de0d2,1
c0e791dbe9a25b830e46511117d2c5ed6a5c4be4,1
b4af4441c5f0fa54508e3023bf5007bd98f41b86,4
8f16563bbd6ebdd04cb3f0a0108f85cdcb0cdbec,1
6fa7e24af31cf3fea5c461d10c4fbfd1764fb2c3,2
d5b7c595aed4322f7bfffeb127c02ce36ed898d1,1
9bdab4f3a88507ced01cd4f0c812abd043d83755,12
9b23490f01307316bb8453ff2473249c8ae38be2,31
c6c37abd4101658ea9af1c4d8c282ff190de0479,1
c24045475a0dd6a7eb3e6fd5a57ac44baa958724,1
25d636c9e04df40a7e44e38e7209d3c72c3487b8,2
47401ec97b9914fc41a70d9733122582954dc2d5,1
ba6a2431978df0884fc504d3ba385e7bf1eda598,1
0c7f7ebcfb49694c9432bf0d9654ae88d0084cf3,100
b5fb7075b9089f2a344b4e32e8305ba3280a5b57,2
7b4bdc0203561fd66b4d37b9e322530bec83a92b,1
91b5156b3ef4ca964c724db6da3f71f35b45b99e,2
03f0edb57e921dd22304919bf9762dada09799a8,1
0ad25c6665ee8af0c0532a1c8d43c1236c2d2e69,12
56a6d85c41943df8a7cdf340d4f77c7627930ba4,1
4cdafc0b3524bbe5945b98e980e335f12d07d316,1
e01f5e1ef7652973ddce84ca0c6655e7fc38378f,39
5e36b646351425d24a20850606bd478bb7e17970,19
5d65a36dee638ffcd6c605142bd1efb11da8c834,1
0f149ea0c6852e057422c676524069166d4679b6,1
b825567e0f2996da78b39a57d63128630b7e849f,2
42e381f8e2d1073bc7713c087bcc1346e593ac67,0
db27e67580a126d2c398fb0f60065e1bb0701e9e,15
bc50db9cf664f65c3b46ab1b99b97a0506997b55,6
b5987de08a4896ceb2a5cb7097d3110bc819055a,0
cffb2d457e72721aad3375431fe72cd87a6e2a83,11
7ac7ddbf20bb18c7bd242447a8e60927d9a030bb,21
5bc480fee8d7c3b4842bd861309cefe30b6896f2,1
fc882c34a343908678acfbf4b3ddb29f3d472fe6,1
e27dd5c22de82d99a6b66aa410854cdb78e52d1d,3
fabf3ae4a0ff233645af397fc10135bf773820ac,1
8c768a76a2905270d0f1d75f0721969974731b9f,1
5b9010965daed85e965866b898e4e670e5d69f65,1
89fb778684cf3e6f6e41844a1d4d9550a430e350,3
558665cd908a593f1d1a9cc8372d7198d9cd0c0c,1
9f462f0cf52cfddd9271766cb62e8d1a38ab1f85,1
a3566998822972aeed181a1f51636a63c450d368,0
8b3d63c42384d24baa03e884545e916b160806b2,4
7c72b573134daa0a50f90f2ec7cd479188236928,4
f690b82343e87146d959be260fb1f023733aecd9,1
868dbbac6ad8b6bf592dffa9a041c7eccc88f52a,1
8e4fa08a201f97a53afbc4f7ac6936f9db4bde77,0
a4c78ae7860917e3b2bd477d4d35f29287c39110,1
a39fadf87627cfdaa41a9e6fb32bfbcb2b9fb2b0,1
34e0a8d848b2fb498275c550cbb044bc777fd1bf,3
28599c51c73556edcc797a1f2f680f0de5d03436,14
11a065c0ca93a7789832b6223325ffaf3cec1b5b,14
f7f6b5faaee218a78b07072603371c424ec4c724,1
fe0cbd40fe3b41286736bf83d8710945bd238572,0
2b30e8ac99dd21544b1d1f6d21b9287e8e0f3ae3,1
7c7a4051fef627f19ae3bbe67a4329f47d54f4ea,1
b23d765991f2cbd1648bd2c5519631f8066a0bb9,2
fe8816214f629507b7a30b78c4fc38992d581b72,1
c3c4d50a99dd1550d5fc1254df0e4491cb99a138,10
8347a9d6e4aa5d68387e05f4e3a2aea1c56e3590,4
703df2cb6cea7e840e480842907237dc9682d6b9,1
4c8330c15cc0b490cf76c2371f0618e9eda638ad,2
93a512cf97eed8ccf68f295120e5208ee1782f17,1
962120d1d23b6847e87c6160d69dde570f68e070,1
109628a77eab3d6bb1ca218ff62c1b36e455f93d,0
20b47721553f0be3554b7143270dec4a809127d6,4
194f98ff958f5ed52a6c857fdfc848c5ec19dfe4,1
6292d9e8155fd7372fa2019881c270911763dd34,27
91fd66ffba4c3f73a6e26d93db835ab18ff33653,2
7a275773ee92ccf72a5343a9d507cb3beb4fd23a,1
6b4b6fa315b62977396aab66b4ca0d331d06909e,9
9897a9147c7f6aea4ea7318bbc1ebd21af40a52b,20
a7822e3ff7c204d081a6b7e7276564262ae71779,22
4939c642b46a6b7a8497218e26359687dfeb0a76,0
ad90e851b38d1cca045b2471be99193eb8b310d6,1
29b456ae07527e36560dd5685c7ea32f29dc6f24,6
23d742bf061406318b2d7481fbe790a07947c191,1
e3b1e08777c0739b85d34e4721e412f790f0989e,1
c2f695c84e92ce53a941f183dd12f754760d1022,0
a1eb90d5c0570c5d777b5b113aca5dc45040d21f,1
91122277f45005293dd90d7f01de7a45b25a7701,1
9531b154eaa505e039c3f1ea7992f04c4e7c878f,0
5707a2c3d5ac8f6b5fb35268bc9682b882b439a3,1
d8860f9ad9b590a3de9905bdcfcda252873ed706,1
4ca8f4a9a7fe3a11dc20e149c5c74bec4150d891,1
3d2342412157e35feb201f55c3d896ccaff3c582,1
e2d69f66b29aa0957ff4610ab1a6644fe8393fca,25
8d23c4230ebeadc5ce94733dc87705933abe8160,1
6a6e863a471f00cbeb54808fa628859de7f5ae84,1
e09ff7963585bca8307111a5b9ab84f1efce65ed,1
e6aed7bb4e2301c53ee4868e4e963ced623ed76a,1
9d8cc24abf8d0cb70465f8d7790fff1cd57a1f2d,1
f3ab1dba5407f92598375b8e0159b37d6636469e,2
35afea1c0eceb43b20ec01d257ef206673f7b833,1
3c7470dbc3a57a7e9f5b6a6487be62e799a43dfd,1
c54076456bab85ab26693794387406c1fba5f8c0,0
6af75f4b5dd4b117b8ce6e324e45c3c2e33726ff,1
edeb58288e4a0b0d0bb2b69bf02b6b27f98eff01,1
c30b7693e0d3de566289c3aa6c83cc9b8b7f3ac9,1
46453905d63638e6082dcc32a48714a5c258002a,29
4a72d2ba9c9467b78d035535c82c525c3aeb26be,0
8afd94ed3a96790f385d35f6b6853788d9d22b24,2
4c2948a8e6caac5777fcf18c47312cfe93d04a2f,3
e3acc84b999e188861b03a299f007f09b52cb659,0
b227d8c12880e407b28868e9ffcaed507558df9a,21
cd7828a928def987a7da424a8bb7b06fbb214503,1
4e2f5618c10ada5d5e6ea824e4a5d464df299cc6,2
329acc852e50b30f9f3a9f00669fad47ae90b0f5,21
a8db0aac32fc7517f0f151e9ccf15152195094c7,1
5a11d32a855d31ca380628b73f999918ac0baf6a,3
7bb7a52940f1303d6462a221294a151a97821dbf,2
e66ab97a3c4da32093926c1cdebb7d9ec47ba2e3,0
244ea2014a1d71c4071c076f2cad55416f2241bc,1
80f2a208428e79765c9354009beed2bbb8ead2e0,16
2684d061ed559889d3f6cb17332d4e401a94c32d,1
4f46df5dab6ac7e496c08349b2b46c70794fc1ca,3
09571b7753020c985018745651c32f9bb405e58b,2
866efc14fee973693d7156700fe0bf2f6d9d3e4a,1
267f3479d7f6c0f21f6615a3b5d5670411baa0cb,1
56702e7bb94588d7db2a56dd949e1aac7062c918,8
4b9d5cd35252bf022b0898c6a96823cfef92185d,5
1e2deff4fd5183b6a2d4d6dff0d33c775a2234be,22
68055a5959dee2a0c242dc6bb47cefd41d18c4e2,2
3cfe1dce1f3143ee69805d77b022195fc16e0cf3,0
f8ed3a835d33976aa333621d0ba601457b1dd4d1,1
7deae6b6be00e3342d4bbe89932045295d93e8c1,2
eb65c5749656df6b86214888463fcc8f420831b4,0
5418faa1f92a1cc9a33a4d5745ea3ecdc172d076,1
f03e06375068643d640dee4a2bed9f8f9e383589,4
270c766de27abbf89a1d7d64d11ae9f3ba06c5cb,61
496fc28dc3fe5131691b50c065c573f643dac543,6
8d3b74cc6e2905e5bffe1f47b48b96f67a9d1634,28
aa1d38613a58f99bcef2792fddb71ea1abababb5,1
0f5ada8cbd39bd7e135873735f6bd2ab0bbc0520,1
7ddf1cda1d89152b92aac875b81d22855722e99f,1
e309fb4bcbfc05463fa78d453c3997da3b0522a7,0
f32048b8f5dffd90768805a86fd09b40871d3928,3
e944f960def5446afe3f6ad2371be34b42708276,1
8ebf0b92be973e0436e9bdce3163b9dd838beff2,5
94a796c8cc00bedd56a83ab27bc604cd5c629544,24
b217474eab3f3d6ced611e4f1fa467f28f5c809c,1
c39dc2908faf00fec383e4d81cbe546cda685c54,1
d3532bd2a65ac04e3bf19f0561833ba63914bd6a,0
2460f82d8b507a14d843b0fc0062a01befe59a6c,1
58cfcd42394664dcfce8508a1b814c8d7f768af6,33
5e834352a92aebd8950c1fb0a1cfdeebf743318b,2
bf6eb93c61bc067478cc090198d6670402f167e5,2
51e89a269c17b61feec6563e705391d920179dfe,2
c35fb88094c9fa345b25c9dac209744e1062a412,4
0d8989fc145f24d2407c364027e05e5e433b6f8b,4
b4abb0ae7fbcdbe96a356a03a7fca146da4b3261,3
c0d7ea3e7ebb71bd0cb2fea423cd13d2ae4955b7,21
4b409640643e7472c01309b8019fb48e725470e7,22
abe9905ef8f7310c7de1b26c028850a66383e5e2,0
32683b282b5fabf10b2cb80b0bb6e35d48d9352a,2
37d1879386d711502168b333dceb3797593e194d,31
819fa7216e84b89212d595bb056293f6d76a3dd5,0
9d151bb61b078e25f4c0f8555359421b9b893e90,1
9334479aebb294f33adebdf1395e545705f6985f,1
1f632936247faf4e374c1dbf711225cb818a6122,2
edaaead7e0a7c443eb90a40e355b0e47091aceff,17
ed4a6371ad629dc3e4e4095aa07a8b1045445ab5,3
47ae96ce1511791890262a16fd5109ec5a699eb4,0
70be61d416cbfd09369459eae41c21ae2202d93d,1
ae9274be054e4876120345e23d8c04565730fa54,1
c7c8cfed6f8987ff466e537a338195a6b5d8882e,1
4a58e447a14342598e735175242eec379bae64b6,1
a0ae9e30dfd0203d3d5a133ece2eec109b82cd7a,2
d03f037a921d3989ce413e61f240c6e89b0de034,3
f9195d114b2e5b028787ab1e559bc0cf90b938e2,0
3b2b2313ff63ca29c958b19c184ef307d6eeeabc,1
0af2a80e068008b772f545456bc5774ef127c9f2,18
525d0dc23995f5f6cdae3a937f90de492acf4f89,2
67c4d22984acb1050edcb2f12ba92dee2a033f48,1
dd22cbbfb81c20ab1b21f53dfd1865a58d257fd1,1
9f48798ffd8a8e2c3b29deb3ae08c08da69f7514,1
22b9fd97b2dfbe7132caa53a363560e4474fbadc,1
3c1653207c2e9a73555147eb57a2317f5540e854,0
ae00fad75bec87d352017ef7128520e38bc5fb36,3
a401d738df55247f9703b1d27afb75cf6e007c22,2
ed7d45e8f564c73f773928a27031c7e214499a6c,3
d17f7ebc8a36cf8171834c0769c3ac814f3c4f1b,1
bea6739774258ae37b16fce0161cb78d10409876,1
81bba7ed88e83fcd50c7b953e6c76cab4ab2e933,1
78b7c486fdf83d14c148e0f0e4ddc494b7fe5c3f,0
87a97f37248a6a2244ebf9f59090b521f8f833d1,1
aaccea0260b05099575fabfeb32a2a1dc030261d,3
e4c01f1c7e7331406902500d2b0e03472ca9d56e,3
ab6f1fdf8b6ffe24367c88ba3d80eab6ae296f5a,15
096046c09fad3584b170ba64ba021e546fbd584e,0
1183c10a2e28a2984398f8f4fea35653c9797a69,1
0e064357f4d0012d0e3386ef19e2f110c79a20a1,1
960de3411b66b4c748934260b11f024a0138e35a,0
bcb7d5a149c4fb5d72e987fdf336d6b2dcdc82ed,1
5b24f5940133cbeafad8725ac88663e6e09d02f9,1
fd0e81b0c77fbe84e88074c568ad950e41bddff0,18
53d9c9ff23a0a6cd3ee084af5ce166be9bf372b1,0
e2957df05ccfad865e28bbdc5bae910cbf3e605f,1
819c5b9b5045b5669d8390c295d75d7d551a6326,1
5a7356b6fca1eb588e804f7feafd870bd4af827e,1
d23397673773ec596ea5cb99718ccf2d7774cc04,0
088e09e052a98f52461534ad7c29316dae9966fa,1
8b876241bd87475251ace370bbdfd463777e20af,21
b116c096bda6784144e769d01ab9e13f9cc2d1b0,1
f7e7862588da66b97f2035940f14583342c469aa,1
a1154d4a2031b9f35d2cb26e1731e43c8659d3ba,2
0a7f2a8be7debbf6fd262346e5270f64e8304f80,0
932f1c109ead8e49bf97c47fa628bdfe96867aec,1
90f8ddfc1e13c699460b07a3e24ae25e9d4c7850,10
00dbf69b6d7d325a9f7bdb0664fdc5bcbea77235,6
8ac5e569345ce0f284ab1e6b4b094fe42f9c1d92,1
eef595aa649a10ed475c902bc072a1f3e419a480,3
a0120a533cfc06178f2df0ab7c0b4d4e207bda41,0
4e14e152fa8bf02ec60df44ba5f3acb8e7ecebc7,2
27d7d2ccab6fca5db9d9e67366f1d28bf9d8d1e1,1
469843427deb25f07e83808b59a213709761e83c,1
c66955aaf9b46ac8057d53864fbf1b42aa48d0f3,3
72b9e3a6ac03a595eafe7d39559cc12097717ce7,0
278aa15301470c7cb5ec433afc4bc192dd3780be,7
d85861d296c6a34693af0a2aadd4019f8e38cc80,20
17960fd2b0bf1f3b2f42ed715317cfeea08a0c2d,1
aac2b9aa9ded1141cb30caa94b282a0281867afc,1
4971fa73f90fabfccc45fc2450b6ad069041ac56,1
96ace72ddc19d706e894f4c04cc85e67c62b4a42,1
b80a6a8d3118852973b12363351c1ffe35aedb45,1
000a6fce464509f8ce83c70f2e6e012aceced9bb,1
adfcfcba9512162ff4e1cb44bf118fa54b0ecb4c,0
e83eac312ef279cb83c2c6aaeec949e7ba8efb9e,1
5c5936508da9a94b547f226da132e1f8c6859b97,1
39092efe88d29232825fe6c85086dcaf0935c03e,0
9f53e2f0c94e99d7d63e707d6741ddd9395b889d,2
fa00e1d97f2d82c719560c91e5001695e691ec12,1
c7dd5527b46a5b0d1d30eb147b12b471f1be98c5,1
129f986ccf39905087056491e2bfabe2196d90d6,16
69b0490b77f75ad70b60b1d333c7bbc027e1ff72,1
9d1d590f43b1a3463a71b61f085608e6b1d9915a,0
eacfe132aa5218c501055c0d3a4ca2359dd7caa4,2
3b23ccd366338f87d021ef183edfb4d3695c28c5,4
54ddc1d417ed41f98e4430c46c92d8b638cd1173,1
c2760c3cac5a311efcbd90f17796f795bacb6a3e,0
944090c19c26499b001e0d0ab3cc58c5d767bf83,1
417706e5788e3cd307c99aafa3f112dfb5546031,1
f3c1a6b19c1ee1b5640348d846ae1ee2898cfb72,1
fba4e6241b374507552a11e4f9600081e2c82771,1
d15d869267c9190d2210fef6a7a6ee8b947bf52b,1
f209b755a5e67dba07bef7a274aa9ebe14cbf829,1
a91263f79ee430fc065c5115253798959124196b,0
0f1df62389ef8195409d9ace832d43c5774ee966,1
2945eb6650c228393b890007035b8b2849cd7060,1
b742af2e2a36c520da418ae585b6e2fbdcc3b55f,1
e0f4fc203398481443b8f8d76f90c491b3c799d7,0
baa9199973365c77d80da4722951c6b8cf7ccd54,1
77e80ef367bb678a2e58bc448f50e14ff855aee8,1
3bde4f48557f0ff8508c8789753f040bc90d7434,1
82a3ed2f9a76225ffadecd43c98cca1dc477673a,1
db23b9b1845937f6dff7183823be753afd75a77e,1
81d42406b7d44447e70dc4ba5f967d90a6ce0b99,1
552a327df89ca4db82521839effcc7e7d8846902,1
ee71845d60ec622f4613f648542a3acd0376e461,0
a6628f12cc8fa255544b14cb8cc41ed8e7eb71ff,1
8504992e9f5e91ac61987b8dfd60a4b2bb1b1d64,2
2cbb85fe8875f8b8bbcb7e2821e53ef41a8cb23c,0
ed6598adf5a1fbe3e5d74479446124b551342270,1
62302ceb9e8f4a011985bdd894b6d7bf28dc9f6f,1
f7659f02bb85ad8d9ddd8c8dfdb5792433117ed0,0
de25a48decaad5b5f178793161c957df44053b70,9
7456710a1f87a91e457fe8b9bd37f68e8c629411,4
391386dd94c146624f79ab1ee456a3856d9dc10a,19
63715aba4f549c8af6b1aa3d26701b789eb3ae00,0
5243d8b523098b241061c554280c394f126c7df5,1
49609f6c14ef962b001d6e5952981383897108cb,2
40b6edcad70396f2a94b993b85ad3301745fd5d7,1
2ddb2a2be9a2aeaac0e2f811d384710c3a969a44,2
8a01e5fb7a54f3bce2c516b9e1e664bc43ae40a2,1
e83575537abddffc9d524dbe53ebb51ab9939a06,12
7268d46508089cf88bf451de67a195df818fc849,1
87a872e1032f3531dac9c1c7b51d7b2d62869474,3
2e0da8abdc22c005fc81dfc4e10411600aee0749,1
85b7cca4d09afbd6fbc000a813375ced29a86bf5,0
447dbd6fa56691cc6a15276770d01f0e80c1fbe2,2
a0351bdb737a4b432ac3e9d1740e292d910bf32b,1
6b1b8cb2b382d1b1d6a53337b59a91ab518b971b,1
0fd814e4f18bad2519a6055576e585d17448c187,0
8e613143237d799473630f40381d3974663da06c,3
4b204da3c1445e857feb616dafa0cc6d2db2bb38,1
536f86e8964193267b9f2d0442ac24bdbdc6b4c6,2
f068e46661ae573a9114fa8f791db2fcd711f799,1
9ebcae496d516bb8d70a7dd6869b9ab97e9f204c,5
c3c605c6582443231022c0f29aaa56e04e6a548d,17
3b769753ebb6c0b14ce9cc5beb41b5dbf902a08c,0
4e9d658141a40f2b88e26207638a10f1ed8ec3b9,1
bc0fdbe88e00403e85c637cb404b2552284cab88,1
d78ebbc0e95a5af05d3d177dd6a74f100dae366c,1
6b494c1535a41b09b345281a1f80cd734ecddd88,1
15190d40df3dcc74229b37040152072ae986efd7,1
0e1cf78f5c52c1aa93290cb291a713aa7fdb19ae,1
d421f5250d7dad41bc090aa09a2dca72c20ca1e6,1
52fcc743abdeb39dada914eb8625d81c5a2356f8,1
a5033c36528348afe700527bdc62024f16b0b6b3,1
23c8c5348f5ab131bd43540fe8d13fa2e20709d6,1
a111fbbd0a4a5e7fc4671ad61ca29e5304a0c705,1
dae4eb36adf3c08aefcd37c36f3b3b24875204fc,1
2c1414f81f8af7b3bc915798f95bccf6948d2541,1
316469e76a1dd3763e01c6fb5a564d22ea09c8f6,0
42465ee44422253e9ac942511e37aab8f5ce48e1,4
9682ed455e77e5131a03e30aa485d722040ce443,1
8c760f1c31eeff0a52e8842321d37f6c010d2d91,1
cfb416fda9c50440f1bb12258635346932caebde,0
9643e6c74408626596b375181453d5750ca3d939,1
46836450368183c0371429080aaba46e770c8ba4,9
efd5658e32285cff1e5201106f88690164ade139,3
9b13e60e385c12eefa470d710a6fa727fc03ef9d,36
907032616e6733acb5fec6578160ab04e69d7507,42
e2f2458928d59a1560bd5b3eeabad352ffe82689,15
d8785ffc6f56d696f5a9d1fe68aa33264c60f38c,52
ae9de515b8ad4f6c9db5759384731e91e0aaf367,3
363d7c505fd283b81dda6b03f5490edc5289a9e3,12
7592bb1f2fcfc1617d45e7f5e13075fde419e7ba,122
deea00dde355acd29d7b13e97b892134b92cfcdd,113
1fd335b702a3d024d7b3d521a080d4cae0b0eb7b,12
bf629cf7b1bd98b13f4ec8178e0ca4723c2b40e2,1
bb44fe17cf6c53a223457444d89c19a85f96b01a,1
36746143a134c5390687675fef94d4a631195220,1
47b78ed1af2a676ae0b5b451668a4bcb7bc0bfbe,0
f6ca5a8da8c45627aaef4b513adbaa9a8479ba37,1
aaad65ff5de9062cad44d5fe8b44cfd0ba2550cb,1
862c72b030da076909e048d36cc2d33b8b6ad4a6,1
30976f977386d836c3d9f0a06632db4ace092a32,1
d135b15bb8a53cb4c10a241627ec665b25917ad1,1
e09abb1b31286ea7e2abb290e2fd91da452fc96a,0
5ccb1c9e7d49dc2496574b925d74f78393606028,1
fb16a83b8ab491efb8c1f4c0c901d0a186e96d5f,1
97ec224d72247537ed1c498f1660e4eee4c58709,1
4ce9ddbb74052bce8799326e03bd9f5daa081957,3
a1e8714d5fc8c70a76bbf61da5f2678e6b0c5f82,0
b8b5762e55dc6883cf669607e026e7a867cd553c,1
d5bfbf5a59d09a00d2513678846af89904fec94d,1
149c474e552058723b91304ea43de0be5826ff65,1
722829b058eb6327708bf44cf7ee7168770a52fc,5
c461975140c926a8d7815655c1f0ad195b98d839,5
1e9cf905c7484d810e6a429220db6179748c7cd5,1
ec93383ec8a5bc11b081d035b618b7412f27cdca,1
c2cef42f8ece87e9b16728281cd4d8d1db007f4c,0
dc40a5f6e004a13a334584a4be17bc5ce67b9170,16
98c9111a7de0ce82bdbbc34be84dd8360c36bb33,4
e6baf8afd9ccebb25a9e47ca44c1837e892b11f1,3
3b293fc5d101139eda83c77786ab3d7f43b75eb5,3
df218575832dbb93c18d96227ac77e24294e4e5c,3
2dd1859247299ba368ae6c79335e359cc3852494,2
a274769f4fe547fb63cc0c74b34948ac9c740e89,18
d3bce05d54f84bc37c611dfa0dcec32b967ab426,16
b4b10a57fe5060689e0669d5cda67009643214a1,15
bba14dcbe6bfabeca47acf98efcc766fc661de30,16
06906bc1c8e520683d88e27f8ad376012167d8c0,0
318318b02f72b7e432f727563bf5db244a2176ca,6
346c8b339b87491c027f914be04e0e9ecc882230,2
b93cddfcc9f39f7eb04afbbb3042accb0bd472fc,1
6ab7b560afdde6b8673ce36850eb66ff3a170c27,4
29122db2fa86347595cf6bb09c63a14406e6866f,1
1418470ae9f09177de8b7eff5d73d09d70d8bbe7,0
1d94d098bf27bdfcaf18988e20bb18507acb50ce,1
e602c28ad975f2c0cb575509c99d13dcd35dff69,1
90f858aa858e6393baf9e1ffc765e25491475085,1
e2a4a83586698a12f6c07421f90e9593594da0aa,1
6b1b3adaf04f20d55186928580e4773faaf04945,1
eb81982fcd0af671f30e2b6ec45c25566b621b08,3
55b23c896a67a8a096b3c7ae694558bbf15a2351,1
b0860adab617f07005ba6d5f04fa1d769fa876d1,1
45642b7fe8238c573f16a2cf09c4d4bab8c4be46,1
c85a4864459b7d83885512900f84d65417fbb026,12
962b1073419b520a09a103048014a5be83a7b6d3,1
406127921843345ef0d6d434cab1bfb13b056935,0
06ae8322761541ad68495189d0776b72c4affd6c,5
4c3ca0b5b63f58090fc282b38effaf7620521db5,222
ff6081be3a67411d4e2560254c58875f63e4e079,1
d8e2f5d33321bebe66ad317c7d787cec6149e621,0
aad121864e691297591319d6474f8621475cfd8d,1
96a3fba8acb64b1085a592dd8a77e86cc7341062,2
1ad2c5bfc0311b39e888b6034f45e852cb7034c7,0
f92907183c100da84c395b847998947f0f2b8d8e,1
58941e543e3c8895078e28e664edd003b519492a,15
cf5d64d94034a1eac8c905d0e949e0f20cf24612,0
788eb6e64753806bfc326a78c0e272941ec6cc4d,1
3a5963c0e7db86c775855438c08da588a3cba03f,11
e55e65d1e430355a971df027fc3245f84ecc2c77,1
5239a4e839c2b5db950510968bff75beb1c6241d,0
8d295547bef22d425ef6796c859e40c35720f42b,2
3eea5222cf8ae99fbe8dd3ddca5957dca57a1d76,0
6d0e91328da1fdd17d844ae5992acddb6fb7d708,1
c4a2e5ac2381ecc7871499599ef8fee7e0fbcf85,1
2076906aaabeb756c581e267a606924ce742add5,1
10733a2bb05c058b3a0265b89b3d8c662134afd6,3
0c7bdf569cea02d85ad2fe80c058e377ff21a64a,0
303d47228ed81834be7e2327717bb61e2fd9ff68,1
ad09d6a60f53c5666d688421ada06a0d58352d4c,1
8359cdf01d32db59596a4d5d8fe233744eb4fd4a,1
6b095af9b1ee560f71ecb84dc1b1e57339622ce4,0
b3a3080b4b3565b3f59f8627212e59960abeeb87,1
54375cc7a418cb3e04e766c3f24c06ac253e14e6,2
bdf778bec22cba70a47d3d64330a87af872d36cb,0
08968c29bba09e5215feadfc85cfa724ceb0fc22,12
fed18bcc203fa0f9ec02c74cd07029f85e50d65d,1
b94a0e15013ce8401a20ab87ff76692748dd96fb,2
bc205c76a387a6e2de4d37d790bde8320edc441a,2
2bf482ce6564b1873478890ce68aac2756de265c,0
e400fce2716683b4b44d0fce44bc8a30f7e254e3,0
5ed0c1a2bd272c374ecf77559261c820ef0a50b3,1
95f1feab1a3769cccaa3322d49e112f4892c99a7,0
163a9ff58e3732c5bb4b0964c353dfc1f97a064e,0
c3fe6e61aeea6ba3dd2927fc4b2a230af7b45345,0
4db8d2def45e63389b693db52ba6199e75097c17,3
38c21ff34dff051a173024f1279e1ad17586fda7,0
b7e9ba7591c49bf4ae397fa70fe161ebcd66ee3d,1
d1f447100035d02266d0d91fbd8babf0faf79270,0
ac382cbdaffbfc13b5ad98e57129cf2f759ae75d,2
b1404a0743326e264658436b6d81ca8075e26505,1
17b0ec84edba5bbfbe9948dafe7c690b910faff9,1
35af5ef23e656d687fba72ae90c8592b9cb7e847,0
e7e964432b4dfc4798e20179cac72b7d23026e91,4
d4c6fc5d0a121d25e97836cfc71661b94f500400,0
0d9d21d15f4edde38731136823040d2276838307,1
76306f9073205390a4da0ba7204bf37fc2ae36d1,4
ca2dcff9d42c4293d95f947c9161ee517c882897,0
881146bc22adbeb180d522516bc2e161665148f0,1
c33fffd6a7f776c108c9f0442093c07f00885783,0
01a7b5cc9786f9873b82cff689b96bd2c5eeb7a0,0
cc5d006087d27b0c766b3ffb5dea94fe00f94db0,198
2724baae8b24400397e464645ee684953ea0a6dd,198
11e3f3375d94e218826179ebe8b00b64e72146bf,0
6f4873329e57db9df6f752dd7fd9de8db804594b,121
764e61708b8e73410c7819d59c4970d7089ca6f5,0
a8670b66a7740eed23b780582e8d636bb7d0a0f4,1
93da52d011969a2881d8fdb7cb0f64f642688f1c,4
9c09967803f42840fa4193eea3cda01e2f725e72,0
0f3f7d6835156b5dd4876c619bca685ec0878285,1
9d2a980bcfd84967eb1d01ac1752a72ddbc230e2,0
2728dc06063aa2240c8c766cbaf4586e028bd8ec,0
be5236e839f8ae262129020a39693f20ce38450b,1
06f401e7e5c74acf40967bb5eeca797f6cbd3793,3
1a882bcc2ebcc444bad959213cc0e6ef8be657cd,0
a672872717818772276bced2c5929f0631ae0f6b,0
9beed830eb7c99fbe5b901462a9ce098f7d39978,1
068d4a1eb28183e1485f28d7f137dd23b5fdf817,1
5824f613ff534e1e3828408b52f6a02d842e7543,0
c5c9d12630a54da3a2ec76e6827190c5dfc14b6c,0
ef4becc413ad061433771a811941bfc44b1428f2,0
eecabf0b00ed1ac7453c3868e2bfdf2f5e89e301,0
0564625757ffaa2a45fdfd5be0e38d2a24deeb3e,1
f18f689c01e822e77aac498f9f7b8ec685538228,3
af7e3f507645cd3f33dc7cb1a7bf06276103c7d7,1
d46d9d998ee7205f29a94c3d3ee191088d4219b6,12
e86f2342c057cdc624a07a11ed26bb653c790bda,2
a8a8f236d2e39cf850c79ecc5bc6efa2c2b64e91,0
f0523b58168829024bc42d53a87bcdf7adf06aad,1
790c697c197a5a076df8b6b217c7d3aaf0caf456,1
76b4678f99c1edbdde697aa4817bf43c4fb34bc0,0
03d5709b09e25dba9001c34add71d7b067d9e0d9,1
d76a01194ddc90ea4391e9d96b401bd18aaa9812,4
22c8bc5ef42d48a2de5f7a1f780a350548d2a26b,0
97a48e36e90fffc090f2ea0cfede3c71e547cb3a,0
2deb5a8ac5c946132f92c86ca428ab7f7e1d7122,1
b5743d6927a0c6e82d5373efcf867275457bfdc9,5
5ea139fd79b5fc16de77ae2b167a2ec62aecaeb5,17
da246f5cb14db99fa293040af385b8562b7137bd,2
959da98d8ee6ed8b268e8cd939f35c95ba9df9f0,1
ffc39dc1826ac0da118860d09cefa0aa92b10ffc,0
68f6f149d02025414c24858b84d7c5b8b90449a4,1
f8aabd670ed171516360ae53a5d8756f61caf3a1,1
94120740d8ba0f8338c13dc898bc2f30b78ba371,1
c9141e604a11c5bf59159c0f50c0a25ae503fc90,0
3778362f882883e98021a4178c4ea66fe006f584,0
b55f8718c39f3e295621addc775570680706c643,1
b0d520b1098d9d648f94f425e34bbd38c6bd873f,1
ffe27a62251caa74e9f566a6d297d78e1c8199e3,1
86083badc2e1ee48874028adcab9e9df4ed18d28,1
47d7a9cb5ee526f277c978de929a0612b4d3ee5d,1
350f239d841a8b0165ab1fd85b875a29bb859090,1
672b0c1fd3324ca7b5611d9128310036eb6e8eb1,5
f4584c51c56cdbe8c09733dbce98d5f68e0743b4,0
15a2351675904020bf0e0b05709ee5e2e465074c,1
8cba3bd811469bd49dc3833d1c80a40e78288bd6,0
550dd87b2a9b87769689588c3318e9e8fc6f1fd0,1
38cc0b93c6f268318d1a996e0bcd4745d3de2b01,0
04a1622172fadd58f2af3e218407a662a7e4b9bb,0
81c2ca3e100e8de74f74e03bddd02a909a82e88b,0
f919a2fed114299bbc5f7ec1602e221548c35d33,0
65343e8ae8bfdcb101ebd049f4605a45e1fc9087,0
063881b5bd6f2c1021936e2ff47f2f8c0e8456ce,2
94dff5b36ab46604dec628ef37331784d9d40c8e,0
70d2f48d4eaf6516a8ec789233473dc604ca9b90,0
0c0ace2a0411d61a238e4f82c4691c28aab450ac,1
00716d0ca0e01dcb8618e28d241393cd960131d8,1
834747deb7317d0d4095d9e5a1e762047d3e2dcd,0
bde9c70d4239ad59390cf7aef0c5fc541523f1ec,1
50bd7493cc9e67f53c7aed5d43f97d20dc2d9603,0
4d11b299592fcc94ceacf3a37c0a8953fa5a33ff,0
71ff9adb124d85f8ae00b6fbd8d0caebae853ece,0
ff98b8632b5b6581c02ce6d590a0ed45a336caf3,2
9b0fa9c309b472ab6cc263b0e6e0df5a6f213771,1
bc0764894a1b962d3e6ae95bbcf1cca8f556eb46,3
b878bc562056fe485d1c27d9ddbf6c334bc9c305,4
300435919108c2faa95dd688bb41589a7de967d0,19
6c86266fb6ca95d1285133df7c749bbe51ba04cf,3
3eee09cb6ce898b024fd038ebdf60b790d81d418,2
945fd2cf82ea466628d95c9dbdf8741fd43eec33,36
1b707a7cf7700de210d5e7c9bec41a7325ba198a,3
1d8f61ca8a3a18b1243c88181fd1506ccc11894f,2
735bf2d35f454efda4a2c685e904ca5ebeb1c82b,1
f39658c822c0a9977d447b910b60e34c23901e14,1
6eb4f90ce7d8381edf319433e4e5a9bf84e3cb30,4
9d1961ebe378c1906bb4e1db514cc420d059c47b,7
d6c1285ab5c6a5276fd52e4302dc1070ba8ff507,0
4422365a53fed06f6e1e1cfdbc56172406f83a23,0
4113762062d22928db63d1d29474167277999718,0
89d2ee6f13363525b62365209613a48aec471185,1
120d4c7a8cfe29a57534e33f6efead5c5de7c060,0
cb6e82dc60b4f5995a31a66bb045bde99c352468,1
9d139422789a1e059a5188a9d8722a7c0df2a4db,1
6398c5e28d4e0fab556b375043e3fa1cd5246814,0
f4a93ed99771c000cf66303a32e55fbba4a6bfd1,4
2990c6c45feca5bce92fd9d41ffbfab2d53f67d7,1
9b8c6ed254079b7ac23f940d64f0eaf4b4799cc9,0
06513565e9391a638947231fafb8210aea172272,0
082ed3beedfaffaa7fb8b8e2ae4fa2f0f9f8aca4,12
152b681bb5b436f435b9602fb2e63fb9df643142,1
995b84944b99f4c68c12e56ebc91c48daae7d406,0
7bc5fd8193d5fe620ef14dfccada3ab07c447b1a,0
94de1e0d934a26f98f08e9104c054b28c6221232,0
23ee57c1c121bab4ae17db257a5e3a70d136add2,1
4d4fa3607bc598441cb4a3de0e1f3a8064f0f75f,5
e353d27430ea38561f176584c15113a7f4915baf,0
775ea401c8838d7cdb5e9b7815adefbb5b484483,1
ca8d1756d559e6ed52f88a702e322b79975e0bea,2
b96b28b7cc6fc6aa0a7e3d6b90a2ab435de1a526,1
258bcdefe0054901d69ea9a78a549c4e59ff6411,13
7750180c931b08d160f2487b201f2ccbcb8caf91,12
70163dafb96917f54e0420ed9ca3bb88758ce7af,2
a0f362c735401ebbcd95de3f6f8e3c2f17ecc770,1
adc8fcb77fcef99e77c0d2b3c88fcd26a791b0c0,1
c6d8dd19d93ac70f294929352e692ba7ded403df,1
1116e13f5a5c153a2b4e1995a9154434992695cd,1
3a4c3ab76e131ed91eec532e842243af8f032e58,1
a83bf18ee1063798e75ad6324b033752e0b1f66f,5
cad248fc55d0321ab2dac3400414035a0818d28c,0
97ca1b3f4de5440f25236e98bc893a2100834897,1
7ff18f6657ca6d6965d7a4dcb358cff51b17ef29,0
0f2c9bacfd436f1d77d00e7948073083bbff22d7,15
3feaef6526422630c07d7aa2197ecc01bb14029d,1
047e688e93c58f7428547d5f1eb45d5e149e278b,5
1999ac415cd1e0a1786a601bbfbd13e9aacf2648,4
41f8cdb3a62817b5bea01309e73f9082883c1728,5
c5feb9c6a1225798468233cdf5726811a08d5d46,0
21ff77383236bfc58fd757efe39a98159f992ffc,1
6c27eaf864537490108be6ba851e376d40e3df37,0
80d2c11f9df167ccf1de3e50b0e2f94281fefbb8,0
d580a0d186bde398765206380526c776d8c46a68,1
2f3a410cb090198491f10af7dc9b30814baa11ff,1
b83e3f090578f0c49ff798b931ad529128518976,1
7dfb8becdb0e6ab3e3fc2c3824d7e3276617e45f,1
c966aa26ff477d1e15152588c09c57b9ba62e48b,1
c54a2ea0425dd3289710328c37368d979767f542,3
072625ccadf763ecef74e49792682ca42b83b605,2
16032f149f8112151f4114306b5a86f7e30c849e,1
273a4a253f4d0f9ff24471cd8d036742ea04fe53,0
64825a3d1e34d967804efcc4ffc9cec83f251262,0
ea3df2b0b3968a5aec976dbbe41d0cad1659345c,0
ca79282eaf17c924d71c271db0e26a418ddb9d24,1
ce218cafdbfaa6beddfbfa013dce5c9e44793d06,1
46d59784ad399e075aca6f6eb367063d0ba057cd,2
98c4f22432c1e683735cb335718ab749e66949b3,0
513077c3175e3e394d3d677db8ded12c42f64e0f,1
ef62463d20e702f11daea1942697583b53debe1d,0
76438195f093f6041f6be7609a17da232d103ef1,12
7fecc481744e9e253b81c90a8f3851fcef01f8f7,0
d2563804c834ead54111acd9d5a1d6e5cae66f05,1
e114662cfaf3d16e95a142a8400215653b86af21,1
98e91f525330927e476e496ed173fbfdc18719e8,2
8b2cd930c3b420df2864b43621e69afdbee5f755,1
19166a92e4d918e3094de8e6c95152cfcac523f7,0
95f5a68006527d1e77eae28bbe50c88fa891b144,0
e97fcafd0eabfdd057abf19cc9f6079520826c65,0
197a2566695a50ca9629e851566a997120f09e09,1
2e6f57baa915d33c83bdd7e81a35a9ee201126bc,1
0f6cd3640b0db730df02f52745b9c3d824d2be7d,1
0ce355d9e7bc76a9aea4bf723b746494839bf261,1
a366e5738542d8e59f6f1e6ff30c4b78d89ad664,0
7b3acfbb6f98462b172e9d0dc777e4f9e2472a26,0
78beef2d73c4b0b59ea6536dbd8e7ac9d0219d97,4
1a4a09c26f6ed206970668911e816c5539d37954,2
68ce419147dc37f5ffaf523024510f6d6bc16ed4,1
8b92249f18d0cce9f05e304777e13c0e1a5655b5,1
80807b2d71802b7aee4d5b3269a794d682fa3a97,5
56126786a65d2b211c23d277f85512296a033f10,0
f65833931d3a5af5fbb44e05dd808c10c41dbb06,5
56090fc37474745adda1adb239c702c7d68ae185,0
fcfd99c1aecaef1be898ca72282b118ca65ba26e,1
d693e0f3784d72f9acdc610cd3dcf242b993f356,13
6697a8f3752a32290f876a214a9e46fcaf2a9c53,1
5693a6e3c9a3350da9d73288605f9457dd9a27cf,1
747fd5801cecab13732ff23e64a3b45bea79c207,0
6e5572228db9a366719265e8a8f70760e579c477,0
27ad381e253e538d2f20997e0d46cc02c342f988,1
5146694452e0e46112b9b3119c25cfa2b4206897,0
b2bd9aae7c67a3d5501b1ead51fe509ab7147665,2
bd20bd544426d18b3ab6cdad709be8e31e9adf39,0
9e95ceb3fcd64906f078f2af8cd54c0484cd70c7,2
9ba8cf5fe3ed82df1ff63d54b9d540205802b2dc,0
873f7d6f2a81ec550072177ef52a024186a9d4a3,1
f48599f172bfbf08dcd17a051a7426f0a60cbb91,4
b5200e184cc83eac6055667f94a522ef99212bed,1
8d814de558a34897ce4f6734b06e6c27ddab4021,1
367e2eb9f47906dfa08e8a2804b54030db15b5e2,1
fd873c00c6adb0dd3f732f25bacce22e73b45347,0
1d5677cc3b1c7fa3e0b1b9ee6f980f417d99b646,1
df12e68e7d6098bdb5d6f251a661a49e505fb468,1
fa951f8a0bc7391c55478e8951813f798696bef1,1
27a3b1d8954090e8114606ff4c2f5d7c5320d25c,2
fb44b53ae396bfc3d039ea0841a2df59d03dbaf4,3
46d19323800c72e824ceea40977c93f6b8b851b5,1
429c6ccad2ffc5ada058526b14ba2b85a7b33501,12
8a0dc4d54ad1d7b48d165830f018c5b6bc33cd21,0
8332a158993caf2a718e046e145d5cd3dc4bb63d,1
526ad82d20608d5262b5333684bcf7e85d18e431,13
2b92b01afcfe05d793330f136a6103e8ba77bd96,1
2445ae3d3aed0e1dc6da1a4094c543bad1dbbf60,30
4097207c7527f2b5933cb1f2adf21aaabeb2e208,0
45d64040fe859b4f92388a0c99514fd290a65120,0
9b3d4380d31e0824d85a36e71665ba2f90e34363,4
52c0696e4436aff1760eaa10bfac21b7d786d474,0
58781cb88cd7883bef6d70534a32604bdcebfe52,0
b55f32f8a1f2fc3fe55ca6b891da72dc848f7a5e,2
e70e6e2b48762735c4305be7e7b40f958527c2c7,1
f73f4ce5553b494c7a6298358b9c65f448e82016,3
598c7aea5dcf2883e69e353dfa0957d0273b6432,1
4cafe9e2758e41ada26f1330e322918f100219e3,1
b0235adccd3cbacfff982db595b6db2123328c78,1
875d86bf9b31791c81893b860e6cfc7dbb50c598,1
37219072c14415ad1f8f29e8e7c8b1c81e04caeb,1
4aa2490099153c44a2901c978b6b51bb1d3a67fd,1
1351e40c7287d2303aa4871960e1b9df713f4f0d,1
c0b318330bce1a02203c58e75734c9d08a103537,1
12d0983757d7986a2744136331415fbbb17758c0,1
7cd7b2e4c8bc5b59316129f40d4371cfb62c8d57,1
031294bdd2b71e5727b316bb4694685d10170740,1
b2b595f8f4c64b861aea9e24edc5102c2e830556,1
2ddace1a84ceedf7343b673bf640594ebe1ae671,1
caf15371e25532e682a1b034c288cfef0c300952,1
29f4ebf32a44c31a4f045b0ffc2e98d61ba5882b,1
39d6de1558cec7a7553b464ae1cd3edb4d221578,1
711f7b01804d7c4a87d5def95811e087d25dabfa,1
b413cf34e985e6364cade01f1f200674716e2e65,1
d92b52b19bf216eb99e84b05a1ac428fd5fcec98,1
b9b9a2085a6ba89d549a61c4e0f118241893e0b8,1
0de83187eaf2e99fb3a78ba0b63a7d036cc8724d,1
6e8f8706b00ffcbcdd3a90218ecacc5eae9a914f,1
d54fe3a40cb676ab6f2427724156bbc7d05b917d,1
86ed55e75c3cf7f5d6a5311edc503a8a1fe2e4a4,1
28c87ec81b405c9eada07621912e673b6aaeeb95,1
79106638a8296f8adc999a9981f34561159f7907,12
6110494a56588e8e65ed20fe85a12477315e7963,12
54deb9eea366295100ab9c0c9105dbb841cc826e,15
deedb00c18084c6d93d8eb4ea1354a3976f019c2,13
9a6423ea17474884d8a3cc8e327db66ae728b491,0
be77cfd895e4cd30de9ec27e4764d33b5dc9226a,0
8b59e620bb60b81c010e66feaa9f391825853987,0
44decda00b503521c362f0501a9a12829cb17ec3,1
cb4ea75fab561d0f3091e127b72b1090b86e5988,2
0e7051138134aea5c24dec8ed8fb41549e0ead40,0
0cb87795a30919b96aa4f098ace7ef7f84d6e7f7,1
182e0d99c9d3c173ddf3c975832ebdb3af573c85,0
b425851441dc867a84a7191c292f89dc45347894,1
d1148a0198b9af9947b83c987731bb1a70e51d7b,1
7f3252eea99983adbda5d6fe5c6044248979df75,0
0511ccda23c570aa56f4dbc782299d2f2a90d2e4,0
181ccc884c79c48c818e23514499968d7fbf7701,13
073e4af7e28b47b16e9f30d3fb8a39f4f4db63df,1
b7fcb1158044609d9f46ac00e8bc3f10f66bc833,1
8f8174dc93580b1a3385ea227fefce48cc59174a,1
91fa1dea8261a55aba0a0b975b76a686248f441f,0
69655205f509d535d4ff13df20533d52c9f30b12,1
b492391fa79fc4b8d437bfbef427690a2546d9b0,1
26c53634e16fe1e2ad0d3ad2cc74e35da72c465d,1
72bf6acb5b32a295616db02b96e4b1adabeac87a,0
79633a74aba2ddef3c7a8fa76d4aa285ca6d1037,1
ba9741139ed1b662c8b93bcf7e154d9485db107f,1
22e0d2afcb5828b3a62099f786c0cdd45406b4de,1
816aa19861344e3d5ceaed07a0ce9e1d5b833444,1
df4d50579a07eb61159e80eea30637b72103e494,1
8f8bf3a897621c08afd42e9b854a28ac5f0ac287,2
777f2d38200e36e77f07cd60061b6d1d4b046da5,0
ecb46de349766b8820da5687964205240ff2fecb,0
150a35eff8e8b171101c76d76d0e493f9b811c3e,1
7dbb595424c960ecf44b0b191da1d5ea9d4f3463,0
ab246ab032d1ea1706d03fb044429a8938271575,3
59529b755d6d77671f82c4b3921dd67dab153d06,3
df4c1046376a027d62e169d2e7ec2eb0bdffab62,0
1f039cde61c83e6422b8ce6b445156e80552f887,0
1285784a49da80e7f37a8568a6d44bbbf03e918f,2
65487b75e2e366ad5841d6bfc032fa5f3772d0bf,0
35493e1af9d722893a6061bfe01b9b34ded83a65,1
26015b02d8b153b4d583f3838ffdd65cd1258831,2
aedd58091162ced31f6b1336268b4e4f4b01f531,11
555128d9e6dda8857daa5aaa8f8df8be3fb7d4a7,0
2c892fca6a5bf4ca6881c5fd4fdfb41e7c91a567,2
4b156a612aa48586888bdb3c9ba1297a8631ceb1,0
2db384a21d680a9c8708f1675594732bcf46655d,1
ca8cec8e8a3a007b8c73f788c92b16ba82adc8bd,0
425cd46c12640a79e89fdf49c6e22a7161a8104a,0
b12bcd0f926e840120944bf091cb10abf404dc95,0
d4c74b8f8cb67190f62e29bc256b8b85e940efee,5
d065d378222480a248cfe7c14ed22c316276a8d2,4
e47e888a0858959e430b8531fbf0445848637a38,0
013a09dbe632fad0b6342a43fdc1dec59e53b2c2,2
4dcc0fd55a34b8079979df299c149fa7ebb5c83f,1
514d8ac4607b2f05f9db5967e5ac00f9d2d5fd4f,12
ce3caf447bd64035ac612d6c7d6358d0e7844691,1
a235dca79cb8ac8798a0a3c99185f4f67891273c,1
2610b8d047d6116a9dd0853f5281d35383aabb8e,12
b4b19a6cbdb2229d1ee134a6418623538e07094d,0
7548a56f64eb1b1bb0e39919430b3144f19e7e0c,0
02acf0641a7a3d5e74ab14a8d16e65099a327100,0
a9a4f0ed3b8eecc6624873ca2d9340aab8bad684,0
a120bf3fe42f5287eef38a1b1ea524218f792726,0
3688256f8677e3065f5bcf48c91d59ec9ea03b1f,0
ae53b3cdc33094c68f504835b7a268c654a10f71,1
c1fbef1722b2ade9a310f26264ac94e68a7c30ea,0
31516e2a3bf7cb6d8d404e994b06b93d03b4edb7,0
185f8a0a66672ae42e8e250d4fa3b972866e197b,0
0970102950578dca6f258f05fe3d20eb402451a3,11
0f687b5ddab1ef2ab712324b7962c1ebec13a458,0
28aef684b483256d006475dd825a6d940ccfc5cd,0
c1dd9bda7f723a848148e94fe33daffa55db26b8,0
71a0b1a5bb933cadb5b33855fb8a409f5793216b,1
8c28e36e751ad3e26c08bbad33e5905d65091491,0
c36226c4dc0ef7153dd7e8b81749599989ee0fbe,1
2bc1d70a310b67fca9a86ed805c9b1e4c0a608f9,0
ff178d8cf7dc4bb6e585862da37ae1bed2766356,4
ed988e39a8973138b408d7914f9f0cc94e2bf453,0
e44965933885da6f598436259e838e3576c7eeae,1
ff67ee73fcfbf3c2926367bd70c6614ad264fdb6,1
5b248757c71441866ec6d7fdab8125845dd4f5e2,13
c5dfb355970427b848f927ad587e19bfa4884f03,1
6423fe7601cfa30fb5cd4775253714200e8731fb,1
8f8824e1d34f7492638a18f713c6950655e23681,0
6af40e9dc0e4e91a95e4f7ee0c7cbefbfdd19184,1
d1c1f766d578a166c4f025ea1018de7dc6632a3a,0
98ca46006c1c94680d8376ba9c63aab17c366c35,12
6cba6bcd82f60f488518fe95ae1c65dc84fc3b60,11
1d9699be0f74b3f689128cdbbd38526112be2d7a,2
76b12edecf6e8589658d1668068539f3c49e4e6a,1
6b1b71837c98ceab55db7433357a13cd829d1ede,9
fb379384ee79eabb42b8edad06e4588b84cb9544,1
0fca084ea688aed41b892f9cea7e069510c73c94,20
01bedd17c9d03e82dbd3c24d8e462b010a54ba90,0
d43cc2dd5f52c9b71b486e7778d7fb44ea67fad6,4
1f530beaf1389ead0d72aa3634943b2029f604a1,0
0ec444720f32a25175b6aa6846d31e457d751bdf,2
a22a228bcc65e30c9c500dc17fbed51cc9718ef4,12
ac9ca64c50e6b812a47947b83491c2ff6de6f99c,0
a932e7490fcfa01eb64c3675a0ce83d29c16045c,1
9c5d14ea683099cbc70597894488281ab380c4f1,1
b3436c875a1634d3009ae0979d2aedc12222e506,0
5c29fda16756d28b231444b1e54ed656650bc8ab,12
0438f0d835b108de92ebbe65986f0a7b96dd1bdf,0
a640cad1396b4bb6e9db12399f3232b4dbabc6e2,0
c92b59952a9eb517d92df58f428df8dbb03a1f05,2
b275946a528d5d85ac063dbe7a60d0cd07708420,0
97dfa0365d7d83303bbc2bea547d1815005c02f6,2
7295640f44636e779c1d8dec142c0b987c65fb59,1
0d8c00d3f644e569489b61ba5bdb0ec22ba6fcf3,1
777ca11760009f7c3b6da1fd2dba6a19b3a9029a,0
182f2cda350b284db5d71cc194ed7f3ea7872d4c,1
3a6fd912cd78719821638933611b507181afcfa7,0
3c9e94e035df9f9c7f5ae7b50dd88b59ed0ae438,0
56ff46eb8b34d3fa8db9ea6ddac22dab6f79878c,1
ce142afddae60aad7ce6f7fb2d223613607b700d,3
c5a1b227a4015b4eb00fc1fce6375794056b3edf,0
35e79d56a5e5af903f310f28d92298bfc5bb5548,1
3a74bb503967436b145fe10168c508290446688d,0
2606d1d89294485c578dfde65e6266855199c07f,0
0fed46360c7b43ecb49f0fc404a46fa48ad3a4cc,1
79a44a9de37859b58a8de288341a54df42e26061,1
588ed70d4a9618807390269d943b5e58aa001933,0
7fb8d9fe0531d2816e69b225e1ac342046cae357,0
01655603330b67319fa5dc4be27819099857a006,1
075386e7febf5d88d85c8421c06f10bcfe7c80b1,0
2558c10c6c25bdcf524c118dac45a94a7c09ac8a,2
31932912dd82178ac7010b52ab1694d903b5ee1e,1
c2e11daf66f20e8b90b418ac4dfbafbdfb1cb56e,0
c3560e0288cc4c4ee9caeb70abb4f17cbed5d8d5,1
a0a5ff61c4af0b8eb37f52ebbf33f33dab263431,0
0094481e5582440b741df8bfdac30ef670985ee9,0
64268f331263b0ff064274c3ee293f44b1bd144d,1
996d0a9185f12806d51e77b5d163086f21f144d8,1
8534bc376c55740e93ca21ac626d56c47da10b91,1
3b97a7d44650a94dc75860970a53e5751f644229,0
461aaf212609a770a241cedb54599aca9353899d,0
be9e4ceddcf02741c7042753d8c1276f9443bc67,1
c26d816839e556876522595e85c6aadd43c05844,1
f2c94b3298302dad7a8c24432fef08faf60b1987,1
c5e0e29d23bebea6b9d900f2b9886f612e7e8901,2
b59e92ab99c64c280a1afc0b240b9217c2329eda,1
61ae43f35e8523ab9785a0d79a3c6f7e73407e4a,1
da0d91a79b1bf0fd1c4d4a568415073b70d17573,1
3a27a78f9ed5c89735ace99d8c4173991f3405a4,1
064f2b37d03827440364c2dabcdb2468fbc57415,14
92575cecca064e18441dc40f3568b4f3706d203c,2
671aaf2dc9ec19ba774371129acbb0fb2775f402,1
d931220a6594704c7392a9bc98ce6bc070fe3ba0,1
47847765e217a6d37d7b3a1853d2941768fdab03,1
a4ca87ba9919f07404a55061611fa909db1bee1d,0
5e3bb4bdf3a6434dbde9b0873e3b7d0c84c0e96d,0
67a4471324a7162525b86006167a24f52b39cfbb,0
b99e63a7bf9820984e67ebcecaeacf515cc9823e,9
2d1e73021605ffd7d01a08f60d83ed0048a100eb,1
581685a231064decaa721804bfad8dd7d76d94e9,3
483384aaa48a204780f6a4b3c6786fbde81a345d,1
cc6b7cf3ce66e832506ee782c5e7af3cdf41211e,1
e4595fa24a2051e95df8a4ed044d2c94cca18e63,1
b09a957fcea37019356d4c679eb3d0e74446fe17,2
d0b65ff6428696f90bb674959fb63fcfd2fb4386,0
58d128b7a9178490252f76045e7d5282430549e4,1
63b98b828021796583691fade58de09d73b35f9a,1
d69da22f7c81073432c3e8e6ce5355dd7f7d40e4,1
53be0f3399e9d11c91ec35628f6a736b172dfb1c,1
574e2d856ec1f80aab347c12afc6e7b7f1618d11,2
f49a73d69f6134f199329620be3e8c02877c5131,0
cde5eee2a560b957d0d975c950389f88fe7253dd,1
e1b69db6d18ab3f4ea42c6e6711c2077eca79303,1
d0b1f70118104b3bf45bba4ba7edce1ec803c1dd,1
f8389b10768fcf0d04633a70fdeafa96742cb384,1
60f46276bf0b6d8cff3834326000caf5e117331e,1
a40c274310ca716a95da66a20e817efb790e6315,1
1de9b568dbb8f489ce2d8afd76db4bad850d1434,1
0af5e3a04f48abe9c0972d3f7d95ce67d01f2d82,1
637babb99ba188a19aa3c887e94989ad0b1112af,0
71f183a3a209e7da6f8075f026ddc4836105962f,0
cb9ac490d4043356f64a3ef9d67b438c2fd6bfd8,1
3851ac62264bfc1e1e462e6ab0300956c5aa6ef9,1
b447a4ffab097fbb278dc64ccf95e61014d12348,0
d57b23b1e3213855c3fa4a40645f4dae69276b89,0
7336e6df070a2f20e5f2cb9b3ac2d40c9da0c8c4,1
5dd87d2e740b2f7096e6869ae67e250adfdd92f9,1
639ffc341ea5c8d31e43dcbd4a79da74da9586f4,0
3f02da646c88ec0a8a332f59cede0d1901e1e251,1
e0e68c5cbc9f92d48f3c1f6e46f7151f2ea9f179,1
ffaf1b4f2219894c4b2caf70b24c7d3f8b6633d8,2
dee6840c5047f1c7789d5cc31764d3f52439b269,0
642f6a92bc9f1a2a80c5cff581ef6923ba8f2891,1
6b51305c4ba875f24e60d72754b3e4057dd82869,0
17ad80c1e10254434323cb983862108bce33ca08,1
09d60e01280f622b75a098182fe3bb41d212fba8,9
c05b347617251fd2451ba85a9f04a14cab47ad0f,0
5a9e45cc4a5db0242a82843f10434582ef32485f,1
0908c41156d36a6acb486653726bf37d627ddf58,0
257a907456071e67f5b4d7aa3e85fbc6f6746d75,1
e4b1e8651bdc0f96603e6a18d525df7f452d6432,1
cfa60bdb972b8626a52c8a0009027c3c6453ef6a,0
ccddc280be7d51618ba64dee9e05a4dc782e4463,14
666f9cd7b488d314fd82459b241835c94d4ae03e,0
e7aae314deeb25bbf17e9864403c1924512270ea,0
74e4b42f7ece308f4f5ec1313d79b18bfaecc59c,9
8857b9e921d88e9d8c8bdef3bf9d59e8622b0070,2
a37c7ff16d239794e6e53cc30f79f98d4b3cab41,1
ac2b23f5743a822e04296b2e7fbbb6d8fd855128,1
b089eb42eb554e16043202a545574f7ea026b28d,0
055b11814acc887ca7bfc9430c850695131c74ee,1
388dd0cfa50b1bffab06cc2ef288e560828d7123,1
f8b4ee079ba9453ffd4d517c86aa47c03cf52d0d,0
c6bb98abade7db4abe1e2dbf3d4ecc651b493039,1
79a5b14eb7bc4c839a1e97679059f7360d8b1108,0
ccbe2c4ea3a36195dce61caf097420cb64e2d653,15
71adb1ee59d154df88388e1f34aa713be443bde7,0
f1a03c5447272b55cc65202365e64b45976c0684,0
5fe382949bdc91d48312547b73d7e79e7ec02b8a,1
8f164f4c8318385d278fcf99cd09bb1f621c194c,1
a327d876fe0a8a934ab045324a51d7aff6fb3bf2,1
652d59cd807b62082ca0a07bd52fdd88c93a2b4b,1
fe912f44dce6118a31fda95d148380ae496d1bba,1
93eb63238f39085ffa74ea999f7c124cda3f483e,1
a3b13eb5ac1ab97c8504279fe94749a9c511614e,1
3105ebc562040c8aecf8f510a455272bde97fc12,1
01654bdec1f37a36be00b44c149aca2862eca60b,1
907e8e98e5d547ddcb67b8447c857394eac4b10f,1
8b16ebe705e510dbad7534e55c54b1a7e8d49f22,1
67c0e8323ec390d53e70d6eab1e1c7a2f64c290d,0
740152ee701a9e807afdfe48a0d20c5c2b8f4a7e,0
5914d9d7def75080f97542b7e5fef8e4be05c4ce,1
b328c6e6b6934d178d5927763067d369ebdb5411,1
fb4cefc91da021e57ad7058a1674bd050af2e179,1
4c3736ed43914273738bb92c2617bb6d8bb6c00e,3
9189cc66ab3c3913c50f76a56d37f1639d2cb41c,2
56fc3a48356da8189d83602546ba0cdf4b90aad0,15
7a1aef14506f16a9b9f452fcd3d242945e1f1b38,0
6096164d79ec711c6738de5e1d23aabcd0d93c41,0
a488445cbe89f44bb895eba2cfc874acbf4f5f60,1
b1950a7f254403b85076f477f4f0568b394fdf46,0
df50523605e73c7d503b4e042b7eede96009112e,1
dcde09fdffbc793a73e431d3296db6a1b08af907,0
2ca099d1e73872c58d887090c32cc244dcd9e232,0
837ceb9abbc4c124010b25c03b0b45837ab222d8,0
a95544f92ac7ab15d66f12ce46616d54a7dad3b8,1
a00ebf03d41f80671138938357ba46ef3dd35d45,0
7f22464353edc686d121be63842ccc297f6f2959,0
1269c445ab1473cfb33db4b6fa1b6b978f22cec5,4
4abd23ae9ec8826ff25b8efef93ded5e25d64b6a,0
585eee6549a879fefee4cc1adb4cc200536f57bd,10
c5961892e3438758a3bad538711f0dcce70acfb6,11
6248c93f373bb1590b9c5c04ac43e02684e5eb17,4
540dbb35e2c51767120c2765ae821a7e30e207c9,1
14d4419e161b26cb70bd6d28101ca554f0f099fd,1
ea897654a466d24d0511c331e6c1e6b12df1014f,3
7dc64efe672a1417b2aa49a72a27448e09f06d05,2
6a514f3dc96021b3057355dd20ee81abec02e291,2
a76fb42ca6c3ca2be28241ce8f7ffd6d40d80f0c,0
bcc04192fc046b766512cde5e5ec11958205ebc2,2
98f3130a5c0871f3d042274cbc769ab4ba1394ce,0
4788b5930045b5a550f0bbbb580616ba215a594a,13
bb917ecda857e85da3782715a10be552e4c72312,0
caa773440291039a1fe8cb9310c8eba9e95d8558,0
c82da64d10457429be99ec655b0c3b595f763f2a,0
3162971cd606e4d58c4d0760aebc06433b857266,2
27cb90da8b2bd2438acad417af5a2663b746a435,3
07fc2b5b70f133639321fd7c55e453b36a74d791,1
756bb5e268208af6ac7b7bd8a1ca818f55850649,2
7431ef7e2d90138a4bbf6f3003e0dcf24eba65ab,0
43773ff735efa6e83b5d0a437de032210b4b5761,2
eb6e3886f458c116bd1be364d29f30a2e003d8b0,12
cf9b58452c90a0bf78628ef9ad92928a1ef2a2b8,1
419f3ebc03e98a1e0bda8fc3c92c59edd705bed6,0
ff429cdd8a320d7fbb14d7d52f31948084159ab9,1
1d291be2baa73e4e3b29bcb748a5c9c9b2316d4a,1
e03da4805b38280068fedd00cbd8fe854e5b3b89,0
5b2c67f4c3767a040060bb801040ed560932d8ef,0
f7c4e7e19f25d128acc302cef79d9f93a8bce16e,2
a9ed39b12dc37f71a39c36154bf9ec60bbb8ec1e,12
002340f32c3be12658e2bdb4b5ba44220b163e97,0
3db4e0fb5ddc2e3e02ac44113d44e04562831f2b,0
c379f17117474b77277aaeea08e914373b5c20a5,1
7d2c2f179092fba5204476ad2b0bae6272e07435,13
967db181d0f783fe4b1183c71571e5621bd572e3,13
e502144eda540d46e210069cb364a29e46dc965d,1
d05efa008dee992cf4b17d010be1028ba0b595d8,0
d20f42c883d259a3f4589a38b24517d2257dd5d3,1
5c2bb05af32c8adb85a7ff3168946484e7fb1f81,0
d70a4a3847c75a82eb35dae7ef68639df07d65eb,0
56aea5f8e5984ef34482de52b0f6347dacbf2415,0
6a860b99dc85f05689587216e6dbec51bfaadca2,0
ac843fbf3b034be9b3f2fcabdf090bc9896e048f,1
6d084c017f4d5847c593a1ac92a8103f92d9f391,1
ed7a2f9face6f8e467f380a2f6dbf6c5cfe2875f,0
d27c82a4500229abdf9a3d478b981f0315cfee21,11
9a093b2e8fc780cc61d55d088f592ec44d370482,12
6ae714894e86edf48233794448559f655a5d702d,1
d5216936410099636a68f93ae598d4db37f43977,1
b6f2bff4619546011668cfaa0bfa434f0ed1f761,1
d867c185350aec24419a4899254ed1f49085cd3b,2
46474cf2f2cc1f762ff10a2ab908d3d54f803841,2
cf66cb88083b5a2148c7f2bc82b2c24c399b146d,4
1a5293c2ce23fdc50a40b2056910540a48d6d3ce,1
5360158545f59e011704f1d949d8bf25dc73c736,0
bf04a92cc0046d4af04e422d9e84e027e59fb2ba,1
9865318f1c8f7b2c45a6a73e923c20a8b31b3d6e,1
f5dad8ade23ed8ae8d2ca34f1dbc862eaf79ca7e,0
53eb662908047539307cd9730cc3621d42d58fb8,1
d24ea7c03f7ddbb3645a9cfb136a620dbcb6dfc3,1
61de6ecd54f0f256cd2f54397806e6be77520a72,10
2f0081bbb5a1adc861db3a7f9868987807618c52,1
0e6514e7bd1adcdf582b14b45345ee5ddd8790b6,1
ea10601406dd24dd3e3bef3ec22319f73034fbf6,0
cb02bc6db458bde59ddbf8ef37356a3eb5c0f4a8,0
f3597cf55a973b8c47a933f78e73482af2776816,0
b02a55e60fb95b92f61cf92db6a34ffeac061aba,1
6c5f07c5cbaf799a3bfbd847c09c72aaed0c0db2,0
340d165a9cb87dfbfbacc680989717c79b5bdffe,2
418d22d7b3d7099aa3aeea79c3e901cb0e5a7f31,2
6361404b91dcf8ba657b1f1e16d9717a8e280ae6,2
6d4b3f0d6a668f6c038c16cf9587f424f2968778,1
4cb7dfc546c826c1f06555a7ed1f45b9ad7e140e,2
b0f198c153774aed21807e8464429b5231933249,1
3d014922285d2ab361342d58a057967e2966c42f,1
bf5dbb90c4beb708a5f3f2d4d0985fe97733e710,1
60f8e0386fef5358a51bb5dc1a9b1bad261b74cd,1
f9dbd73652b79913032f4cfb4748563bb1ad7242,1
c83faa9c5e1207e4ee810188833ab09dbd91542e,0
cabd713610830a8427433edc8ff403f18a844a01,1
f39e5988a32e993ab388f5e6afb7a9bc4013b153,1
20a047b8c5d8a40c78b1b38c931b38bc25af9249,1
a5e92639875ff99be969abcf760f415b444dc774,1
506a42338b83047ef41f3ed6086d6ee6b5f263e9,1
2f189be2e4773e3b8a6f9c7f55ab382cd166e1e9,1
1836aa2615f59fd54af7ed28750f4af113817573,1
61f839436113f0c9f9dbac4dc29039323b899009,3
a98183b463b4150fd546a501988b4126faad1429,0
41ded7e9968aadeb514b095a85ed662ab050a039,0
4119738e69b0bf66be570df78ebc49558ccf8861,1
6f06d33be5f4812ae7e37baedb953e1adcb32504,1
2d099a2c7076221670243f14a88655caf6827fcf,1
0f9b29e6c5123c41767126e37713b536766c6c31,0
09350841416fdf32c3486258242c35d703db0861,1
c065da52ec81ea66b0d62a282474db195bc38e18,20
a3e129e091cd316f70bff17fae8145b3ef738655,0
e8a711994affa9e6f94b730f2fe44b7490203d95,0
ab11f90da0284686a1c6de5cf26357e0c53391ab,1
8680b515b00ab4bccb07883ba0be65f960a06973,1
a6ba40ae487d6b204690a7ac967debb1f2c8eb1a,1
fc3c76fc1641370ee76a564299592e283cbcd0c0,1
c185912c19c154a0b1ac117328699238a4cfae08,0
1e5c18bb148f84f2bcb2f38bf0ce53b62148bdb3,5
e0d4368cb50730f130851729a18b4ac4b64fe7d9,14
4c7af484f8a87bd6f602eb0eed5aec0c3f2ae99c,0
c747becec1935cfc15d12fc695892ed2fb8fbda4,0
369a49730068fe091a7b1ef4b0f80da9da471058,0
84e4edaea76546c250750b275cd586c1d165464f,1
9ba55baa5bd4964797d62a3df24ebfdf15013da0,1
528e32a1d4fe035fc7d4ac239c4f3443173f1c13,1
b98ebd517ea548df393fc0617cdfba9edd16ee19,5
713953d8c17f204271e144c8db50dd0834a29a5d,0
8f893eb8df3cea5e415caf67c15b91fbab5a9e36,0
dde7e11f8e5a11192b61a6bff5d9a04d8ec10959,0
abd7fc36b68796413ca421a3e9d30bec93a7cdcf,1
610c8c5471df3aa82ad8e38f49ce5c5323bafa0d,0
1ad5fb11781a661263e789a382bdee84b41e7f8c,1
e4934164e450d1e188384ca3a69abc689852c4c7,0
a469d796e16368beef2f5f8e5fbd1aa26e4238bd,14
c0ca26cd50d3fa4943e63a5407eaae436fd853b7,0
5c1f08a35f6247cca9a1ba6d3c933ff4846e6396,0
db7b0ea0cfb45e8ddeb5626fa6008ea6a4174e8d,0
92119d0f7d3ac8f20499585328e52d671556efca,1
007a4bd4217831a37bfcce3c0eb0c58c639afb2e,1
424d5495e46b7cb3f59ab631b44d8b395e7b1753,2
6b919e14c1d2986c9d7cd884322fc1b3ad3a5efc,1
21cd2e4fae79fdb5663d421fd6f5af4038de50ba,0
0e8182bbf2f0ac2c3340b7d89e6b77fa2f55f292,34
e8700bd1e220bae5298739e55c93570d2a3278f8,0
45565b680dce05481d4510c61e12c61b15a21457,1
581b2aae043bd0c1c9e13d003739756e6305b001,1
48b1c3822ffaff054b99d17df5c38f386e577c5b,0
8f620de0ff8e0bd07d86bd1937fb77a68b701fa1,1
ccdaea51babd46fca1351affdaa8168438731fc7,2
f4599143ebdaf05d12528e1fedaf3e51f413c274,1
a33e20b27d32b816e5fbad9877e6879bfa185cb2,1
34c7d45879e20a0fd5d48c53ddf98f6ed342c1c5,1
c756b4cf0798c35ee5b64c52cc0f3782cedbde44,1
23cd54755f1e4ec63d3507a990e3f37d59216729,1
e96df6763048bf21dbd71ed1742e34ac0854d53e,4
93fdc2951b8f53a7f4e5a350923f6fd664cc1d5a,1
79b56b083f4b9de89ffd2ec032af0a2c4c70f1cb,0
0afe6696f011fdd9e56a294a708e92c3b241177b,0
9e603920c2883af00c918031fc00147557e71a48,0
59994bd519303ad6f205229ba7d926a57833e4d2,1
916f59e35f1408a65b68267d0b2ec9d62ccb31b4,2
66b3b53e7645d22386290feaeeb56492607f6abe,0
56633da44f5d05d7d3e61dd96de5ff9725d5d8be,0
ae2ebc6951d0768ee5b998ad383b8b2d91a2bb8c,1
6bdebede27061868def31428f54840f3696999e0,1
6b91b7b411da3e7dfd535670d8a096a7144a0ff2,3
26dc80bf2d53409387b5915580c9f5534ed8b4c6,1
b84db7ff5b71f593b85f2b94e90fbc5d203f5416,0
2966ae2022c51449c02fe76eaf2a470c003d26af,1
67d5e7973ef72812a87c3f1b84b605e8fbb11838,1
fb74995fe3f1c48b2c4b2c15c831027276d17d80,0
bb41edc2efa05160bf7e0d972b84ad7eb3de1617,1
f53e951462515df5dd36fca939a689c91809a233,0
a57862e29f03e3a1f8dd2f8aa1ff588aa3bbf889,8
ca40921bf13838eb07fd8788c5b8360f76ee6563,0
745d9fe1a4f8aa2c4def122f22bdc689adcdab24,0
488666832bb83f2ab3764a0fda8654bd2e8e7a71,1
443468df8df85139ccf6ec9dec34ad0dbcf4f861,0
9593f09b99ed79f28dbd5bae425cfb3b4f420a2e,0
7bf31cc8a1bb383fb6d4b5f6da2d3d2cd503de96,0
72c7de3570d5e7a1a49176c75d930d8b1bc036dd,1
97a258b0b0ba87cbc5f36aabedcb830bdf015b3a,1
831016b09f753000edb69473cd013e1a79b2fdd1,1
a508d835dbee8a180d506c85076c7671a66791fa,5
fdb4ddbdea093d468492cf73d576d9d6663da3be,0
d273c90d535900f3f87b96d7b3c11c613332cb3d,1
1c7391717e5848d8b8cc2067ec4f1ccb11089f29,1
8231fb166dec351f0e670ebbe7f0fabe39884b15,0
0b57a2ab8b86885114e1de57261c0e2179c3e855,0
18bb6be80ee6253f1e04c73d014534f5638718ad,3
3f2e8632069a939d6e67cdd7f105611299d0e7b1,2
85f8a26ba45ea58fbafe7c6ace24e237e4196533,1
19b11dfdd7ff2ff3a69f6a32daf3f0cba3141ef7,1
c89b8368ee678b693362b0833b1f425caab4af53,0
d08782386b4473788a386d05d935642b0baa7293,17
be593b600b8b9b427656dd27be7fc277aec0a8a5,0
97a69d9b1c0db6709ead7e3914a2ceb1071a37ba,1
5f6962dd9088f1b9837be60db3c9f2d188a213e5,0
ae89ccd2c7384d900e4cf892ce311e380889ce88,1
9a5a7a3f68e2c5437c1521c75355d902038478c4,1
6ff1620fcb76139243402dbeb8a57926ec8adc59,0
8a4ed3c2417951539061023b3d510e115ef33925,0
cda4bd4ad95d3472bd6961c56bc64d57bbdfd097,12
db4d8e835cf155934917cf0eec4b35e3b4c06ad2,0
935592cf6a8793e9baaed0d584b5aad84c1a3ff5,1
2a45922afef441d1a32f6ba6655d49785212ee5e,2
28792e573112e6b4daf3aea3e926a716fa027a56,1
bb6174524f5f2382cf77ccec276d2ce7e1eb848e,1
571652c49b68988c728f8ef2d9856d7aa50d68ae,2
45ece5afb1ff1d5314c36367f5eb54972af39017,0
17707e7479e943fa06965336b9fe380427d3060c,4
21ab44cfa799c4e9caea74e0bcf0adbae00299e0,0
50145266cde7b37dead306f7453280cc42499ca1,0
a117b6bff6be6ac93f26f60a30efaee3be03e8e4,0
3348b3bf0c3870a013422371281fb74650f83ff8,2
82794fa5f7cf30518d34ea6019fdaa26c3e11b89,1
ba2c7cb46725428c94d04fe2f696a4f09a224f77,23
ec1d9c0b8f87a0d76c1f54496b0e8584081dd099,1
3175c70c796281e3aa3bf5df2300f405345fdf63,2
faac2af4aff09a4aa35044a741580d961676a575,0
3be00cce6fe76f93af858532c8e75085893f1374,0
e08f8eed0581bb91c886ffbf7e1234ef58935501,7
2e7a4bd7dbdacacedf7fe3f2d92d073688536bfe,0
5e82ed4f305c0f28a6e46a40331bc8b1a7759430,1
b8973051c36e3dda7c1ca76aac9f9517eb24a774,0
992b07ca5741fe179670d521f9e3912e720debf8,1
cba5692673c19f1e66190ed5f0573a8a932fed03,0
8500c80b337c1be96cadbd1fd465ad9987f0f9c9,1
92b54aa27ebc9bb3e55a06b53a839bb14fe1c8cb,1
5519882eea465203bc10be8bba8ac08b4587c2ff,5
68642808032b7eaed642fccf4b797f5ed0e8dcf5,1
8c136a5ab5200e1daa3c0943f43cf37f5c5f8dbb,2
2faed961ceae7b9b653d1c8315846b7260e61d11,3
baa678739388d39b5619f73bc3715e5ab71bf21e,0
346c07cc1a17bbcc176411978fd9f62c8bc26fd4,0
9ac7dc675effc3ecda5b529e835b5ec1b36c9d95,1
50a732360acf54d53cbd8daccafd807b8db64f43,5
e63076504d3c79b34d83a443c2ad83ded2fdcf91,0
41d258697ac7e272e6dc54cb93722e0b4462a8b4,1
06f767d608120f09bcd0fd0aee582220cd8657d9,0
b47fa8c0642a7426ad791528450710f7d22ca3c9,0
e96db1cd6c0eeace4aeb15f05ace080c20080faa,1
d73b169de3b031779771a14a65cad7fe476d3d98,2
85b67e52238ed9a3c1dbec4831449d3f396f3449,0
ce44bee28bb7854ec138464a4b17828ebc7b2327,1
0213f7f01670035e12547c06e7f23c119924658b,1
803425e12c425f64a3ce348b5be2cdbff9f613d2,1
1e9999711c78b74ddc3bfdc449fe08026ce9369c,0
d738b7acdd1ef0140843a88d9ee3aec3520a85b3,0
e8ae51bfe329b4d510ddfce705bb78fc6c2adb82,1
7b2550a604e33da35b88176381c044a396eb0392,2
507efa771b762e72ebb4d19998dccd0b49944768,1
2b959a77525f886331a1492a2ca96fbd883b2139,1
0f1bd6e4a7036bacfd62fb82cb55e42c9dec17d0,1
81bab8739da44cb714659e3625f15fcfb7fe8a20,1
a9802c95b32eac41b35b520db299fabf7a88e205,1
62834a1c43ad20fe815d52fef1d3c1944b81a609,1
666fad349471c7d1d3b5556d30497966df5f7104,1
08a7aa16c548951c0be7f7b5a4956f62768447f9,1
80285251cccf1464b39469122e26804e23a96efb,1
fe4549cd834e1b6b4901b74e163c2f8c12bf09fb,1
82d2f111299f7c48be64b6f5830fc17cd2a0873d,1
05134f0807a1a3be6306947e5cf5a1c567522c5e,1
c75a5e8c551985cbb5aabc4e4475be6f54782c12,1
a98ac4033b605e622be3f0e35039b1bdd95c0466,1
6125124d6c3e76d7826f81355779c9d0e958dce2,1
324c14943bdb58a26cf95574dc9b0d329bbe4027,4
ca5821aa5784387ea2dfc02bcb12cc3dd854543a,1
04fda6b3e9c546e1bb3acec6151ab535fb8dce48,1
ca1477d8305ca45ad60d03c944ee49b76a0f4b1d,1
15028e9b0817a819a52fa62f3d7b8c638cf95e1b,1
18245c6cd2f036522cf9f6c3494d672eaa48d70f,1
234a9d0b12e6c2d1c709208803fde4904760111d,4
a22efc5f1143f95ec8b1aed42bd6c2d34f19fd83,0
62a3da9618b01bd7c7ef9ea11c20f266c34d1768,0
cc7a081cae1f1370d66f668dd72dfa38295cdeeb,0
afff968e88f4feb88c2630d2afdd77b4fb58882c,5
2b0c25a091e7b4bf03b934642c89f212ae09e2bc,1
22bea373930be493845ad6569f1f74d81b3ab6e1,1
93dc0d05182e9e11fe7f8b66e4b2eb5604fee370,0
4f399bf1fbce428cff30984333c8a613349cc837,0
edb67ea165cf648982fc715a3262878506caa927,2
c481c3b1808f281e0a7f8308238c339578f351d0,2
059052889f76dea37bfe9bd8e6b402231b9c0995,1
8b81f20c6127f4fd579512f004a85facf1a2501a,3
fd823449adc46369ff4e3efdb51dfc03f041615e,3
92eb8109ab73871da4b651c6f45cb908f0155a2f,1
44b88b41a29ffd436ae79539a35749a5f98f9650,1
2979b40a7a3ef2937aa900c06b733ee3f6b4373a,1
9f3ff14008fbcdc82e12a4cdf57129fde29219b6,4
f47fc879fe47c3597ad47cb4026888c028c1c55e,0
29a713ea5e822d644c7ea3855ea1c21a00ed1e8b,0
b14be7235e0981e1deebd1d57937d1ae760ff3ae,0
ba871e46bf497f323cf35c8130608bea86e676a0,17
ffe0df4b364f9100f20b76c59cbdcaffd2b785e5,0
bc2f249cc6401fa775cb81a8311efd48dcdcc00b,0
abfcbd793f7acda1b166e3fb647aa5f843fc7c1c,0
72510b75d25c7b469b8cfff4f23b020a3fb71aa0,0
55739a4efef19969e8fb167345593d4f520ca959,1
1aec2f437c45e176b6d96f05c971dfe0fb09432e,0
df02b992b0879fd04ed4143f7c4be98cbe6c5a09,1
fe29bdd72b899c5a236617a82c79cad18f41ab5b,1
578f93bc26dd5a40b47578e5e2e2632a99d31b0d,0
7d472367e2a5edd1628339181e3689b358761316,0
d84102880513e333cc90bffe7e9d92d635b70e53,0
ce485175eb5f1e710a389bfdc1b467197d1e4849,1
782464ea4d65884c63530362b4aaae349ec346b0,1
460f73056bd20458380c17fedaa5204e9b912570,4
19d418cd6a343688cb5b433205eafd08e9586dda,9
b2496533c6a5e632ec2fd537dac4ccfbbd53b4a9,1
267d6bef15f7014b16f3fa093dc4a4f1fef621c3,3
3fd7790a158578b493e80bc13a9619095205c5a6,0
b76a352d41a2483409dfd471457d0db4fc0b9231,1
4385ac4f9deb8e9c8a18e6fc1f6036958e440c90,0
410f64782acb30083ae8abfb7f4719061bf1983d,1
0b3243155109c9c946ddc818919efb9099aa9ff6,1
53169d96e8f2df88b8bd0bd45234235c65dc78aa,1
06eb7f5b3c2feb60efcef316ce62b2f1066dc337,0
04328d7537807ebfe0520927aaf686a4b3a6969e,2
d2e73545ba60697ebfe77dd4c77dad39601feef1,0
81aec66d2159884f16de1389d3065cd9d778b6a9,0
78090275a9999f8fd4a335576891f7087a2c304b,2
1ff6df8f9e0acd3931b7d5eb2371d2a96f34a56a,1
ebe5b87c2cd261f1d39fd440529e24a8c0850804,1
20f909567adb71a6720dc9b8ee1cac66fb937448,0
eab5fad53983b1ca39fa3e29e2d67ec8db706794,2
abadeac08dd19739d30ef5d5c54086772ca7f022,1
9e8427f253158c59ea01fbd3b694200ec7e8a557,0
32331faee49b426bf5966816687dc56fd0aa8ea7,1
46601b1c650518752cfc033849488bcca03c153b,0
f5f4c2b3666ca07ffe5dc9ddae03532487b11e35,0
76670238177f2cc3445c94d74e289038d31aaf13,0
5eff15c409596573f9be505c44c9161f914e1eca,0
ad05a726c1250ad632ec0617fc2e6fa773991dbd,0
5261d35737f4a129327de8c5b9ed7e7f4cccbe30,12
fbf9b21e0c23505e2f3268e4b7e55393654c4e24,0
96b5da71983adffa86dffa5961da78aa24183fb4,4
02b4f5f9cdc32099892a218544ecd099507431da,0
f680e509c4a3897a7563ac96e3c7e2262225af32,1
d43d47da1430eadbaf19a4e785868deb0c7dc1f6,1
ac81b4084feb55d8cdea584202bae0fffaeb61f2,1
92a7260fd05d7af241b23dd7eedf897ac6234cd7,1
4a78db29eb15d599f22c99d66cf79d1427061c64,2
55025558dc87ecd7aed6c8fc8cd5df3dfb29d217,1
a4ad9117ddb0151c32a1121bd6203a221ae00db5,1
2dfd0e5ce73f1948494267aa9fe2f3f80c1cc3f0,1
4c3cbc09619155d0c397b46755129b55933f25c8,3
01cc97a3c36f9cfde39cb2a7075d89aeec650383,1
94330705c7e48ef2d4462368c01ea74281c63db4,14
dd0067afa6966cf0243ad9eb38accc8ed6a5aafa,1
80ae160c26cfd5a56e0538efd65392bff354d700,0
8848b7e9ef17c8e6ce2c1f8418416d54f48fe4df,1
4beffbca691dd2159035f1dad40d0180be62d731,2
045ea42cc88906ff989647253f0c4088197e2efd,0
c2ba5d0c094000617f37e57552090399eee64459,1
0ce35766855c53c95df9d7e065f774534937df96,8
c686069ccd24d29d12768b655fa7c44dc96289ac,1
b00a531df806f089b3fda18a70d226f71cc47a24,1
9d589cbb2a969a92fa92e26566086d0caa6ae04c,0
512a0056a99bdb4a86774ef5298c3f514a670534,0
8db4fd7177e283f98907b140dfa634d90d65a8ab,0
c6df5f4d852d401944aef603ab6f20e5e5580f35,1
8dd94ccf58705761d76cbca9e9a1d242e94ac41b,1
4afe50b9200737e02c8523ed3cc11809379d460f,0
0d81abe1c969af9a4480f0d8fb3410079cc02ec5,0
01740fd9c60322dff46f17597c4a5ef7d20e632b,0
e2576b1ac504fb23cbda908378f8965192a72394,0
8b004d26c18db79d6d74d6f255bf5d790f91a48c,0
fc53e43de6e849be2001c70d604fd2a56948a491,1
03fa9fae9f36d69eda57c78d69e543acf72fc766,0
b1a7f74ee4cef4e5e40c76318078cb13fc076a8c,1
2606da9e811acac9f201c4275078bc10c578a03a,0
1fac3886640ac4aa372d7958435f3bef42c51424,1
703f3b38c4e60a1cdaecd7866f1c34e6e730afdd,0
37cde8a19170921774fd95bc4450263966e6c7bb,1
b26a3ea02c09cc76fe88b2e23cfbba73499398d6,0
36474be8eb22cbcfa89bd2eed50b9c9c2cdd8370,0
e6f6c6e3a1793fb58d25b8dbe14598dfd2abba4d,2
6bdee87be3525d9219301bdb90d7256d92dd9f3b,1
34a41648abafc0215871d6609d1f42beee5e1bf3,0
4fbb80567eea18e71f6ddc88282de42c3b0ca1fd,0
f65f61fa723f66227882f803f302c4ccbce11aba,0
7717e1ce330f9b9238a8a9f1970d6c0a11806d9d,8
146501215f722322baa0042ff31faa321cc4ab39,11
e0a42d3f9afeea6f3e78782c8c744926fef6de77,0
15345cc249925c79a90ff0126e1396a99f5e1ecf,1
0f034dd97e9969b1d65fa46eb48b067ea4254ab4,1
6c96f32069f6246fcab0ce8954af5e9ffe28f6fd,1
379348487e423bfb67a1aba1c49c5acdb54d5e43,1
8bd6e37b211a7489e1d117b17d8f1d57fd393cdb,0
88ed5268d264b3cd354fbb208bf8bda2f8766a71,0
582cd780cdab9a2ac462430e622acbc1ebfd3a83,1
9b3462f73f5e0e3cadefd2f64eff55c758dd96d5,1
691e753cc3fb71dac6e574f8cde67a2a775715fb,4
88e81a480402a7bc5767ae92d8881994188a4959,0
15eb5d35a2ee1bf3dc29818ac18ebbffb0a72aaa,0
19df90622b8be6c6bc2605862edf0fc546b68ef8,1
9b639b4135edf54d21e6e057eaa3ffe6072c0d72,0
2c9bd15625644d95e80dc8944dacf07101ed4ecf,25
a96bfee76af8a95b596a70ee3805717533832e0d,0
63abeaff384cdd7d1135a6b12bd0f187420b0b34,0
3703694e3017356acae81d90788945666694823e,1
3d0a060a7a998b91d815a822bdf7774e3a8b9f6a,1
c5167478474dc58c9d2f5ddd30af75de6139f91e,0
b5970492e2457cc291ece65e50108ce480c78b73,0
af14c684b5d2ca58d44687f7d04dbd7bbb36f930,1
13fbf42d95251eb3ccc36449a8056de8cd8d228a,4
64e3d33893978bc3a0db0d7e08540946cb48fb96,1
a7e89d4cfadf3932fab4578cdb8a5e594adb2bdf,0
08856d9615fd0990300bd696cc247f8981909585,0
8c5bb3874871e1baf4efd5ce141c113053a36dc9,1
0d869703ca65cd2167434d9e97b8a1475036a53e,0
2176a22d42626fc58bc396bb39cafea9b3153c2f,1
e72cb3e45d4453585befeab06ac8da56e24f3080,0
cb6942d4a7ec4c9fa21002da08f258f3e72abf11,0
6bfccaf99e5034593ad6267921d73f8e9b84b738,0
e3f04c876a26dbef1f69f0afcf42dbf8c1e21c38,0
5644ad680957923b648955f60056ce84f2414489,1
63d5d28085095004f265b756a17c396b5a860b5a,0
526a755a6676668cfd2ad2470b65ccb979372da5,0
a1c240b0a4e62b91d92d56ecc32c262213ce3431,1
5112cf84227de2d8739c4368f7e33e7dea1cb2ad,1
4619d805246b5a75e0d45fdaf11745f3c16d0edc,0
199151a4ed23ef6ae3dbee972f4162032a7f66d6,0
2424713a8f00bc9bf89f093ca60ec5d0e1b4d0e2,0
b6d381f8636670ed2500cb7c4b026cfcbcb4ea8b,30
e85061d20d952e8aed894daff91894d5eebc4f0e,4
33c7c6e11d0904e0e6710178aa24a4ff3a9bf655,2
8ade04b78ef98c7d5caf786eccae484663148beb,2
670006b919a3a26a7262e1bcda0929eebae70a94,30
a61f679568e03666bb70f7a67551376cdd4e7829,0
c87faa69ed9542d7ad5711f2ed85552792b7924f,1
47c1ea72aff276a9ea0317aba8b400a49ac9e7dc,0
f1d3d1524dab2534e336432c5e26650b0128b842,0
0858fba1922be942a85cf28a9d4f6cce21862d55,0
fa889cd6e142167e24c45656400397b4251ad0ee,1
7279e4f82fe4047062d8729b6d710e9a7c2d8e36,1
90ba61b9b8a5229d7e5df8edb63474be2ae7801b,1
15d29efad506bfd4351b6060d09fe09663074fe2,2
a547dc214818926fbb721079fc7689673b746a1c,0
9c1f6e7ac71ad30d481e2e422cbc0ea5e9121370,0
e650d4044ede9b8e44bf84e9bea6b257b0503d8d,3
eff6a2bd2e558fae617f1f27c9115e1586b54667,1
e917477fec2e431d700c777aaf980cf65f5d5fe7,0
ae01a6b5f2c7236ee8b6ba4b2b14c33e3e17fddb,1
a534ac197aa3cc5420445e6a5ddd8ab053da72bd,0
80e0ee10cabed83dba46a558f86e164a05bfd94a,0
4ce79920e5b1a4978754200d306fe8223191a52a,0
76127b8a55a7b6e174c511f3fd476ac615cd8333,0
be3f2dc1d979f0b103aa1b3d4ae9e3372a4f94ce,0
8d396584bf9f2932e38314187b1ef410dc7a66f8,0
8664c6d465663094f957668e1c77a566d858d754,0
10711ccc6aa1b754861e18507bd0acd8a21f6a46,0
28c91deb5c3813acb8f92f36afe3c3b975f01146,1
240b5cfe042c8b248da555e7c6a8abb68698e89e,0
4521f6655b1245e1b72cbd165b0483e0024ae55d,1
5ddb8d94e2eb1d767bcca994773130bfcc2cc92a,2
f8c4d438869927c824968eb87dc090faf22ecd52,1
72a9fed4fb392319b5a34bfb36857538443c4103,1
b94dd336410f522566a7acea3305903653ff5109,1
e90985a4e818d3ce07a217a26cafde40fbbb2237,1
5099b86ad430e475a6aace4cc1cc7007bb7d4633,1
5d81c779cced18d533c1ebd0c33efbaa20ae6b5b,1
450b89e63c50bd65be16e4d6ff119ed08b9358f6,1
d1658eebfc9373e92fcab372a7fe0f3978ef143d,1
00adb2a6c16f90c1a59a679307c98c415e220f23,1
0d43898a22b0d8f77ef0c84e0809e6a254cde1e5,1
8067a985ce3d7239ab89962eb2d4e528bf83953a,0
f5f99c4883e11e119851ef7c43a47d39a14e2d9e,0
05333f61b73959a76f954da8e8532d1b51e0978f,1
1883e1bb602ad054b2dfeb5ae0d65b278ad8475c,20
be79235ef255a5c42fd385820447ec351f23b9b1,7
89fe77468dfdd55ec647077a7e7c027f6de074be,0
2b1ddc04135362981ef7ca2087f1ab8195dee0e7,0
cb676cdf39d3631dd1366e85221bda6c1f1f5f1b,1
8a29dd4839fde0c81cef420c908bf47506c51006,1
7e69f72db661ec4a50ed911e3a8b0ae3feb00bcf,9
00b162a993d1beceb246d8cb6b3b2b60e13bb91e,0
e38dd5f0308c40323aa75e35ae0adba4e7f0fbdf,0
08e4651ecedb0081e7af7b081e6d7b8e8f7f77ae,2
752c8046773ef326434f63ea7c9f3392fd0a8425,1
14f02508535815c45219e5e64da337acc0dbacfc,1
e6cb8ee1884db31d0a4034ded7f26e928e7b8a22,1
e93eb3e8d3ddc434424964d46bd33371b83b9293,2
b8ae3feb9eae0ee9729bdac7e32609e790988a9d,1
3570447ded59e6a018ccbc20845226914c0ede70,1
8a739b6fba7972adb9ddad167dc5488f270562ff,0
cbe4496123ff33061544592fe94a11ce2e9558ee,0
7629c4f05c59004759a8e41e8aedd335cff2961f,1
3405f85a6a8a0d9202d9a2ad847ce7f828d9e5a1,3
e983a5ab92b7db6aa6577d85425ca399771ff424,1
f34b9c83d1596057f724d0eeb5c21233a546cd13,1
a686c9878fe2babab4269120adff41d3705eb1b2,11
8005d22c8107bfa60c265969a636219fd0ed86fc,8
0e51e53813c3f2ccd64e09c2cbc16c2740b3974c,6
d0d12962e0fa26f31d009f9ef3bc076161dbb3e9,0
3f34d9d44e48405ff58cd3471959a75cfdbdde25,0
f0dcea7e140ba11b1494a627138d494905a9c50a,1
28b1c37dea8934bf4cc796b109daf2ee22adcbda,1
a8c1bdabd292c93c7cb12ec4882cbdee1781c1ef,1
2f374f146537387e415b525782e27d50beae42c8,8
5efc798642475f9b153005af7c9030a3a080c672,0
b83e52e50f3d5a99669d96bc626e50be83a2bf57,0
7bc77dc134f6323b116dd93267fdf75408906582,0
3aadaa767746f5d733f93ff4a52a14ae1466d39f,0
b80ed51fcc2ab08e1018ccc7f3dca0792acda401,1
4b50205f117d553d220fd1ab56a2b29a3c46ba24,0
bb4cb1b15aa351e5e97ba5757e5e8e55e4ee822e,0
63f41f56f88be2e133a912506c383c4dc56c2f98,0
4eabd80025071c4ce9ed4b944fe9eadb548153a5,1
d3259d0dbae57cca1a4791547f84baadbee832df,0
25c4f17e5df94850c73365bcdeb8f00ffaa40e69,4
b73ba26b231c7b592793600fde0815df2dcb1612,1
901c3c5392fcc1779dce53fc91cf87c675f641c7,0
c37f7d15c9901fa839eb3dc16e84202d959965e8,20
44a205d9d9ead16cc8dcc069b8d2a88fec2a48c1,5
4d878b9bac795feb3915fe73e5aec8270fd7add5,1
12ec557a758e1c09bd784662396efd4a521180ef,2
1d25d510bcdb0d162ac983f8befd0d6c2649079e,3
a89d690b777bf6dccdf73dba860d45497be7fbe4,0
cb57fc727dedbf6589251876790f18a4a394bd42,1
3d6deb9bdf0aa8e599413385b62910f109d773f1,1
730497aaa1781446064bacea771c512502b0b669,1
3240d89f7d275d93357d38cd3f7d6665760975ae,1
2f3c77b7518f9700e7fe020e356b37432ba383d9,2
ace3c62a1c6b3665ab9c6c694749283b8f95f2c6,1
bfb8a5315607d1b636b6cf20a6142481039f0c02,1
1feb71895b652c2a0f392a2b9d8e589da475d1e2,1
9518b1c873c259ae12c51cd3b6033749d6f7a408,1
d9b3232e940a8340aea18d9d14a3ff331f8872dd,1
09838dc948bed223f4656d7b73a64ac63a05b761,1
96f8d20f2f3b130ae0cb76536df6b7c0c27fefc1,24
76da32b5679ec4cb6e9525b90e05019d091b9863,1
2e7ba44633372f726ef471bf4d1edc7debb2a36e,1
352aa3f4c59e3b25de44224ea6261176bef93625,0
196db5720e43dd03ba64e6967f8b949b852c25b9,0
e3ca9137b54a908e240679c4546c3e301ad90edf,1
0620267ebb4d06c9b491b7a5c21fe0d6124006e3,1
3898ace24685f28db16fa19778988747c7a1b607,0
08694339eb13e36318313a124b3259c610ea421f,0
e4d77a6313deefa02a42286e3b476531e1fc1b40,0
b373826428db6ab19672b91ce3fbd982e0986102,0
5bafb1fe1f66dfc24e2f003dfe395ea218c9c3fa,2
c0b6075f7774b425f67f416dd5ff7edc29bb3c5a,1
c7067edddf143ffa8f3e5661ee11b599c8386188,1
9157cbd8f340579958901c2e77dbcfba687d54d7,14
888cf161bdfa4fc426580b5a69714ba818da6675,1
af63b5456264f0698216b32a04edbb16140d8699,1
817751d4b969baf545b0587aca3007d118872c48,1
c4b0087f7a96737f57c5f5affc79f0d2cdbf9134,1
b60761bcff7705e1102ccab523a480e141751069,3
749e5b9b848c72cc839d125d7f7042d0009fdb51,1
97ae3c5c6a7c7275a93469b599f5a0bef812d9f2,2
33fe89f53907b7389c2eceb26cd1a564b0b13360,1
ae76b1e8a8b8c69bae2435347f2f24c7edad8315,1
5bf42066faf7bd125f892493ce233ebe2a745c25,1
8a4b62d081c97db40cbac1bae8de44c45dbab225,1
255ca681237985f35c208addfc0b324ef733c669,3
60ceca1bc108d75e2342a148d4f78bbe5198571b,16
6fc2ccd56833c1629782a3f250edfe0788d32fa8,1
0f26f3abf29a84a5ecf56e440119b9eb017600f3,1
6d575b1bc770c6ebed3d5f1ca52a1ff99cda5197,2
901cf203fea3922366ce02218dc9b249ae97ee91,1
2d5134b0ed2492cbe2d6c1de939974ed3eda1051,18
d813090d90f2b0a3a14ae03b349153ebb6f33a79,0
c321c97f35b047c4d5b07e4ada7bb4a66df7ff04,0
53abc5e2f1786d7b52fba091d20ee7807dfa3e22,0
956fb2d2789719443a6c2402e43040baf1c4a6ce,0
978dadf8064dfa576bef37463094a6b095658381,1
0eae9c24bc934ecbcde335e4e7ab6ef00b69cb3b,0
624f23f55053d50c356fb2ebfed3b9907864101f,0
424c747fb30b8e0cf4e99f4c6e4a28c3ca6f1125,1
0d593ab7c1d9f9d22008f9f27b640069aeb5c4b6,1
3e8c5678f547fa99457ab5a67c20c98cedf651d2,1
ed7874b4e0045e475c5107132049d467640b8c1a,1
b9dfa5cad4730c5bb665bc8edc6f4bc945ecdf68,1
901b03d0208f65f1e193f6172f05d4d4be35f330,1
4fba7b084f399a829b397d0227089d8ade2cb261,1
cfc6a3a87a5274dd38165026f24ee245f2bdc030,4
e6862700af1863838521f5642b158580da91567a,7
39d255608d35a7a2fab75f59b3c2b333a77d0d48,5
7c24b9795867f08351bd5852a2aa3afddc824f36,6
a5342c942e7b4cb85255a1728ebb3fdfeea10116,1
0f3b7d5575d6fa17ddf56b8ec5d6b51d3490dbee,4
c5aa56bc4da35c0e90bcaf8b530c366f2ba1ed95,0
9dccd3a94f911f45946c7f49743b7b58cd87bbb1,0
d085725c8632282908b47c9b72f642573f73ae3d,12
8b6766b37b092bee0701b6c09c5d1555abc33c2e,0
ca4b36deda9685e68d033cfcc6328198b3f879fd,0
9eed8c8cf08c7aee620cda47683dc91f6fe6bd8a,1
713626827393113684da673d85595c606adf6f66,1
16e173e167fd758efdf973ef6542a98b9ccf15d6,8
254970c92a0c0419b890be4b324a5a5a7c8e18a4,0
d3660d22ae32bd2b821dfa830ece813fceb8c597,0
25dc79f1248e4f7b43a55aea44bcf3b889e109a2,1
34e51f576f5c4edfb6c0e56a73a9b739b40ad351,1
b14270b029370b4f3ddebe87daf11c07f2d5899b,3
fe2bd237d556439499dfdee852c1550c7a16430a,6
bbeb1117d49229254adc1d6e17ca2ba2cee07142,0
344a12bd1038e1e8ad8c3fc75ce7a1472b8fd7c0,0
1149c24b86535d564c984a02eadf5ea70670bf8e,3
62bd734612eb81258616ce98a004186707427b28,1
fd9beb1672634484cc98bfaecb57f8a3e5dfaa1e,1
3024f6c706669362e259638ebc23dcee5a9542cd,2
ba27f90e36d873ed89efadd5fcd84cd8d455e3a0,0
63b62d8d4ebbd700758771c0098e100cc40dd17a,2
99fb1bc3e8953170440a7b9dd18f965fa632f5bb,1
92ebb7f4c8b7682343e14c20fdea050d591e4df2,0
fad14ae7eb94184d4130f91adcdcceb1b36e2b6d,0
273d00353f0ad493d9f2b25895eb2a8e7bf9ced8,0
cdc38aa7838c9311d1625e53b919d4c95dd9a4ee,1
94fd8c7555aed7d075c4c1a53bb42a999c97692a,0
6d9e9a6befdeb72098c956e1ea4a378941619582,0
4db2179f5c355e4832ac1126626d30785d2b394a,1
0e074d40505b7124cf80da6c91c5845ecf901eed,0
f90a947e650fed06a9606579432ed7dfd5e4fa08,1
2ef6b3d57acdb4bbaee53d94c74e1f0bc08876de,1
f3f04e9fd6e15c4e3c89406bc5f26e776e651335,0
08b722b635aab46aefce76fc7003f18c278925d9,0
32744d41a95d0480a5180ada70e740be6f32c4fc,2
0a7d85c20e8b528d3ceec284d8948c22be52b9ce,2
48e3a97a1814aff4b3eb0426f4127809f3837747,1
d052a3c6aa7394a2957ea9c3e8b6f3f28049c954,0
d8eeddfb93918daab7f8155c906d52f22841c82e,3
81a6e59a82bb28eb31892039fcfacf916f3bece5,0
b423b90c77780d3a54cc083e86357d107c7829bc,1
075507fb9acd50e18254b47cdd8e68ccbd7c370f,1
dfb38874f8353d7fd32f4029c2f18f2a43f00cb9,8
32eef03b5828f0f315ce127ddfcd218e65224f69,1
7f8ea7105ff303f17b2726ae735f5b66023b21c9,1
7684721977e9bfbefb1260eebd768bf8a4b6267b,1
874d3d3fc53b0c9b505ffbf7b98d89a33707bf24,1
7540a81106364a6bdf5f7574716e80a9047ed049,2
e363428c54ece3c104a6033b7313af04b6bde911,1
bcb57f13ea551811cc4bf9afd13ec25c637e52e9,1
e3d92b91684f621eafe1580a3f6224763e52515c,1
c13d81ce152b6613267754e3afdcc5fd46ada3b4,0
a375d648c76d10a95f0cbf902793ee5f7d357462,0
4a7aca27368da3c323949afa6462f4fb2b4db816,0
715104e4775125dc46919c6af68d24e77232ed48,2
e428e8da7570569741e4a00572cbb3d3fc6b5cd7,0
20e59dc61e3bdcf30d08576f7b3183a7537021cc,1
f171656f8e0f72ae0294220e4e1086db5b8c38e5,6
f379edca78a6d211c3b21b34c7174971ec32d82e,10
c7cdb176c8547697a5fcac50157f62c03c2080bf,0
187d336665234418d6ea925f8653f304540d4766,1
7f060d7caf986fb572f4b1509728c23a646eb875,2
49f471a5fc86ae31e2bfe035c912a76e69a0b7f5,0
f2710e11d1ea9ba9f0feaf7d67066836f990e425,0
Marlin/configurator/css/configurator.css,1
fb75a9272da33ea0a9f2793a1fc89b69428d103c,2
558c6313f726de31d3905f50f7df73caf4ff2e2d,0
08bc723a3c229a541922830f59877777b466ecce,1
e487bd642bd0f78a22577a88bebe52d9d07a4aed,3
2eeb241b422a5e3bb9a4e16910e72289fc9e45f5,2
Marlin/configurator/css/configurator.css,1
9377089c43032a24a0a89bb32b74d976cf3a7df7,0
e30bfedce4d3565e880cd76589665f322c6ef788,1
875812d3467ec21197b15c38acd367c85aba5494,1
3eafea840d61b42d0697f6c445516a20ced1fec2,1
c7fb1b70f25894025f03a88cfee1131708ba04ca,1
2e172f38bd318c296468cc8a7645dced9368e87e,3
f994729999b9512693be15a16097fa21410031ba,0
Marlin/configurator/css/configurator.css,2
b869476e99557222c0e834878e9fdb49eae005f1,0
9b50ec6512ec26f0d33de25c636a5c96814ad31c,1
838a22de648bcaf71cd2ebaf87324b1b482a15e8,1
8d5839151b8b127240ee74275d2364c99eea6dc3,0
443e7edef43cc1eb4b83a46d13fda3e78d0f4892,8
1db02c2891c0a1220092a2afa7dfaadc934d1722,0
a99470fbb0f6209c3e89a320a5985bfa042b8d37,0
5727cb3ed459c1ac468a550f7e5aa7b8046f36b4,4
a5bbd402bf4b92d04342c1a2b0dc9df95056b21b,0
1a7b0d9a3740f55ad11b300b68c128fcb4e971d0,1
864dddc878442a3b36e642d89a197494e3d56549,1
227ab8c665ae04b40f4d03d25e65df04a5ee084c,0
fd1ea9d56f0191a0958032d0587a7567ce2dea3e,3
8742b6bd564b7e099300c8a86d31397f5ee1f15b,0
aa9c1f1bedf57a593b3a7b2c6d9f9008b0d8e8f0,1
9c9726d4697debc4324bbce41560d94553a3d2b0,3
c6d2ebe452d6dd53a0ec03bc88a4f16eda8037c0,2
e6af82ba2f5ef32dfd2477e0edd400c8ad659ad5,0
c9a3eb0c1a6d00dd0596023e33135037620cf98d,1
2af559cca3bcb082b4307328ffb74988087759be,1
7ec391e689482c5782320022e095d1e76b4c2391,0
df8c51528f80e43751b6d073ab91a3cc561d14ae,0
517f411999373cc07340304fb13c3954162fe072,1
4938ae5caf5630589c4788807b4e71a19dceb974,1
e182cdebf917254f8fd9f0e8eee60d91090a016c,1
adbb839b169da4eee9a00f263ffe7c2182a6c3d3,0
fa4c36df689518262e1051242003f97d32cdc5fd,1
0cf0c205325b5e8688fd87e337fb5ae499f5104b,1
38500165ea7de0a36bcdf12a3ed77f1e158f1cbd,57
b55995aae82134ffb7933ce4018c0bbf03e7d2c1,5
b4e93956612a09d72dfdcfbde51ea192180a980e,1
8ccdac9898ca1c724e076ce1de6e4fd2fe4ad622,1
29097b0ab228840090d9be0364cfa1d1fd4ef0df,1
21bd4fd6dbe1093ee3463d6f2d1993f16f99794a,1
fb56aad8984f995d08bf798bab7e43b38504d632,1
08c543f8fb7af47e74f0fa7c56a09730216a993b,1
c89413db1e4c0551e05050bd6a3229f7706aaa6c,1
1c71e4751a157bfc1c5df1aff5d08aeee7ae98af,1
a9e15aa50379e0729c3f82fcf61334db91ef4c11,7
3ba47ea2773c0b3d446e6826b77ed974b9d96fdb,1
c1240f23dd94ad4a76426a51981ecb88c4b457f6,0
a57869ba496ba7848e30fd0645204e6b41de4a07,2
2e166f533770f49f07fca3672714c82871a17917,2
40ef472a2559f8a0be4812b0a9227955773ad1bd,0
c3c50528e6b3911bfcb496ab626874a09e22e873,0
1c13cd604bfb15a03d09f186520f7f531a1624ef,1
3a26804d80c0c14e34bf867e1b076b2285b9918a,1
422582da71189b7e516bb0bb85feedc2eeae15cb,1
27ac3e985d9c18f8df27edcceedcbd6b8f7b8bb1,8
0d6a7a2df014bfde1f787fbaf70c302fd3508aa7,0
c7a97e18b7bcad24632eda0f913fe51919c50942,0
6d5c13df7452d33e4bfeab3ec84fc5c291a12104,0
5b9e3412228bfb1cfc2cc5430253d73d4b1194d7,0
57bc28b42caef6d259b327c46981cad077f450ed,2
4fcd4b444e579976d1b7eeb832e296d1efd561f0,0
9c35ed149d7d98153f94aa198159ab1561f19d73,0
430c4b65385f2e45b8d564bf1afe36949052fbd7,1
3aa5f98b642ccfb6b2c71e322405b2253c0fd8ea,2
Marlin/configurator/css/configurator.css,4
a8939eec28fc3c5225d665ffe15515ad63d273a8,1
09e09b308e3edb16fb383fe30c14a5b40c08e27e,1
e3fd3e8fa4476b192a49f74a1fd7004237d2fb38,1
c610471b0c8b2dc8c14ec84a25387ea15d6c4cd5,1
2d6fa9ce809f60ab8e1a8429f14d06dc3dbf60a8,1
b8e79dce897c970afb9c7721f93943046b1410b9,2
65e1fc71be81406e58c0fa2bea324c504192afb6,2
c9465c33cf3e4c0dc5c15324164d7751faeebf02,0
623119619c89dff599e2b140be3201400815e435,0
859c8d3fefb2e8f4e41d07c06d49d8981cfd84a5,1
7891eacf214959cfdd67815f71ef3cadecf84c94,8
b12cd1f841473a442a3373196572c08935a61aa2,0
1600506545fa8f0738372fb5bca869854b26d148,0
5d0c93ae104f7b3216285ba1a4533bd6f66ae582,0
Marlin/configurator/css/configurator.css,1
335b7680c9b52f7c5ad308f5acad907066f49883,1
Marlin/configurator/css/configurator.css,1
15b73386b52721b38e53c32cd6601b700b817f1c,3
08c236059efc90080d2644a6bc6c882a07b03f6b,0
ab419795b3768c14ca91c530af9557777d0e0288,0
f238c7428d16343173f5d61b13ead5e7147f7b08,0
da275c72abf755a02a14fefa0c1b29f5b2dd2c98,1
159196d1e9139ae403a84db143e82189db1631bf,1
266ff227cfa37ae9f33fc6dfa8a74397b75d3449,0
dfd4e74a5cf1b4de795686655933e89dd88a46c6,1
6cdcd6c6d164882af0cba47b2da5d6a60d80bf25,7
c0339046933d50438c28ebb3c2b40c2ab0be58ac,1
84a87a5b1c63e8d5fee7b1723baf98ac64a49825,2
63a5ff7ab9dded539f7cf92f82df6d8e282b2632,0
efb0491d4073c4497f26fafdb9d50c5169138b46,0
8309b4f408b3f4df097fcdfcf7634e17e23abc11,0
961998cf915d04c96fde0130a85800101cb963f9,0
59e92a2db4cf7fcf52f28b801226c5c15ce97269,0
b71322e79395fadc0ff67ddfa13e694ea67604bf,1
978d114c73f69f04e295fdd5733cd42f6f05376d,1
7c6236761ad9e9cf659f7f34e068585da50c06d1,0
9875352dd83bdfc2da25d5f595be7f52ee5686c6,0
d28f5b9e826d469062bb75c042afa5056e3e2e70,1
3e6ae25481b3c7669839ad48bcf905531369c3f6,0
513ff94b89d3fdbd0e78dbf89f3f5ae9cc10424e,0
83cb702e726079a42adefba3bf44daf7cfc6f4ce,2
Marlin/configurator/css/configurator.css,2
07a9165ca258cae0db0b0e635bdf077e691a0d5b,0
afc737ca0c8493603881a184f27bd245a943d25c,3
ec53c6309a2b1a4df82f239513c1fd1e08d32500,1
Marlin/configurator/css/configurator.css,1
68184af57bb7b8933303e9f89aaaa836933b2aee,0
7866fa161f46e57fae1d9a82df4927de5e6dc6bb,0
8cfdd3e8a4bf9555e088a9142449c240fe27311c,0
ea9e49b20d9964bf5bbbc73c9bddfe2d27fc865b,1
d0ad8a978ca86d63b70c2a191217500e51608f83,1
e74138b2becfe6ebb6a25cb5a0e41c1488fdd91d,2
Marlin/configurator/css/configurator.css,3
622a531d9c4740a2b36d4964c87414f422c09555,1
290ab42d22e5ab5abef979b62a33e42737366549,1
22a79854456f1da5f966a683be1e8a64555e065f,1
b3bda57ca25757ad78d432967c5a524220a14795,2
9d75a56b56a75b483ae1a1532e2c2fdc962fd7e6,0
0a59fee7637255e853232b32f50a95ec4a7d42a1,0
d75cd69de43afada517557b63a6c693eaa828580,0
eb5889b3da1907b8073b8cbe7007be02ec4959c2,0
b9ed873827f03482bc5cca12efd4a8cb8b301604,1
0a19109476fd9053a0e13df191342bc3604076de,1
a4f939cc2758ce148fb2b7468078766fc946ddf8,1
4546c92f5bb3e577ba3df15befde728ebc388133,1
32d4dd073fefcbd22c3299f0add6830efb0b71d7,0
f92b0dc6c7e450452aea7c8c11664ae1c67b6f05,0
c246026bda71d1ae38ce4b3523f7854b3e12b1ea,7
07e488cfae6dad145deadd9575c3639d82aa66f1,1
e7ecf14d0c56f4103d5092ba81f470676c9c1149,1
8be25389f28a6028ed711722234942b2fdef5fa9,0
52c3cf6d34e9577dd79ffc34395458152483cb70,1
ba24a09f243227688910afdd98bfd1b2fc9fe3ae,0
Marlin/configurator/css/configurator.css,2
f4b0a40abb6cf31d742eb1b180605346b8fef942,9
3aac2df0572af604e1a7b46669bf90ecfd7d4fa2,2
488633bf4426987b21778436eadfc3c2e2f54a9e,1
8e9272914130fb795498f580cdc91364a91462d1,1
38a500d05cf033a549c3e2b1b5c7fe32f92a9c48,10
697ee2dc502eb9e9dda8600a57ed21d7db621547,13
85e5aa4011cf65c0b09a4453bd1f3ac3752ba072,8
4228758f1db49fe36dafd57a51d49cfd90ec7ef3,0
Marlin/configurator/css/configurator.css,1
0116320d2cd5a94da1c84125aa8c42568580dc6f,1
69240d41b0c2512d0b5b37901a6eeb681c37eaca,1
78b9428f4e472768ad3fed2974dd24ff43ff7bd2,1
5d159851e55a96977c6823d8235107fcc7ee5130,0
Marlin/configurator/css/configurator.css,2
c99f1de9f35551ee3886704bdb3f984b40881ff1,0
Marlin/configurator/css/configurator.css,2
1a548c1bc1a0b01ab54ab6425cf8c4c4e7f8df1f,0
Marlin/configurator/css/configurator.css,1
c093ea36e6e6d5050f9d0621ba492a1055248097,0
90fa1345b0dbb332dd58c5d2d83561e90d96ed16,1
aa67b38a44561ab0dc004f6e10af4e2d81e65bb5,1
7850ae2f4f4ae4859290351312ef51f5206c2baa,0
26474020951fcf97696e99b6fa561d6b68a6e983,0
Marlin/configurator/css/configurator.css,2
12a3975341978566e4447a0abaa049010e371247,2
4bb72f94809d25f8d3bd971729a28319156a049f,0
Marlin/configurator/css/configurator.css,2
37c43a7ab3e5b985d1a29aa35cce4900a3f4a49f,1
9c0adae3cd9ee73d405df0291ad99ba401e444e5,1
4d341bb758a2a954991119c073ad27545bff3764,3
Marlin/configurator/css/configurator.css,2
1a3c7d91f15e6246e768ea2a7f3bb19b65840a4a,0
72856166a962d48666466a33d04cab501708c372,1
b51204cc1c67100e38efbf223a70151a7a2f9b06,0
Marlin/configurator/css/configurator.css,2
56769ba4f84a1adf20b96c83469f34d3c0c5e5b3,1
94bebf31ac063f87d659fb868334a8599619f4a9,2
32aaadc301fb84401c70fd2ea417638d5b1e8964,2
53f6bbdfe0396d6e0631cdcdb3157357823a75da,0
Marlin/configurator/css/configurator.css,1
ac7a4358d6323e769eae034a7b9a49db3f6ef9ab,0
Marlin/configurator/css/configurator.css,4
09a385d9b0e177da6a236416c22bb0ad5acc01de,1
b2627200eacc755b109cc2ab0851d092da04efb1,2
ef18bfdd3f328b30590fc6d64c14557a0b2b5c2a,0
Marlin/configurator/css/configurator.css,4
3490a19103401d6f616127d9e074a4166dd33363,0
cfbb94a2a8ddbe0cd139adcd9bbee5b7d53b848e,1
b65c5d8ec61e460b740c5eed3686a1bc7158f2a5,0
6250cc9a8d7391235cbd4eb440a2468ccb385d65,0
0de5083aff962139f4b0f7fc5a792d480a42ec3f,1
c421ffd52027d56e3b8db96a9c2a84055b9d1e3a,1
0575dd10de76338d89f9502e59f6e6044de4431b,1
f70888480809bf2365284da0b02162bf7b139ea2,1
b6ca50a2cccb77037b9c2c3700e687a716e7dced,0
cc56f36870f237d2c95671e7b045b9b4863b2507,0
8663f4bbaf38afad897d33b6ecef3ae82d1f71b8,1
fed931afda0f79f3a9debd21e175d49e29f68751,0
0cb1029311fc5bc32cfd88dd03010decb25029b0,1
9381bfe7f9acfa51a69886c38d975ae1459bfa49,1
b97a950f531898a2aa1bf6f3e7fc469bd259b43c,1
04ce708031e3d9bb6dad89ec21048dd0424028e7,0
0e41882b5c7e9f9db192024a81293bc50b1f1ce3,0
2abf1ad940f9b8ed359276afe975751c771de210,7
86c05835257c9e211c54f13cc7fd9a8669a790f9,0
33f8580255fbc48dca64c9bdca2dc5ce4d4aa479,0
0c24bb6cfce1b97b28825efb157335de8593ef97,1
b1dbd765c6a38b52cbefd32098ec4cf971076237,2
65642592eef1a3a20424c56561c84476befaabc4,2
f9cc1df00b63e1ad524f5f4c14bb5c6321974b1c,1
c20606b8d75b08cf3da7af2e10cbe1b15beb2893,2
3602474c25dbd81e1e5e991966c2d99d8d49f0da,1
f5fd94d62a4bc725d4b658869a7cab48c068860d,1
6cce924cd0c1de1125a893c83555e9abb5aecc16,0
b3973ed2242392051c0c8d8eb7948f3ce52a6f71,9
d8b7f29fa2778fc4673db4ed20943bba3441b73e,0
6d81968db500a32e973a0b0c3557e6522fea7242,0
5bb3933b21a5395ea10064afa35b46beb4f7ad7b,1
a50743140059c58285209df5e95db584f0841a11,0
d109cd940b1f0bc5a4e2c8ac25f7ce424db14a39,7
055c4beaf992a16b15d18e74d628a50ddb6d05b1,1
9dc5de61669e9d0850b72d80e1d53765457109a7,1
bd387068bba0d996cae198e7aa417ff210bb4dba,1
4a146d584b077dfdeff59162e7215a0cf9447b1b,1
bca884bf72b7c785caf4b1e039e2a092238fcde8,1
137ba7b5903d939734db7f9aa9b44c6944bbe033,0
8e287c27629dbf399764d0c0eecb3878e89c1c7f,1
2dd43a82b1cc59cc4ad45bc7d1773fcfff5b48c3,1
26e55471f89af330dfa16b8efc08d7d63cdfd9d1,8
85385be132a8998ff2bd0d3e746db19873db21dc,1
0e40408ee51b847c548973ac7ba30448afdea560,2
8dce5a664409365ad6216766083a2163980dda9f,1
0cec0b73bc80bef22837eb5b404a4762f354a6d7,0
c009c81e65dbbb591354ab7d68db65180583fae1,1
f4ebc02555abd584f4f160332fe3699bfbbfeff6,1
0af9a0bf57391b27db64ab4b924652a778560a26,2
5f8dd929053a966e53a7aa155aba4042de774220,1
3f3ad9b3ad78b93afaf4e000164093fb04e284e0,1
07639053fb893b6c34933e583527ad23b649b46b,7
4f4cd7a2c05c0f1f0ae26082ff84ff4db771ca66,0
fb7c636ecf7834334d1fc17d3846de6e4a81c1a6,1
787d6fb61a6b06b0032a4d6410c582cffce22dca,1
5fd5105d44123185d9e04bf1dc61de42f3199191,0
b40dd814b056e86986a4e12b07d81f29cb75443c,0
76bf93efcbe859f11de114a7c5cc2ab1c13b044b,1
4d5b0e2037c68e5f15f5f0d72d5e082073a3cb9f,1
33408a4dfc1c12bd9a4798884ff776beceaff488,1
6e6e3cf443544177554f5733320305db5a4760e5,0
b3ca430a20de71bb4546540625162d4808f92fa1,1
e045034c3f90b7fe7f19a691ea63f659bbc18397,1
27c638803ee7a1b7bfc6d6b0c735aac8a32c6161,1
b033783e0f553ef21a20fd2e3e0775b966598646,0
073c59c50adfff83404cecbd7797693b24121181,4
9a4d4b3a2f53bf2634ea8c6295f6883e3b6b67ce,1
8aa6487b4bb7fc0234f546b608863b3b7d38673c,1
666ad7106b87c5ba0946e18110ba20c7121558ed,1
e5c45fbe8ccc123c26b786e096bcc8fcb7567b4e,1
1e22137e273e08350c4adfe5c1475084dc70041c,1
05d2ebd118bec31cc1bbede2ad53fb4eb7de6db4,1
06cba91c39c282ff9fdc99f8e1db26604677d71c,1
9352c9547f069a1ece551b41453c5f191f2690bc,1
0dfb0162f34a0994124977a71fe089e5bf35d779,1
7222b275018003d271aa8868d7b4d5e1bb6e1fce,1
a6f808c9b1aa87266a89d46dc4e349a5b1e331ae,1
152fa579f54af2d9c98172f548abe8fce7cf3da2,1
7a32b742f3f685e9ffd0592ec00e5c3d89d02006,1
4e176d2ce80fea73e53bbd5bbcf00255385e5610,1
1f8c8ad3ed035b9af1b3efbc9c8b038e41f2547b,1
0e8836ce5efc94079c6feec6886c438fcbd6dc4a,1
56d3e6615d898e59aae9c605b53c156e2a2ed3c7,1
12589808324db3574e73fb61b20075f590a9bccd,0
766762a4dcfe0315b844b232bab8c7ae2c84ac90,1
7df9ca051c4df90a253167ea34e42f55ea7d7689,0
fe3810f07321b76c0e908fa996d549c91c963ede,1
6137bbd484a5a71efc451cc1ffedd3d7a812dbfa,1
45805c2b765ef584b496b801646e9389f8d7bd47,0
9bc905140519cc3db3840872dd5117fe21bf98a8,3
ff99ca30401553ddb27dca839d52a085eae38281,1
6c285930cb439a59b5d97b95c5cbcddbedf45f78,1
0d4ce27b79ab92f66e4b597b8a29fa079866b8b4,1
13118cde3334d59341e44aa2b78926a1ee3bfe7f,6
093fedfde8081c7731be7f1e12b18ceeb342cb24,3
34377ee512d22d0c98bc02f2fc7f8f2e6cd53d2d,0
7378a7fef444bf081746f786556b90f2b6aa986f,0
5fbef6bed2580b7a568a75ea0780e576683b3f30,0
53eea611b83c5bea5779fcb61c9344d09df24958,1
d7211a5324757a895b94a51c27f082969217afcd,1
0a21727c0a885a23b55503979430c19783997950,3
c90f2e77d831b26e8a2a9483b1d6bb73ce46173b,14
34758088c584a74ec974dbd2d8164dfd22a3d803,0
2ce4a102eec81f2896a9e432b54aea810ae9c265,3
eacd931fadd30c7766ebb660a1bee5641bd61e94,0
ae4b348d77abc25ad365698106330cd098738983,3
80be6f3f9162e082d57716ffcd0767f59fd260d5,1
ebe78cb36f1d9e74085a51986e17af4544323d03,1
82474fef8ae4b4516aa515bda3ae8a5aa7621ecb,6
8045e4d60d4f2ebd8f8744dd1ec9ebb8f0ca5325,1
df4f3e77128756a0c34045d0a1c917727762257f,6
b6ecbd8cc4572a45e99e3009f0abc95056ead0c4,1
4e573134de114d5bb4797ddcf4b7c79751f58589,1
574a5ab72afc5e566f052bdd16eda88a7b94eb9c,44
b697bb260e24b515a6ffc2e0fa283de96adce05a,3
ab1ddcd89d8c1e199e793b9cdc2965589cdbfc11,0
d55c62bf9fe1026ba321746c6f1dde8c1ee92a5b,1
e779641c7382de41fc23466c701499a91c953011,1
baac6e242d68ff6321b8721e3efe30b18707aeef,0
a425111eb7f955f08f68a31b701a27eb821fea85,0
75cf302da3eb622090673df1475ca8ed6a4c6a59,5
61fd45a0c236d8e44be22ac88d34d4be564c47fe,1
2650be49219b3dbfbeb1466a138f224f039234b5,1
a9763d894eb8aef47f056f95326bf1cf2429e865,1
49490883024b06cf58b2bad4b13c2c6a33373e2f,1
fc5204bd426c77f35b16580a2abc00df194c1aa3,1
9834818ef75d23a8b5d2df47cc736ef24ba535b5,1
8696963154a1389c72f7ecab40ca82d4c604ebae,1
ee8a7419f4dc5aadf1dd51f24a8634e684cf0659,1
e18403235dfbf78529ff6c8931b506e1e733d394,1
7baee555f48b7eb157ee326d49ab1813e70a814d,1
cebc7daf2a81ed62c7ff8b7fc5862f66d9efed56,1
ef4c7abb213c40554edcdbef33438917ab91f674,1
22e591518a60c0597a6d805846fc359ebc92ad72,1
a20c35bb38fb42131e84e89b8f53be1462ac505e,1
dd301be52dd474d7a48579c9850a08c2a0a54e3b,3
aa48056c037373b5ace55378541d6962d777d623,1
0d219b3e14f7ef8715f63f2c3c191b1c5193e826,1
59315330dd4e42aab06de7fd8a9260965fa5ad7b,1
8c792c7b22bd612c2e8b38ca8b23de936398a14b,1
a2317645237c70828f9796b778c4baf7adcbb419,1
acf4a12fc3d2fa567b68661c140ea39702ba88b1,1
74b40b039abb85d066b2812c95fe89604a9b3f96,0
812fafac804efb46c82aa859312ecd87b4a666d0,6
a0a97c9c4c4225692f9cd421ad6dcdfc0b97a684,6
aa23e75eb84ab4d83f6d8a9584683c1997e5b886,1
89282ebaa6492f8f123c167e8c5261f791c133ce,44
b87ec5da737e7f22af9061e7678d4c53acc0caca,6
e5a7f34fa49fbaa0b4db9be0fd31312126e405c5,1
865ca0ef04ec2b0ab9600445f0e642f316cfa3f1,0
b51a583f082aa7cafb15052ecf7296bd5faab2b4,6
5347ac2766dfaebf2f4d45d58c34c6376098cdfc,1
b684f7e92b204cf5c6b71f6d9f9a63153e7334f1,1
86f1d1cfc3ba1f3074c77cb4f4d275a307588e21,44
3021f7f74332899d1ee5f06d4bd716d7f9794845,1
415d95a2984556ebcd5c2dfa2c5e08651b1c923c,0
a7b02975b727247f087eef99280bbaf1a3add6b3,1
3ec0f7cfc07b87543ab40e85260702d1d5345c02,0
6723388f7f0619b99bc9b3ce5b77aef8049d272d,1
09eff0c4db3654e5f714e137baaca28b8eb979d1,0
03c9cb60e89e99cbd05377cdd0a5e7ad043a288d,5
ef5959a705ac010036ef737ab85e93e0fe5ccd28,1
3d4ee6c868c2df9547d5c17b634e47068cb53bfc,0
986e723eebf6cff95bc6bcc7ceb1fa47f9ee739a,16
9552e5930692bd766a1735f259cf4c301b4fa026,0
49765fc75d49a5c94bc28dd231f82da762b7ac34,0
f16bdd2ff2a636da3baabfc677966ff1e94bf4ed,2
1ed39133333ac534cd89c4dc9a6d3652cc08d0e0,5
06c3b3793342670f6b512f221a978a00fb97b184,2
23fcd1ecb2461e1c7755a3047d9e9f54b47b3ab9,0
fd78902194fd17ba78f654fb5b014418f0617cf9,2
5c1814383ae511c4cb62d0d476772c9d255d07f8,0
0ebf896070e8364252df3b3f59111218f1918cc8,16
a9d7ab9530616f165c5407914fbff27987b23946,1
a244bcb953616414b92f1cacfcc4883183791357,0
3a9a3e5ed875cfc2a4b3e98981af76f0e5d0bb41,6
e770489f27b80dee2392746f71361baa16302df9,2
54d5b52a2ee926b5c95ec1ba52f7b135ec1e89e1,0
0ce252ba7a67bb0c46d301b290ba95c6c70cb256,1
0218ad45a11e572b6c73f02d4fdfa20ed82152d5,1
90404467806ce93376af0efd99b7d76e2cab506a,0
25f79c501057b3c727dcb398a1c9f77f4b0e077d,0
9ce75ab7de2e974509476962ed054e0ff4d6ad81,0
99e6ce901bdc03dd0bafb6bf7776676b70594218,0
15a00a5a7c5ff5b128ba999428e3b73a980913c8,1
23cb899c5acdbf9ed68971cbd5741b4327a6b873,1
d9d4a78e0ff529e42102aa3d1993842bf9b845e9,1
d1322dafc92c70afe48f7a14aee37217c6ce7680,3
3b50a5e2e672ffbc802777cb63b062cc6ef795d7,3
2d454da3af58bfd2547de05ea9e4d12ea748fdd5,1
4f35de991a79e23c09bc42037ec065f8120cea7f,0
91f7cc2e6d70f9605ac8fec0dafdcd643a6ff31f,0
22571ca13d92da0159929f025919f492a533fe73,1
935ee968a7abcecbd7645fe323b030c81aa383ab,1
ccdbeda52678f17d1778e8c80a0e0306bc6d2f91,1
e13f1593430cf8c04a7609425410ef8b4300f56c,1
51c7f2fd5add36898af7ca74b734bb2e21e5a546,7
5333590ac2ac1fa950d72a1725b12ffd4721764c,7
ba3ac40b9d063a59bf532339e2335b60386c4ea7,1
993bcd370f7f599d03cbf4f4bd34853ae0c9017f,0
53f971095d5631f2706519426ab53a60797be07b,8
5c7e38478bbebfbbd2f36f1d6aa2dcc869609654,0
67b597ad46df78daf4d2267cec97304bb152c3ec,1
88fe6777bf082fcc65db39d14297a53763d82a11,1
1a2f796dc77daf649ed094132b951812a9a027c3,0
d4880a9e603d6d19e06b442816e4c0fdc6f3fc06,18
ccdb086fc892eb79ceec99aff9f621b47b3f5e42,0
5151db5c2f78a4185c01f6d3cde31e0fb2f4bf5b,0
1746b2582ba5b7493b18487cf01d0a2a8c00c08a,0
4b51b5a46d2fa3349f6a7ab970dfd1c0c6433980,0
f2cb4a3655399d68bbf655aa49adf2e923d4e43e,0
2d398393bda7591b752fa5ae4ab043c81899f24b,0
9fd429292395d07da981d7efa64215b82cb7fcae,1
d4c8cfe1f275322a291a2e5626b0a28346b5f01d,1
cf50c0eff8472ff922f217e7ed94393a85428a20,1
abdb974d7ffbd8741a6ce6b1304fc8f886103830,1
db3b4d0c98c0478852f1eefa3c66b4641f048f3c,1
f84ff4ba7d842b8cf5d18d8385b18ef0a8d5ce68,17
ab074dac179ea6b03ec7f2a161719e3d84f1b37e,0
d4a665694a5ba1effb0d9e527c21419c5d19a1a7,0
b6623a0d49590a75a443aad0b865a149dd35a69e,0
9d9c859ac14a2e1864f72d0355920a8d8d42be95,14
5045d17a39d46de34b155ba45f71370a3d42a992,1
848475a5b0ceac3f11e1c6b18a625c45278342c8,1
3a5a6f42fb6f76cb8c9643aaa19a02c388f77e1a,1
cd55a93a13e153355bf352a4f522067227a9f34e,1
23bfe30036b0c87c813f33cbd8b0cfd5802fcaf0,1
538859669d40b83a1100cb391c1be729db6b3fb9,7
46843bd927c59c498ac8c229f31728795688b79e,2
d9cd8e9e69c7647f55ab2a7fdfdd8d6976ea9bcb,1
bf2c923db57cf8d41a2d163a8ad691fc51d59635,6
0877aa0fe05e390df3694e0f8530f3ad166e7bd7,0
e0beb98fd30e9364e730094c448986da78887d6d,1
1d4af4649636c462ddca5979409f686d380da3c3,0
7d32c7f36def22a6241f1a7b4d243000610e25fa,13
69dc411ae029443bec90f6012ac14dbd0249c17b,0
d74394369b900a2a67d36e7386411aa2fadc697d,0
3e2af67ce3ebdf148801b48cfbe3614bd2e6eaf1,1
37c7e8300ff3161f88ac8ad3a15541c45706cdbf,4
326b925557664ad6aadcd9cb748de0a78ac7acc5,4
6e8e9bb41efdbeee80b1cc34586683b04a948450,1
5b4daf266981f5710c47ae6ae176dac1e069baca,1
1aade4a8e2fbe3a861137a64a96959d858cbd7bd,0
8a2e84e3f18640fab6b2beaca9723b8932d97757,1
905aab3b85d5dc7b0ba5a42450d59ba256b9ed4f,1
b9cf1465a7b9eb517a6ff38cefcfbde6940ec4ff,1
c7632be5ccb9952ca875cc21c8a6f6898bfc7e16,1
8f0dba7cbf0e4e3dbe51cb8921849d4018558cfd,1
eafa98e6f499eaf60aea2531faef378dc38d72c5,2
d94109e8867bd5d9c68273bf995aff6353ce3031,1
cd33b5b0620640d6f91496aa0d5a4d99e5f20644,1
9b6c1cfda6c7a3ffa8ee934952c23b5d99591950,1
ffa09f86f47fac6605e16f4dfab01ce9312b9a29,1
2bbb68be8a42cc0c523a7a20c422a533b8494710,1
590caafa2dbcc3640bdb8dec93ec7952d7077d53,1
3bb9b31515eda8102573464102e1e77500f697e8,1
47881574ed43a6a7ee39012d3e4bd2efe42af4f0,0
26337a56cc2a327bdc685791e924a2acaf05ff85,0
eaa462279e5a6d5b04ffc6d730d7b635cc9826ae,0
67121795029b7347c718447e071c577b57875268,1
6dc9e87b689fe049ab75d137b3cdd27bf57432e5,1
38669a56cba9f9374d7c290730e344c3994f3493,1
49b759b804c5f77ed5cccbf270a38d20ba2bf3bd,1
6388be07310338f8cfdc46dac571fa2c830bbfea,1
c98d87935a3f754691a3468ee98d9478f7543683,1
11a42c32150da22ec3721f2ae222d71c60e573a6,1
d19ef561997e8f7cd21a323e460e1832ed1441da,1
bc91167363df8b74d8e380a39e4db5a98dc68639,1
fd68d0074b689c00786bf4d55e46b3054c36f098,1
cf88d61c206ab8015089aadb9ec64b2186f49a41,1
4a1f34c522dc450f73f3d1d6291c4459da0b4abd,1
e351eec169d58165be103cde39952df6e9b9dd5c,1
6f137bbe3e809e4b45fbe87035cc8796063130e4,1
5db6ffc03e59ed5f421870cbb7f3c1231c92d3de,1
abea094f9087f48272eeacb46f5cd34baf9aab23,1
04eafe3d04fdad80383d654617049fe2a809b2a9,7
a06700a14b1e49c19206d67c9b2bbb7ac237e390,1
489b4fd3a5cf6bb813f979314e805f2d00f55546,1
fdf9dbb6fe4be03ad9835dfdac72ee047d5997b4,1
da192c521f1b808f1f38d691adc897fc6b10fcd8,0
0f5cccca4f26be4858284cd5e56b2a15234a53d0,0
3a30d45c2ec3ea997e69294092351a5eb8c5c987,1
269ec9f87f6a968dafa210a0dc9749f03e75e102,1
3d2b471c1aa55bd8c008e45302e3683ac58053d9,1
506353892e9626728039d389ea6dfd8600ade20c,1
72912851b824a377c38f051f25264d2b8e5773d7,0
8d7bfd03d8a409311b2680af4b8a4c467948220e,8
3c9e6b7b6244c73fcfee32eccaae7bfa9e13b500,1
0e760274bd76aa2b14ed31c78c3e91eb78b35a8e,1
b291a422e994a160d2d2522827732ef7d5f12cd5,1
88139787669f45c275f2dc1cceb3dd63f03b38a8,0
7ae548cf34f44f99ceb4892a6aaa155786035d76,1
8f9067faa698d2bc59d7b21fa387ac536eeeeca6,5
addf52fd4a91ceab4db37c55ff1f36cca3c0d49e,0
e9ddd21aef51c7eb070bacff716601887b71fcf9,1
2d7d43b64c1a603e254f5052991e1b1f4f49d682,0
5cfe13f24055033806bf6cb7ed043e10d71b6643,6
9852252bca80562e5804bc9816e7760b50d68e4d,1
1c3331036303e02d51369e7de917ec12e8374542,1
380c9abf16a0fbaf6ec5f2531c11c96376811e3b,1
501fe97c001524afb208fc870e60eeb9f5864dac,1
5de8cce7bf3f237b825ff9d4db0f67ed517a9d6d,0
c7e2d7303965507ea6c8f76ab30e441de609f1ea,0
422a958a34a415af196a40db90096206fe3b8c91,2
038fccd7a122c9beefc28acaf4d57b96ed143c4b,1
673033565787032dc6e1c830b7ab2daf5fd69fc2,1
1a57644b0c62f5a8efde40f2b45915b65155d00e,1
80afded132cf13b3951ef6945253f76c2f427c9e,1
028fe129a54488eeb27f32b4576d86d058525702,1
d7a2dd676e7d567788c79eee3ed4c8e721c77a7f,1
b3f2b30347bc760cb6c2256764a55d6ebe0b2253,1
4ffecdbf7d68e7d9e121e3acf458780d48a661a4,0
2dfdf4b55c5806f89f5f96572570d8b80111b6d4,0
358759cb52e11dd1cfeddef0dab24c4bc7003225,1
93c8b2a40b81c680f7d3a147f8b27f508d719ff6,1
672f764b4d2599a32ddbc565df0c68ebea040aae,2
5a5b95edbf2fb842fae73ffa4463c00c9b196cac,0
f25e793cff5ddbdddd733df94a2351ccc804052c,0
Marlin/scripts/createSpeedLookupTable.py,0
df17a6a1b44176fe571d21e79bb7b682f1b71c8b,1
f7e65935fbd394a952c102928ee33958c2b2e076,1
4e02aff9b50ea2e55db7419a1ffdbfe8fa865f02,1
81363bc4414d538544c93cb681ab4ebc93fb8883,1
95f4a55820662c7ce87c1a08b52dc281d9afda38,1
21205cc3d88ed9bc39801873e63349612172bc81,1
fb0996b5db92415afad74d9a39e5e6f89bf831b8,1
538231edfdd1b30debdaa7afe53e9da34fe8985f,1
067b509479f8114d47693551c87a3a90c4295da9,1
a19f2f8ae72552b40af7789d2f31e5120da45e18,1
f24dda970054ffd03842ca2a473faea1332db9d8,1
ec4681ab6b7d50ae80ea72f7964e51ea563cd019,14
dd7e4ee97f69c835aa26b92fa42056502bd3eac9,1
2b9722f38713bbe4bb664013fa157e5a32ec3e16,14
00e4bc9f54bd3159eac648f75abc65895621f190,0
9472bbe51d091f3099bf2a2db5a4a21133667393,1
d2b6e62996037cd5b4ff7868188af479db77b10b,0
30248214c7fd52333d1c71bebe5ede40dbd76011,1
c5f138ea07a351af00de4a6f0ad30aaddd0f2cf9,0
efca4afab205b593af772aeab8624069ccefbd38,0
652895d6562af8fe69530e516652fabedeebd218,1
3d9f4ac7576e6f23a70f8d7986a6388d889ef9e4,0
9d57c376db87f14ebd5b3f074b0af42d09664f11,1
04fb34c7ff940228e8a65746f1794bf337cb5ada,12
f8aa5ff771f6c81380bdabec02503a3377b93e8a,1
39fae9e3a3f1e627058c594d4d1efd5e6262bb32,1
07b85f8b92a836e6c1566a4a52eaf80db3110392,1
be81dfa3de4bae956cbc210fb88ff40161169a74,1
b5c6f11e41cb83956fda7cc3e5ea3584cd0993ab,0
206b7f4e92fe974ea5923334fde531deb02ff449,1
9d9a2d75ef9c5ef1aebcffe7229b39ff145d50ed,0
21cc188272a68b89b30d969038acc2c3644bb677,1
86cc22d63978cc72518dcc1541cfb280e46e21fc,1
3f9707aa3315781c8214968b2cf2e6d34c4c688b,1
f36fd3ddec9f8a678091c11506b43e876ff1bc5b,0
912ed155c56ddc9907e7bbafae25dd4bd9ac8f7d,0
b5e50cdd4e8717caef23ffdd88825172a3c2c8b2,4
eed451e03434488916a7135f105702980390e074,1
f3209bba34b2581415f94e06f4944008d8151f36,0
1f520a5a8c4f3bfdf373dd4b5e0b6b7a8ae30e9e,1
b32be2dc64cd3281b7ea9853824b71bcd3fca2de,1
edac64e7d2a54a201e6d819263b8b2b2d317800a,7
ecda6cdc0a7691bfce4ffba242cd2b245f953981,1
f3e503e7251b47c64955c72b81d28294a2700b62,1
1d5d853c9a1959ee5e15e3e0f69a2d4e39673ffd,1
63da6900b0c623bf0b591cd42ae601cdde96aaec,0
a18b62553433ba58b5c8768e17333b42eb4e1724,0
975810fb4a324c37366834d03c9b36050d3c90b6,0
ae12ad0d6c4ecd7f0d5e476a1267034c4467640e,1
80b17ab573f2dec3e6635cc8d13d5690e66b9dfe,0
625860f0868fd6dd642d25f5b9a5be44080f3175,1
6583bb781d31b64d0704dcef42a1967f7dea86cf,1
2701dd8a171fe2e3be013ed4f52d1637bbd7e5fd,1
217186d7bcadc88dc8bfbe06e0d7280ed7c4620f,0
6b82415c81ed0f87bba50d1bc80e9eaeac41fea1,1
692a01b1c70d8baa62e7946ecb3e6cd949efb57a,0
878b5557a1364d018563803048225c9115122f50,0
2ec2bf1564b9fcb451d5be043b751f8966954c3b,2
6c591a97a18dda05c831dc388f9b2a44be06b1ff,0
e7db8ee9e50f80d4e57102aa0548d9672306c6e4,3
10e1b6ef8bca16e1640d839327d4cbfd01ff9df2,1
d1f21d11890042306ab4d51ff8154127c1382711,1
449dad71f2e72b95b552e0768952712649be49b0,1
a2109cb492e92e969031aa424533937d6c3d8f38,3
3d1da45f3eef6331250b7f51d29360d8bd16c27e,1
d02daec08f00b9351466ebfd650ae88ec7d6eae1,2
0268c03a75a667590a8dfff1c85237eb2526c68b,0
991a74b75b65e73339364c72d8682d5197b5fed9,2
2bf6d804c4016fb46d697b9d183744c92cf62982,0
9453bb13c2ec48b6bef4ef68a1cceb3a1fc188ef,1
67fd8f0727cdaecf7629c07c5a083ce0c896645f,0
2309c9f43aea4d99ec8157da5f6b9255c912194a,0
236db44669cbfe8712826f11c9309c29f03e8826,1
e6774fb7d2ad6388102fea673e8508d8749ffd9e,4
f4ce235589402aae25806798b017526d663be2d5,0
cb047e907035d7e921ae856fc2c29482e347ce80,1
5b336a4cdb42f6f288054398cb5c966585e01739,14
10ad9f10629500db401e60e1906747b0b4933ff3,1
f24c5d82e31ad050c14c77df8f867ca0687d95c8,1
053b541de814334fca302cf79052af7fcb60c2ed,0
8a6f098cc6d01e78203525035ca4f439939a2153,1
78167ce439554c8c5cef7ad16fd912cf559d7bbf,0
d1995aec7a0d3c9b8a55ec667dd42931b2df4067,1
4122de9d17eee82af773919e0e02a5fc91fc40ee,1
d60efc3b5dcbf4e56afd6c37b8beac6188de90c3,1
cb12161191be148906d31642b44af04248c3d6cc,7
c1df713e4d304643f3b4f713f9b9754786a6aa59,0
ec33df05540683b769dcdd8d4725440018586495,6
a5ed3e96f2b8ac0615280780c90fa495d4dd17fd,1
60959f196f291787ae6ee15344a32124e5aefad7,1
95429a4108775f319bbe0b853c6fef711580e30a,1
a0959366af01202c7d0e84791df04257b5d36222,1
b2000b70556a6ce6094de47ff13cf6a9ed413ce4,0
0468f819504eeeada692ca180d94d93597113814,1
6e42c9e30506faad87d058929ff85ee233a6db28,1
0504c02153c4931255a30f1322ab74e38a39fb94,1
3afe66bb0c59f94d551b0ed10dda27e3d8683ec5,5
73b7b08f2cbfc685d1d6e7c6cd127e4a9ba4de59,0
9eb6df17a7d1ac22bc1a35714e0c05c4448ce3a8,1
c9f60183a96201df77e244698c03dfd60f870f21,0
0d957872a006da8154ab89d3f6b08337349f5377,0
9c07d28bd67a862ad818784df9fbb059aa56ce1d,0
23e768dffa7712eaf96530d8cfca1c0f01dab8b9,0
f7ffd53bacb11f7e2f76abad737f31816dc40dbd,0
2f467e27970b3d3175fd07efc7177460800b06db,11
050ca9ca138703b6d782429807d23796db5af507,2
cf52c48d19a2efbbd88ba79c3761270e926b64c5,1
984177c40cd3d6dc897d8f11407d6c424037843e,1
c9b8435749d9582334a70d97d6f997dc2a29eec0,1
f00a20224615e083549fa4809118ef00f2533351,1
6efc4f3abf84c2a8da17ff2f706005013a813a9e,0
45336bb6c041c90ada2da533d3f6ead8f4bd0031,1
5f555140be4231fb3ffea8a407414e245cfc12ec,1
7ecb7cbd46d03f6326c0f89adb0c5c8afcd0f9e9,2
7667949aca2c5d5ee282e730782b8e8dd7c41618,1
529c937943f98d6c433962915135ab19adec5c1c,0
7250ec4337aae5c5f0e371ac69867f3b4d6a150d,1
f05225a27165ae6635cbf1f2a0594acbfeac6f28,1
d080027ff4bcb3b9645399c736b9947a91c230e5,3
bdf2c94bffbbfdd9432186ce32efed81f21e744a,1
e83ecec809e888a7bdf2d471e417a7b55400b130,1
f80a602783338ebd573b3c5dec793ff560a33708,1
f390b3f31454a0cb9506957d15cc49ba3e5a0b0f,3
d25465114687eb9450cd673b7748314fae64cae7,1
7db943b147228d693c3b423ae1bf5cebbda7bd5f,4
fe8d8beb7a9c5288a0fe4beb32bbf32bf93e923e,0
5f36ed2c4cdbe17d933e4b0c23aae597fa82819a,0
af7fbcc026fcfceb33a9232dbf699acb5d80ba11,0
203df3533d153b6c455e44f3482a173ec835199f,0
b792b740365f4bb99da87686ea7735b40bb8a969,1
dc64175d77dde61f67276ff1f8bbc3f52a252836,1
a8d8ef7534b6d10398d48676c2544a5cbf136b26,0
d74aabf259813da773fac4c90a75c99a36035c41,12
60628864ca4266f1b06ceec00a75f6b9b5c22e31,0
889d7ba218e81155c53ff6a631d05e727b80a070,0
5e7bd2dc873202048a77152e7fb0e54f3bb0349f,0
1e865e5df78d8eb90c045d4bf80ab8c5a0946ec5,0
b08639417811109389f71a596dc7a59f5f4ce83b,3
39d28a9bbf5f8b89c83f2e2b8f353168de60ce4c,1
6325968a3955d7a7e51eb993e664ad65976abe86,1
e99f24ff2f3adcafe64be55598f4fb8d7cb46d68,1
ac204028e717a83b7a96a636d42eee732fbde24f,1
4315c2547adc41ba3653d45beb8f94de13eb973f,1
f21c65918f27ce7f8fda69a5b56a9ed811747e61,1
58c4473beafee320f00138daff90361b678fe4d6,1
825c46024d308f78b1aa1a2734e735248784857d,1
cfe80e1defdbb8e717933c4ebc40b50baf42932f,1
7464d3c96acb892bbac95a9c4ab3d03a94378fa0,1
81568c3c6d84673833dc81d0b906e39e66ffb74c,1
4ebeb140261493eb85b068d77ee00c7db526998e,1
03e489aaad6dd6584970fb2acfe00cc5aa292668,0
acc0e7527914948656ccabba35f7faedc94ef885,1
a5c059dcf5ab994731c0102242a57dd998271269,0
17de96ace7c02631fc047dcddd817a59c965e849,0
7458bfe297d6f8ebe528b31b60c838a484e74e84,0
6880e93b759af421d9d765ba58fd31bd4cf0e4df,4
61d8e407128471182ed1d5be6c9766711b048c13,0
3b1f186c0c8bea53bdd002dfdc91fb10c788f576,3
f83d0f2a689b325acfc135359c1571edd1b70466,9
bd25e7393b334e61831539038df3f02d602364b8,0
d201fe74c6ae6c450de09760e037e3317417b6a5,3
0e23105e1e251545dff23df032157f3b7774585e,9
72da53c613c12a7a11eec4803751abc7736cd3d8,0
174f8d363160ebc53937b03e92ecab8617d2a4aa,2
e970461adb6341dee395e74a0d329a0a21ad9db3,14
0c06e97e98038674d42e6d35b048f6a174aa536a,16
a9c334e8bce98110dbb81f2406568e8db50661e1,0
842da54e68e33bcd1253584c560b68784ab6b1e9,0
07c6b5ab717d41ea5bd827e6e5a5ed763cafc362,8
1857e611d3563acf71fd86d6342aba514344c2a0,2
63e1665fa90006af1d2b1dfb54b72e4cb373e1d3,1
e69313fc2bed33f6b436af2902cbb155a6928050,2
bd224054123e4332efbc3d3d74652680f0f83996,0
49791949afb5cc6eb7272650675284039b66a491,1
140ce066926b2a941a639fbc56bcfb6da654fd37,0
28c3ad291ad21f2b90b46681a8d6c4a774694b14,0
0450e83fa5ba3d6fedb2935f4d424a3d0497a4f2,1
f21cce0b28db5215b7682eb42e05f3839578ed73,2
39b47ef5b0df6ab3eb7f61cdd3955e90867fbb32,0
e4b98011cf93070d21fff93f9dff42a9289ffc7b,1
60598b4cdda4132ad642ba42e60777e04c494f5a,2
f074706d2e34e4b91e600b0809be5392db49c828,1
b726511a3bc2db618e3f346431eb7f703fb501fd,4
4d6128780767d099a09e4f2fecdc03bac2aad503,0
b17b8583afc3cf43a048c6209bd56492794fa107,9
280504e2e097ea33a8927a83c8e5cada6346df83,0
341c7d080d716f458d74d66d7212466a1d6dddb3,0
31ca3de72f35f9ead7596ad104e29e9d912f3ac7,0
e83cfc0a6295cc0cd33d16e2f72c7c922e61e8dc,0
3ac8bd8de7baafa4c04c08e21a262215738d4825,0
0b310ab6c5d76867c2ba6ef0458af99937d46e3a,0
91d740e12897030f3a3d336ece068d13f3d7dcc5,0
00f279376fb2609837bcbd6e05ca22eaa01b80d0,0
ab355a90d33ed457d964fe97f675f79720863585,8
4297bcc89f99d2a11126e0373309b777e529b042,0
d088b5f30f2951bb47afe6c693c9e51fc98210cd,1
1fad8e6a8123419bfe10ce7a65211e56e4f2c926,1
467f0ea6b7d6877847eb012309187ceb659031a4,0
29e854c535c4e1a25e365acf1a028983390b04e1,4
6599adc184b9561777159397c0f477549070ccba,5
a12eec33e2fd5dccbfa8e2631ab3a274a177e81b,1
c9486ebb8558e8863bb59209dc039d8ca3c458dd,1
b6ffea612a360e377b3e89404ca79e92470d0624,1
8196b36ad9f7ed5b49a8f69742359e16b47affa9,2
cf749dbedad836f26ceef1816bb54937fcd7647e,2
ae081d0fe01b91680586077a9a68f313a0c3493b,3
785143a01305d21fdda8682e923df33bc182be08,1
0cbbba08bdb3ba61e960d230ec64499439fa3847,5
af0549bfd201b75188a6f3cd13e7507ff62ff5e3,0
ae1a698263c9f0bb3870e77c2176334bbc494a99,1
600b4f0590cc2a3729c9bbb4cd06be5cd21bab84,0
3ebfd29312711955a5fca353690192927922e048,2
2ef0669b19e3afa1510771895b481f07ebc2eae9,1
485ca10bc366f8744afc30b1cbb422ba54d71709,4
599530902dd122fb83f8f4f8c77daa409272a6ec,5
1ba7c31395585f384c382bc8aebc233d7d5a1cf5,41
64139f5e5a4129c5492f947101744593b0055dc7,0
2f9ed1777d191f8150fd774fb53de01e9f9bdd2b,0
edfcf3b52778456e109b9728b1a89d1ba62c33c6,1
c429a4b3ec9b80e7927b6e75e8b6f1241cf369d0,1
e5a334b83a6c2399f11b920247625cbd2d6eef56,1
f05928d8860355b7652c0050a4e4d68405f7582b,0
b4e287fe8ed5c297a8acb2df3527f3bbfdf0b610,1
de725bd408f68f072d44147197fac80723fcca0e,5
061c1fcd93cb2b643078ebfc5cd27d63fb2eaba1,0
181e487f13dda6ebc11eeee33a44eabcebf02025,2
ff38d7c293cc10c65361b73eb275e28cd6894aee,2
1977b4490fc0767e9f8316e4d5c126e8db27dc4a,0
7562183efc719b25482b7e82bee56c1a3bcb8bbf,1
5a8b3a84ae629af9ffe630e67f0e8eda7084600b,0
1b7c065055aada0f879d349d6f2c81b46b2c33e0,0
433ac29d3197e47ec9a33f0e55b7e27f51077423,1
2427d0b6833bcb868ef0ca301700c8c568912a77,0
8ebefe6d3578394a88dd0eb751d49048ca70ee2c,2
725ba8d01e2b013c03d15bd947b0ef0a5fb99d07,3
2b54eeb89717111f55510e17d7b6c5bc1b7c44b8,1
14187dae6cb5704299d86fba292131553ab591ce,5
662fe8288bb4a3bceed28ef72fbb37fbb8dc6b39,1
aad336eb81047f553ca2d42a573c143a2ec153d1,0
587485250128bd2c451889193fff2fd26acf1a53,1
12b51d6060f9b8603e67908a09d81e56211bda36,1
d12b24758a2b1d8cc392294d499bdd0940768ff8,1
3f54c9ba33fe9f6248d93ed383b6d2a816fabdd4,1
92e21d3ee2a56cc5e8804170bc1bd93793a23217,3
5714f649278f65f916ccc77d194dddb80c9d5d9e,22
d407a43ac1ab447d3e7f825cd867535e19ec8062,1
eaa788e076282c9600d00239d46b44fa6cf72e35,2
6901445592dd9e9b164b00b4ff432f0e89f63511,3
0d35b1d0b844f50bba63f7dbadd372a40261a819,1
87fc00c182c2a3241081310f31084341ad8eea6b,1
7681711e7e65d787110b97611bb7c10cea394af2,1
aa4160ba62714bb96bde9d3dffab6b5f0c1d9213,1
cd769781a1629868c15ee7907f85a8ebe74d4ddf,3
f40cff59f3da1ad2cc262ab83ad316a15b8b1f8f,5
90eb266139c64486bccf9585006dbcd35c93eb5c,0
d078c7c29f77bb307d7586176b3bb14c40e80b23,2
3dc9e478ad02b78f117b08422b7e86b7b63a4843,0
0d97dec434aead991ec5754385824767d1aae8e4,2
1651ccc0cc483fb8f65b4d2adf0518fb6488fb3b,1
3b1ab845362328802a10c00ef153e80ec13f1c22,1
d84934d8c5bdb7f8298760ce487da4c9c33bc438,4
4ffdbcbd4e062ca9a822d49432ce2618d0006a8a,0
5c8107bcdd49162e0a66138d144db28bb432d72c,1
df7c80335a1d86ef761cc4e7352591a93543b322,0
b014fd1ad22e1ebd9cb3ecf7c77c99bef210dffd,0
443b648863d1104311dfac393bf41761291c3b5b,0
377dfb182f095c8224712115857fb5ba5f15a504,2
b81021f4759a1e3244cef84e30dbb264b6bef936,0
724197454c33c0847cffac50f9bcb6b48b86f5c1,0
058e4465313191bf769e00a347ceccb4fbd1112c,0
110c5dcf230f8fdd5e426f07e5f4e687e76af31f,1
256c25a8431ad0dc66cf47a9be47241f3e66f24c,0
ca30aee9039e2f257d8665f7e0c2d426df8b2d06,1
0733825fb15d3c66515ddf22d3d666cdce6d9aba,0
af3e4d7510e6917dcc396e9f257dd012a600a00e,1
aaaf8fe8dd24cd3899eecce9489447d702d0ab40,0
b360306881533084c0478582a14950e26ada8d8a,0
ce85515428f44f4f10893a762b0e025e72286660,0
764921bdbf5f25dad613ba0bf4026ca9c74e9f57,0
c40c7b589b856e3abcf63c19481979715c88fe52,0
0f2e0525df4b74f2aaf0f0dd197f52211a306319,0
5ae02a361bff9cea7a027b9e891f341f13fb6dfc,0
83037542aa4b2cae54f04cef34778fb570df65de,0
fb34265d75cd1f5a3f4768779947f87c5b1ef270,1
6e343ef2f09bf6c935a67653732b511c32bc46b2,1
2f6c57eadc17ac9b15b493843229f1eae43cfaa2,2
f989bd54355966f1740b386d39fc516ce70af74f,9
6c5a460e65ff406aca5b76a1a767f4e6d5c7c700,0
d1e4237e1ddd89b081c297154bcfd2551c924a4f,1
a664763e6f63796c0f04fac7edc088885975dfb6,1
b5dc228a7a510e964c4637358479b65bc474721f,1
3cbb2f56c6417cdda8ff093b831878868dc01ef3,1
c35736a1405f675b18a554350cead1ec78f38b1f,1
cb4a6dd2dc8033cb849586d0f3f8736257757435,0
5b66810580e7e7afc74c0d12d327025d05967a0e,0
01e9b536cbd49cc08f43ee019ea05711615c4087,1
58eabd21fb15c86d5f8403b3da97e03549c07be2,1
88d12a762a354cc91e6c1016198ab2ca62b0581a,1
bf0ecedf609a0cb1e1daa0ead5c2f3771880976c,0
9bc7aec349ec47bab359357ed38e115fc7af7b44,1
40ba644bb4c7e073f0e082f28f6d982654fe0d42,2
3b8216bdd110fdae6894b75b0380f6b19fbd7cbd,1
37799f70ba078a209ff436e47b2a8be20439c7da,1
1632e5e38a598cff251e43c47f9b6f35d4e60bd7,0
fe3a09bbcfe2866752df01394fbfcb117f1dc80c,1
1d62309d2a29d81d758eca4ecedd3136cacdd465,0
1e9dc851489c4abde5530741136e33d63b6ee5a1,1
cf325ba240b574baab41ed0d5a990827d2fe9cbf,1
018b68a5c47994847794a726c778e1ec0694fccb,0
dde61d8886ac71717f6e8a11793aa77e6e769384,0
0fbfb1bf826a03709bfe7fedd1bdb4c5d49393eb,0
8340ca6e05bd9fce422331b99ab9ae35b4206f23,0
9887555192a69a4865cba72c13d6d73c1b05bf4a,0
105571ec6894bfb2dbb98a2aa1d12c7d0ff42d54,0
68dd5e635ec26cf96dd330de3909a703e7bbdd9f,0
25069ed4e963f94b216dae6ac10aaed5337ccc4f,0
8b52eff2c14dd309b626bee8e0c5e10b47c898ba,0
75b3a68b65c53b1439756ea287158ca1bd63586a,1
e3c88a5120eed5eb334fe15352e450c433d73e97,1
62db9848d3f9ffcfe73e74cc7069fb4fe2b63b64,4
5908fd5cecb257a18e37d55fae55d846c5dcffa8,1
0adbc79571e7aef39378b1c0c59b5cbaa5b1a3a3,1
009186558314b942b0dd1b968eca6a777337b3e1,2
85649a4549bc0a3613f675149997210ad5ab26da,7
1d0fe035f3aeb4af0e686fcb13c9a720248db462,1
e7707aedbc5ec9c5ccb1962a8ba22fa89ebf8095,1
0a8dc0e96b0f96c3ab9c511ef633bbc45872af5d,2
d2fcb3ee56ae28246488cb106c649bc09ab74a89,1
3cd7dbcc45ad83d3fd2325135943546c239d4cc1,0
c13a831ea15a8f1738a9808874d18f2df6213c68,0
2d22902d080b08c65ebdf5f8b3f03529ccd58144,1
ad3b770c1ac53371bcb952c3588c8618785b0fa4,2
2f4a20257c9b43dd76a7b3776dbdd0365960703a,0
1bd0dd04e3da4b50e06abbd1c636992e81c9aee8,0
aacff0d3617ffa3bfb049e3421c5bf5b8b91f9d1,0
8bf3139bc8dfc46499bab3d6cb685c3c9a663b35,2
50b4e86f75c5168336ca75186d2bb1878ad72179,3
2096188ac3a42ac63d8abe98fe17aa1eda9af9ab,3
f9f54019abe2dd4a9eba7d00a08d07adc0fd52e1,2
c51a6f94e01e60984114f0685ff07cfe1585189d,3
89abf07faa311473bcd8982a0028e0ab7900832b,38
17aa67e4ea936293828df8246129636704b8a7b0,1
c7273d521f7215d0d15ac5c53a31730d1e19ee43,0
1fd9a7d476c945fc2088a978ddd37fd3cd2f5b30,1
3f2c771d905313e91c81828938b3434e1dfda50e,0
bcd039aa81688a7af9b29736cb779b88b0ecea90,1
82606354ddb201ac5b303eff430ac21b932b9b86,1
253cf0f427d075183bffe34f88c63dfec370b498,328
32a6451ad8b9fe5c7d7f963b9883ef0584843c39,1
b5417be1096feca9af4f8564bca8b81ceb06c21f,1
f2440452459c7f3aefbdd66dbb84cb30ff86cf63,1
ce517df7029a9e7c8168a1883da7c346ef61aa57,0
2242a842189f8d65b86b63bcec7a84044b07c8e1,2
6e3406d22837fc3c8228cac32106afb2c6270201,0
43c298a7a9674bade1395a75fe54667cdb22fce4,3
4c823224b0df5d8165b6a57f9233ce3d5c34adba,0
d86c3cf43c6ee542d2f47db091b04f633c1fcf46,3
f0cab611dbb5d9707742e7d46118a99da1b7b6ba,2
269a0680324f2607b2e864abaee70290aaf46a3a,1
fae7d08698bf88eb9264dcf46f6722dd7bb1f091,1
512f2a313600b3f0e3c48dfcc4ea9972e8b196a9,9
cd3220d055cee14f9feb6f483d992cce80d03a87,2
86b4b805d25c004e71733dea7d40099f218ef6b4,3
1875ab3bd7862cafa83ea5fd2381b9659aa18192,0
6e6e4e214323c42f949ed86a67551f136fe41365,2
9d11b70436da7f00375075bed9654ff13487c185,0
ea9bffdc48df6693fe996387b4f54e983e88f6d2,0
0de826160ef590fbf2576d69299c8c4640fc9d94,1
3c927901a4dcc4fb4bbfd6bf914a35f8277165db,5
c8d0ca9337211e6cd36f448df28f4f99e5f82591,0
8a32c5395bb51e06819716d02d3e57c44655f917,2
29e7639933e29feaf58bc657e80c47e88716b02b,2
5a1832403043c0a6ccd6988e1804bb988e9e7086,0
07c0eeee99d5d464f33e5d7f0920dc28719ffeeb,1
b7aac49995fa2c2a5590eabe170274c761dc8174,0
09b84faa00485a2299e09146825af137743635de,2
efb6d614135231f286ec3ccf0c46aaf59fb8e37b,0
38192cb5f3e5f55ee7805faef90cf374ba335495,1
aed5ec008a08d00b3c000d9e94f468ab5885c12a,0
cfb98ef682be2ffb75e7d3d741afc721e054e391,3
88b494678fdb4f6625693816a12a678b96f0da11,0
92e14298b008bf591e1f0317a5b53ab812988073,1
9db9842aeabe76f78bfda67fac89b75a531bb0b7,2
e541323741c08ba36f21db0cb803907bae26d2fe,0
1c9a70cee928bb5012c5dd2ec594b0f99ada8b3e,3
2acd3792fcce55fa8aab9bfe6efca85b3d001738,0
8b4c4aa5c3b37da0c28e3edd9bf618febb980f0b,5
ce76843dc3012efbce5e5e77016754ac908c8882,0
ad5c8cbba9f8b61fd4bc6327c7d9d39dc011b611,1
6460709d92ea8ae48ac8d21999a21814fc8eb8e6,1
105bebb466af0bbd9e32d818b5f19db7a9ad1a02,1
97ead2eccb98fa00a67b9b3975956e36eed4e3cc,2
d85411f13afe66be65ad78caf754a968ca56ca92,1
7c7f2d094ef1b7e0ee503c7fa579735f2be251b2,1
e2d703377a6dfecd2bdd8865da438f70e89759c2,1
2715f6ddbf84397a6a89c4d2d1754ba32a15a899,1
39e9b133f3246124798c642ea90585b84c929e2a,2
da6b536182dc31632cff09e54468e6bfbbdef858,2
3a8e36f19ea2852c9d1ee99daf097ed781ac2f38,1
eea3ba5588580b4460b3f27da549bcf52db5aad6,1
1cbcbb0971a88aa211e256f2abaaada7bac78e9d,1
2fa514e88a0da8b470c5a01e210cd4732974fadf,1
b9126ab497aac34f3956867c41a46fcd4c9c6503,0
a33f099547716a7ddee5ed49a7bf181e4093d263,0
21ec6b88c36d0319bf2a16ec757d249ad03c647b,1
e4dc80d3d36168c0f15fd31d6856d6635237d2ec,1
6adbdf42e0829aa52a68ed22e8b13fc78bef1158,0
51070184148d8d225e9354e359a6159885ac6117,0
27d544ac25d73013f1ba39e7905368e84e038694,1
013793bbe9c6c35f57af1bbc57177d327f9b665b,0
a23a5395f94554cfbc9692c098432e5e7e50682d,0
e5b70237c7777429db95f49071855dda095e284f,1
ed6f4a71c5fc26dbcee7da77ae75fa357a2b71c5,1
3161740df9b952f627fd9ad1e132e7eaf723fc0e,2
086ff1644f5ac608bea70ba7f341ef0bfceddda9,0
3ffc9651b1c428ec4e6e6799390660194bcbcdcf,0
357b87b498cf1cd6ad14cd558076a6c1a42cdee8,0
95ad6ec9a181c7da5c83aa4df62b509a5b074514,0
2fa51f89206bc23a4c1f5e39766e33bac6c1dcfb,0
27a7cf9fcff436f1d30451c26db1fe4f8c442c36,1
d3f305332a37fc830cbfd9d8bb9a09c793b526e0,1
b0aeac117f301223903bc90c391000f43c690e96,2
73b380d8d2472699ec3bc69db9e275728579b223,0
fe4930212cdde3859452e43d33c9797c657e1a9d,0
dca9790f421143790c84b91133aab4c695498e25,1
c23376f2e7838572470d3822cd304c2ce7c59c1c,0
dfb98101e4c6481c4a7f82d7ebf58d54882fa84a,1
f1501317ca4bf41ec50382a0359517095e0e8ccf,0
9a5d23d96fb1dd2aebfa783a9d846f4b6e7c0e16,0
303ee6789633525596ff5001bcc212733a0c2c89,0
875950831991f17f8d3ad0fb96ef63d77d5f03f9,1
a65564eef6fdcefcb95470f8332e732b598ff2bd,1
aeaf9b9312fb1eff68ed0ecbf42aca07cb9360f1,1
89f78b0b80522fd63330d2cb31befa79c7a63576,2
b0093a15134c1fd28a862d7489a1fb759cf4e670,2
a3530d1141a44a0c4baff675aa327d8949d79e2a,1
990e770e15c38903288db760549521c12e4ffa43,1
f643f4d67487e0d4ae190e579e9051e90985516f,1
bbe8fbe13d91b521484b529c2ae5f0687b6a9924,0
51c6bd6b72aec22dc16dbbd6a9f37b81850d6fad,0
c8cdd1fc6f01505f3a3cd5e584f8d221610232b8,1
7395dafc1e7c3f84dc4b66384e0726ef0d916a94,1
fad2a60ce6ad364b7da84623cd9a94966ee3e412,1
eecda434fb46ebb858cc467da28ed2e346439dba,1
944ced87c551d9be7761e099dd59e56adb703ac9,2
06709ad60e09b53c2b01a1c87a5d87e47d1c4d70,1
084134d3c782f344c09e55edeca408b9fe5182ad,0
3906f27c460d6752549fbd11826dee34c6f3f3ff,4
8613a74443d8af06a29c907fd4ab83d21b7eac8a,0
a38c90ee84a1045320759708742942e10f873f64,1
a00cec8b7106d798e8581cc5866a89e4ccbae33b,0
1f895844ac7dfded4b484af6e7c233e4fa08717a,0
af8be9013bbc5fc22a74e9cd56c369a17e45d67a,0
0ddee3c7db26466b0c406180295b59cb4c87d5c4,1
272072fa208e6da3ad6ac80f36073b645be6da9e,2
aab61e63c3ab3ff9db143009c8faf9a624abf650,3
6cd85e6008a5b697a161026b722e7e83c0c78c64,2
09af1b90b8b55eafcc3539aa1e8d08c48cee54f7,1
765b2da3d431245e6f8b6e5c9bcfbf706b9e066e,1
881e348eed2a52eb3ad50f27a12763bf012d1605,1
5a332df47e24244a3c2a2d6bb079d8416a9dc0f3,0
040357fd1b4d100bad891e355b27f0fc3b843ce1,0
15d1b8d71985ba1770588bb6e05df3d5c0931c96,1
7325d7102ef119188b9ed0f6bbdb02ba90f00ca6,4
7f76a0e064af5ba6a3762821d3ecad9e4390da05,0
4f3eb6bec89186859000857451e9a00bce222ece,0
fcd8524b6ee36dce954b72067510adf4bf5ec130,1
8c98690e1db5be0f6d4280afac36d36c9fd1e39a,0
8ea5665ee2d6c21289bdf3ef3495c0203856b136,0
8c4377dd63568291fdb62b7b2aeecb14a5982467,1
661e378ce9de8165d64fbff6f28b086f26b7b773,1
fde8c2c310435749b1a3cfd7152c621860e6212e,0
1aa10a5f1822a6385801baaa7025e821f97c1fa6,0
fdce91192eeea86b9e46aef7141c336836ceb047,3
d819c55395e8bd1c2fb61aa0415c9a292b5662dd,4
fd4542f33ae6c1ef9addba7250259bbed520ed86,0
e8291ed728fd13cc1828f834947175a3b6396285,0
465b654d240010a51b855f2f7135b844ec538636,0
88506a80c318f3b2a7b11bbca3751341f4e29580,0
b514d3c87f9fd82d63f74ce9350e6e0388b691bd,0
77df0d689a86ac985baa9e35117ad26d2c4ec6ea,1
cc5f1d475c074f2b49d0628359b80401341e3b0c,0
91759dede6e367a0fb35667bfba0fde29b9a93a0,0
557217fc05ca23b99fdc2b4ecd04ba66f0f3e9f3,0
aee63afccd7585a75fecffd8790db1bb00ac0047,1
d3fcc28e646f204707a950d3b0055c51f9dee6df,0
99f632654451335711baf7c1a900e2cb789a8b4e,1
ea669cb5041f74ad76fbd4912666d7f24011ce52,1
b46a1b6360682d5ecc92cc529fa08dc5bac6c421,3
3cc7626d1f1db3cdd413192399bb72bf8483a0e2,0
174b8d99d5a6524a2173ff699f7b2acc1c74d5d0,4
3b718b816c6d89e1a8d739a92689a8805c76be0d,2
34fd59c3704b830985721d2694706e9d903c9b4a,2
541155ea87217c87130edd401aa5873937804117,0
9fa328e5c87ac39d3ed90d9b0acc4903784a3160,0
73f0ee934519d82599056080227e8db30e411f03,0
f308a8af91a0f7638a48a5e4f8647d1567992df6,1
357e31270aa97cf9cae6cf8da335666af1fcaec6,1
d2d7d186b5aaa208351d0dda35b26b59b6fbebca,1
2ccdf4f36d368dd5b5d24aab05dc54c39e8bf458,1
c00383f286de4b22a48f5cbea4e96938dc55e646,1
60f72a78a98ab7a5a0fcac1ca620c5c40236a96e,0
abba7a0003e8fcfea814d378885a0d2998c22d45,0
b868d668faf59efb14a318ed19acc48f709a818d,0
8212d8d543d534dde330ed982633418b8a063978,1
46bae30573a2f0fd5618c1172e37a1303e3e1377,0
51ae4881ab0fea7f82fcf6d8266a5b53cd17e007,1
498d76fd794b803cdfe0293c8defb4294986c848,1
af9395ac2ec8d9ede37028720af953e56821120b,6
fd42f0d226e48210875481927d8d26a55b23c307,0
96217bf36acad37d7d339dcbffea9e6ec46a176e,0
cf5c3b6610ae747a7f1db1806c221f127827d4af,1
d1c64b9dc4104eee87574f11ac24693870791426,1
5d50819791c97942ca9f86e4dcf1fb433f589980,3
3f455889d06f74509c108fee9c48c5d5b28d2f8e,0
4ddedb3b27ceca639a5fe0db1dc9181c2392a9c7,0
d4ba23bc284e023a82dafee34378ee4bfd7157db,0
bbb424bd2fd3e4c3f65883699a8b32cdc0a1ca0b,0
8f0cee2a14a9f28e4fd9e8ac7784a7700cd83940,5
08263ae66e7b66cd0bc5278b610d9de6571eec8d,0
3b193d1b5fe13223cee5991631a1e48230df9530,0
5bd09d26e2d3cf310182c246129dfb7eb2718d17,1
b45beeffd6b8b2ca980cf61636ccb7b075d3ebd1,1
306588925df929d843bb25fbfb93695e5a1f4afe,1
c43838bb1ee4f787c637f4fc0b91aa4b78e4f56a,1
99f0e44864a248e3487a4e3d9aad5a5f07f3d447,2
66e386913897d9f45762e227161d53e8323b1c5b,1
2f2459c0db59bb9cf009101c57a0c65550f41b7d,1
8c5675c29060b5a4f826b2101ca2ff9ed1308d75,1
a466c8ef6819fc4fcc66bc1bcdb268392248f273,0
0f7393a13e44958ed60371936c0bd2f699d1a137,1
c4fbb44d6d42b84137a89ab7aa5ab7143116184d,1
ad2c6488c7720e83febce85c43e711b83a2ca8c6,1
c9c83a4560e8c8d772e13cc0e7312df806fac467,1
ab0d3c4fb3c408fcb91e97ee5eb2417129cbb5d0,2
477b6fa1df30d1ff6021df103d5bb5efef31ee4a,3
831fc2a95257d58cddd458d19e57065745fd4024,2
7dcd350941fa139ecab43b7f49c99d3e565849df,1
c31bb2b7ad934a0ed4485ebad5376924bb336efe,1
46f5bea19f1cc2f6f96a0bb3d24b6ff13a0eb32a,1
d16a770855fc6faef8e73470c81e610dd5ab3d4d,1
71bb3a81334e2948caa4fade4b61f28aec0d60f9,1
9b7d87e885d8add20cae536e26d8d0317e1dea1f,1
816f0a678a0bf765f4f624f21e31e99d51ceaf19,0
6e433985094874f3c3fbf70becd577b8ea2115eb,1
d6c5c503d4d72a6d08314967f2996e83d1b05f4d,1
15d6116188906819ed6056d9405cfe6cbfd3cc87,0
0b9ecf38242bb4847d15e3c341114d6f25101a27,1
b5ba5c1465bf73df98882c51e89b117ca8cc48d6,0
78e7654601f93638f32fed52b6b2d9bdb20845d7,1
3f6d44d40b00fe0636c31a24feb00441ea748dd3,1
363dc2f0e885cf9d14e77d1a1a900fb923bd2266,0
5f797ca29f10f3d345d8d7415e39884dbecc514b,1
1a6d21bb607d19ae2db25024a4bbf0ddb9422463,0
0778f5f028b3dc811b431702a5aba1aab11796e5,1
54bab3e0d031e8286708f0df546cc624b4a7956d,0
b18b40feff1f1ffe9e82cd5a5ba74847303822e3,0
bdd0211aeb336f8453155cbf2a0ce24819a7ec96,2
c8e5a82d49b7365f3dc1956535ce590dc47637e0,1
f64592e3628e5df9b46439bb48cefca597fae499,1
ac74f45dc0659f271b8a1d45252b0e10bd20afaf,0
8ebcc9dc3a255b718d96be9132c228c517eaadbd,0
19530c99459b0db67975a66a5dc70e22e994c472,1
6f76066ab3cf386e50777fb4a612dd39b25cc62b,0
8b67f6f3e89666cafe3b0cadc92e3ece2378a4ed,1
36086d3ca4830a7c05bcceaac98c8369a6abbcf1,1
1781031f2dc1a710a9f8507dd10d16c41e3c6a92,2
d485988becdc5e70e2913f3f629cc9dd825a7f28,1
8a1fd2536340d2282c2371df7d42d0d08fba3cd1,1
5097c57d3a02be43dfdf79f3ecb8821644682270,1
b819fc53caf66bd4610dc05301c8b9fbe39ced98,9
e1ae7952ebff25094196f93baa6b53c2c12193f7,0
1cc9212c059c4e76a1dae269a600cf7a84919a22,0
a5f53f0cf31fe8650ea25e274ee6b206ff01d930,2
c2b3e88787c00476d00ec897d9337d80183d93f8,1
8d162e5bd75ef221dc79a5cf79f9db3185345591,4
430dcb65a7a8a34f3fdd6971e35678782abee4ea,0
3ec0d110bdcd00e4583537eee2b299eae4caa19a,0
f303129fb62159caefa8d151b56c7a2194a65fb5,1
b2c11ba980f3004550ab7317c849e029370682b1,1
a864d9d4abf1b4f3b024ff4cfd5f487dfa78b0a4,0
28aca76c4d6fcc59e5c26cb04fb29e202b33da67,87
61059385a3b5765fcf1c52ba39877b52fe748c47,0
856edfcc0d844800b887b3b2eaca78ac337656af,3
0d81ae77bccc40984dcba00d640a83d97889d11b,0
84df13f7d171cbd3a44ea7759bda93eff7b6c635,0
4c7e9502ad98d7c0bae980d26db553ae47f35dfe,0
652a0f6b5a56448bb867be457a34a6a9c3c54b03,0
96a0cdc5413b1e04c5f17ef5c2fbeeb714e1fb5b,0
d24df7af2cd7a9fcf7ae4c28c399e6cb31b2ebb5,4
f0b8d5ba3d25328f79eb5b3830f64771eb90e23a,1
50f44d92490b1a39d471a01333a2a12e90023eda,1
f5b5dd8038c806efadc24de6ed85bbcd189f2e0b,1
76cf07c3f75708316f128f52d904115358cb8b23,1
476c7193d843d78c4b234d187238a9bf1fb47282,1
adbf226de169e33d3a4b1c8dc37840cb3ec9ceeb,0
5bf73b86ff70f55b5ca57240d61bac5331e663e9,1
9b2576e5deca655b4a5e65faf6eddb2e9b3ea979,0
f08bb8bb6a587b326222af9b678dae3922619493,1
b1f8f492c6908c62604833c4062e101f2490ebd6,1
8a5eaa3c9b53548337306f34077d27aed0a69391,1
61a7256d42b7c8bc718f5ac137d88b9b62646f28,1
c724c762a2db08b18a78c248cd35fcf553a5d316,0
fdac8f6cece835664bb97ff2f53d8fba74e37fc7,1
05932e445883c4fdf5620f90d503a3745639ffbc,5
7216583b8be5617ecde6aaee4d209f6510baebed,1
e8e0697e4897f3542fb7894d2df5c275602ab88a,1
75f39fadfc2ae925ce6e1b0ac3fba56b05f2e3c9,1
df194f75e1e4377d047e838edbc2dbfc08853c5e,4
380144c20faaf495d1967591d03885619bd0baf3,3
89a304fd9831bfc66bd23ef2e708e3887f2bdbf1,0
6ae7f7870d8ff09d99fdf7ed1dc64a6f727020ce,0
17d6d965dce2cda2ede4ef78a9885a4bf37716c1,1
8f195844dd536e06b0192d729eee8722544d888e,0
ce8b9c4fc525e6b65eb62780f2371d097d3311aa,1
000b710c5fa2390c0062d5d497f3349c35beb2da,0
8e48e24c7f1b819a5417a3d37469ed93eea40ceb,2
46d2443c7d02b38a8bb07a908ac2296dd595eefe,0
eed053dffbcd8ad9a5c4b22e53e74a6f34aebdfb,1
3e568efe67737ee7ec41e693d1a432e16f20c9c9,0
8349fc89a4a80ce1ce7b1016c002f70285fad330,1
da2a6f9a312dd7cae3fb450784630a6051d7bbdf,1
532289e851b58aef0cb39cdeeb0e3f827736bd73,0
d29615dc0c82f02df2f91b8e0a4d4e20e85f2e60,1
5bde7fcb28601eda609611f2590f3f056c8e4b34,2
20faff59353fff7af843cfd624d79c7e17e1ce94,1
e5d3044801a5c248386380fca188f56ebbea45c5,2
b7eadb9f37971a9a2cb0b55a3cca0d013d4e6351,1
e016a720f41ca91ee88718684a11efe1073a188f,0
e8786bf110b940f145e9789c09d2284118c0b5d5,2
cc2925b70527728009a863c976017f0eeb42fe9b,4
b64661070ed15cefa12f34bf8e9dc7d4661fa8ed,4
5c44f6c434073180b10859d24bcec45e64b98fcd,3
b33375d438aa300bd705eb0d2fb16dd8e287221a,4
35905ea4f971c653a3251a7e0d8399c488adbaca,1
ad588e8990527db0bc06fd46f5d5f884beda36eb,1
a94e58876522bc0f8cb856f91c5609722ffb08df,2
69af392554718a14cceef2d9271a6b461dac58a4,2
48a185d0044336eb71663f9271d9e9f7f4515120,3
24d1f480b6e0f542437501a0666e524fd2607b45,0
95b41413e6d18049c6ba97fd98a4450c18918ff5,0
59b96e323eaefe1930acc1582cd9443b0174b430,0
2433ee6fc8e561dc2a6e80d485d98391815f7066,0
3455a2bac2625eef389647b2b08d1552a8f9a371,0
ec1cf6e7f8c2d460a8e73df577b54d3e0480cd3f,0
dc887ef99baa7179852ad534963ba9513e293849,1
c244eb860c0d3b6bfd3f9269bc370b9761e03417,1
7b556d2e96b3ac9504c74951b9e795c5dd1fa91b,2
a5e8575829ef6fb7db37ba921627c7d76d8e0bc3,2
cab84e0e5bf403121dc7ba0fe90fd518993ad514,1
5b3f60ea2e15bd2b37d3f94052da084f5e0a8178,3
62d0b79023a4a700057583a568ab6615a47602e7,1
c184f808f7b08ae2014edd969399261a661e95d8,0
c886f5cb132320341f8997f1708dc2d207fd0c7a,1
b5a964fcc54ecfe8badeae120282037a7692852e,11
4382068f92c4bcafa8a0459e95703aaa67906234,0
f9412031725192c2a7c1b7709d72f01bf76b765e,2
47854ff5cee760db84c7798e00d6ea935cf30b28,0
c79e3967b317375d3bb7ce47a335024c0c94f9bb,1
5b8b939a1f13c62955388f3373e96aa9deaf2454,1
d69822ed51cfe36ffcbba555b90d010e9685dd3e,1
2fb2a0a1196577201e5365a82e8103d014e5b2e8,0
39d88bcccbfdf57b868ba111c36ab1464735a842,2
ab965376ff70b3f80b180a47db67ee6dea33d5a6,3
b2cc27e5ea89510f0ff845827677652141f55a02,1
8a08cca0f2c16d6863bacefa41966cee17ee5b26,4
667d278f54aad426316775807e558c9dcc187c90,1
bf27e79e7498b48c945807091aa4be98da749453,1
87e28c059980bcf85633cc1f5ccfdf0b3a6d088d,2
24c6b2ab351be26d0993fee505bc98fc623fd488,0
6a803ba9c5377152cd5b4162bed09ab1240c9bdc,0
457d8a0acb16bd88c77ba99ee9917628b0597760,0
6f85a8c7aa95474c653e326a3727e252d280d057,2
dd3086d3f22337fd144672b85344d40777073ade,3
7fad13a1e2cc35e577420801cd82e5feaa5d9c27,2
73c82e7ad8ae286786f8a4d944a29ef0056c0966,1
b832f5b9f638060bf642a56fe38aca881ebc679b,3
c38b0855c87639d0d2a16cb39649b2461158ee34,1
d147a057ac75e52421c8d277655e2e48ca0376a3,6
bca353cc126a5f189ebd9c9e3e0e284f3bb23747,1
253dfc4bc139d9cfc170ce0c829716e81c81bbe8,12
1bda6bf8627d9df1414c3c7660b794dca2b81271,0
c80aac1518cd57a1aa1fc5298ada8c7825c74200,0
314fd13c39e1a5420adfbc9127339da80a1039aa,1
4f7c6dfe35faf351214e8d31a99fa61a9d95603b,1
57173739a16c5bcb7b1e420f1a0ed4c60c3608f6,1
0dca49a7c07721904922394f38ebaa8094c0aa45,2
d8c2c810b49d43ecba84b3226c20a62900b34df9,1
9bc88f8bab9cd0c444c8a6248e2ad486125f4713,2
3ca1ca686941944402438bd8bc03b1b810388fc8,1
97b0da0c2e33270ea56e7c801ce5c15b0c4d0a2f,1
61db046b3285c56dea66e658d9b8530debaf63a1,4
77df2ab0e7e6253d2e1d975c76a9876ec46bd96b,1
ed1ab42186fd8631456e4d7c6b572bf0a2d124f7,3
f4a59e4ce5987fafb1a4e849bc7fbcbb8d3bc920,3
7ee275b620fa055bb2b7516cf302ac3e531438ac,3
6a1e980c6d938d1d1b1c269544acb7ed8b3d7eb5,0
20076a8bd335a5b278760925aa82e2efc040145a,0
3626b5ad8b7b3f73547383faa8887e2afa4ca3bb,3
bf7007d02fe02fa1d78ab50cbc68a3debf6bcfa9,1
f17506c504ee371c76de2ab717c04eec8d5faa35,1
59e36f1d27b07cfa4278791d3e0a5b134e33f45e,0
acd8619809a11c793e7246787148ac5e7a81357a,1
7c35be7fd8e12c9b92dd26f0b72fdc42745aa2fc,0
595580556c947914d8802be73b907a6aa58fb5d7,1
88dfeefca3c47158e634998c2ed96a21a6b04f50,1
5350faf2a24399815b4e14fe689dbf0a10fc721d,0
7016cc951186d876e7812cbeb945f5d27b125fb7,4
d78db12abd9a367644914f8f0c78e688616a4092,0
3b315b3da0464efd39e1f5a379eaeba601c4871f,4
f26f26b7bdb493d65c62ea7c195c2e140b26b252,1
a447e76fdfecc18a5a93a8be9e99a0560c9cfbe7,1
f8d173bd0b7e00452494dc407b076f3faeab3e2a,0
9aa22290775a198db33fff4ffd0e14736f898540,3
aa6c58ad3781c442beff9b3fd1774cb882382456,0
221286c10a9d8b29487cb8d4b70b9b13826e7d89,1
9547fb9dfb12152e620fdc03b48c563028c3d5fc,5
62aab66299cc7942a9b3559474eeba7047528bcd,0
d7b1a8ba3360c9974eb2b2768e5d15a02f162227,38
53614e51442adaa6f254f8323e2fc0449e9b63dd,1
b42d24e31ef0060659236da1787bee87682fa68b,1
07f029c2d5c574b09a654df71d5fc2510d400782,0
b0c8120fcc5d107b808bd7f85252c9235bd432b7,1
a54fe2d73c04918cca9d86ff1119cc9d89d69dcc,0
7ea63d08df7f823a6c1f390b5ce73bd7ba899050,0
4187b637a58e5849100f474265c68f33be5edc3e,0
07e7de3600efb61aa03af723f5a37996d23f064e,0
c0c4c97db6fe92b61f0a169a9c96c0025cc4af07,1
2ca983568d5cc658ba00ec0b92d5fd31455c0364,4
3700f688f5eb62843c2dba02fdeffeecf92bd1e4,2
a504c883468829d487f63a048996fe0db037daf2,1
c6cb93d38cfa2b1075f7a34d95d2c6858ea3f9e2,0
394ed08f8807979aaf7b1fd53939c84ecfa345d9,2
9bf1cf1b22aa53b6b441854a6b17c0d58b470993,2
4623e78ce0739437301b8e9944dbc761cad1f246,2
d7f384f680479ab3e901196395d2ebf9bb584117,1
abc8320a689d567795bbf177352a2e86785af66e,1
f4c3135c6da8d88776218c2257962d46d09d5e97,1
aae42c68f94653b44c8ece27aa89a35152d7e4e3,1
4d435c38a64447209fe229aac7c0ff1af49cb4b2,1
6c42a3a33969bc55a32998c489c78bc522b3f773,1
376d8af2c8f2eb53583c9689f2871256f32a7e7f,1
434b6a05c1193ec4d08a76b193c5f408f28cf090,0
bdc26211193f1a087a9bdd84b075eb3dab5a4233,0
6965bd4e1597ed666b00e81906c3a1587ad6a211,0
a55b33e613cc129813d686e9b4463270396e13c0,0
8b343515371e5928b7ced597d134931005986296,0
735e556724b3ba97b445e7d6ba8e1f79a66f02e9,0
d80aecda0a8dea4e15c15bb221fe9508cc355a63,1
be2dea1dc622f9057af23e0510da773c2fc81663,1
55c287a69e7a3fb38220328b5eb938999af1d1d4,3
1902d339b0d5e9fef5fdc31456d852fa3ea436bb,1
eb23a68e92e5bf571287961a435a9edf23121ee0,1
7ced55b97c02f3be3338334f930691db8a20b91e,0
e019197b32ecf29a0ca273d3d05a6d9e58af6d5b,49
1561c6df51affaf20ff62d4567f5fc2ca510b802,0
374bc99fa3873efd49346128fb127c1aee5862f2,1
ab624eac2afc7a837b915e459f2e9c85ed70200a,2
52f79ffeca9286ece0ed59700bf4b75c57232397,2
b9d7ccf1cd63ebe2dee3023af0c0a1c97a85cad8,0
c323fced9a6890eeb6a885f4d9ff3f5e1d3cb3f5,0
d4d154072780c1aac7fda877564835c2f3ed82dc,1
01ed99143c1468afa5980708536738c5f96a8035,1
e578f988d3a0c167947ba33a7207cc724c9a8a4e,0
76841450c83ed013d1d2fc3f8b8ac8e09d95b75f,1
44f327d7380cbcac042bf6be2b23129595146dfa,1
326d2db025752335a67605bc80b33cc4cfd25e20,1
2cb716f513dcd16c43cc97a6454876de87d7b0ec,1
34da3a0a3ff8998d149be645f8081af7ea0e0981,0
18199ff96061b1977727c87762d14bf17dc47d2a,0
a105e100753832a324b8369607e635b46edc5300,0
fb5334f42823053e63ae5126e043daa965b37aa4,1
c5bf8298d3b65b1ed2a93aa91baacafe33bb1950,0
c3568398b5d48df7794162e9dc4862cc0a4f36e5,1
96a773fa48cc4757e545da70edc11f0bc9ccd7ce,0
39cd3dbdbe28151566e0a8c76073185217c8a900,2
fb20ceabcedb283df6957ae5f4be818971c143a4,1
d01ee7e7b5e403d290e45d6507c85133437da488,3
d7390e13d90f61d9efa4c6bb774d902ebf35d5fa,5
f3aa2a48e7b6c03f702cad717a1e656ff569fb11,1
460751503e4e7ec48151312d7fd1f02049f4e32a,2
5ab872de1f49f560c4f2400b31674181d852ea8b,0
9da94c247afc8805e4edd467937fb894436f3172,1
59004023fdbc144c05100769af87779a665ddd20,1
461dad6e05d51a2582f4e6f2d0b13f959a2b18ba,3
c4a20779516619048311e503699020d5cd73e029,4
8a2a3ef91d8da37e6d1e3313a3111be79737f25e,0
6397b3339cd0c17b1137d9a7ee141add8cea2594,1
cdaaad3df1d3f56a70a1d015126072d3c1c1e999,0
e3bdefd873146e244586ed63ccd04d97d98db0e2,1
a5be0c52c6eade234253d26991b87f7f3e43460b,2
e73611f5fa662376b6de74486d0e2a9d18e48060,0
e509cdbeb020a5d47ede81ead6767c9a747adbe6,7
99b7e926e7704d74c0a0ea9f4112bc04e5b730e4,4
68be33b1fcba37201f3e1e25d0d5c591f33c0fd2,1
acb3271c9a2b4b74a1c6509971b84e69ea4790c2,0
61fe430d4f1899ca659ebe35ea850c0e4ad97d8d,1
d77f5ee722596a818b4e92f536e5a3a20afac528,0
fde17d572026fd82708c56d8ce8dd902c4eefc84,1
aa65c20d1fae84f0312e473396590e7e2131949f,1
ecf3ab5de457df5d73141ecd8a98cc528cccc3b4,1
2daa85918ef297105bea73d006446339587eee8e,0
2015989f84918810be615deb57ad3baf9f66c203,2
1c86adc760cab0a8f07463a345b4e6b5125a946f,0
648d45cfb2e399ec5581308e06def9ea6dacccf9,1
171719f18cd71f7ac9d9885d49fb8c5d73fa98cf,0
b519af4f05a6b1f131dd56496351fc64752d74fa,1
7d03c52511ed599c494163099966d891e225d666,1
312b4aa7c26ce7f67e914bb7556ffbb72264ea0b,0
02dee80fa58cd35efb95e89e98320c0a5efb4580,2
73569d891fe8bc61c9682fca7c54d4d638cdc11a,0
47dc70e3ec72d5af86ac52e580ee7cf7ccaf0221,1
1d258903bbf2cb49a4a9999ad45e5ba4929ae873,1
e34c9981abd4ba8d5bbfa7959a6ee71dac9f22da,1
26a441fc7d8389cc8506e4df9c514a83c897878e,1
ac975ed8c2050f17222332d04c00bb2ec3f17f2f,0
58d12aad73441df27d15abe53b6efb031ace0ea7,0
caa848f943d03eba117687f34d6b0d5d897a23ad,1
7ad12be763c842b4bf8e1a1da955ee3ac26f167d,0
408169aef4cd898f9238d50ff8d24d971c8dd84a,0
bd96d22bfb116cf6199cad2cf8a3278f81572a42,0
73f21cd5d6dc2516d3980d814568ddbd7f7f0a07,1
6f4a6e531ce806cd2643767b955bac492efa9404,0
01edf22a10a1ab9213f99ec3aa16edc903b9e1b2,1
ff6fa09ecf188272761f8d4a08df9749a70c1d7e,3
c8dcc7c208d7285c5f7e44b51d2a185a5f87e035,4
8b0d82e9db8fa74776757ff9e6ff1cddadb9fa81,1
1e05d192ab771f7ab0280a6591b69ae8c466cc0d,1
373f3ecab3ea9cb18d83d1899e7ff33cd515b0eb,0
e36d31a3b7b699324d38d4b6d60d9e8ec638c114,0
f295712008385970334f64006b1a39b9efbb103e,1
5c70c785f54bdd593a0996c68c8b3ab36b6dc270,0
69b02031caadb3207ea0e5de8edc648025f7f566,1
2ca6c5fbd75e35b026de24c57e7bab138df4e192,1
6a81291c570c356dc0a4154d75efc204cf9f6b04,0
15b1b896e8038f8b01a2dc70c9e1e2c133e1e5a7,0
c1cb5977eeb1c59c87479146c6aa27847ccce96e,1
8a5bd8a8088d7083030ebf6c016e577ccaac543e,1
3dea417c2537a92cf25a6a2f20584d9148ec5a8d,0
c1d7cf939e1da2d0e47ed2f7d45036485a2747cf,1
4c7d1436e9bef2c8fed5c84ec20912c09d07e82c,1
6588933c04783b09432aa7bf57dcc33d02f77844,1
5dabc95409b0cb011a3cc3d84772c43e39973808,22
a733537ddd9667d57cbff5bdf2818ab4241ff2da,3
f4f30c9d6458b9851142f0d0b2f37acbff0d155a,2
79374f0b938402fa64cdb747478f052ff72277d9,0
1520de00935c2ee3e535c0e286fa73d6786677dd,0
da05b3ba94b9aa688dff2f6de5cef2d3c3c2211c,2
4b19c8552e0137fc671cacec961553107d9e32ad,0
971ec3513575d32d56b684a71be5739139d5e743,3
4de419e26ed3509bc00f627e57b08af800b1181e,1
a0729f0c3aeacaf8db266642038a3977df3f31da,1
5090c56651bf18ea45a7453f5fccfe6a09d13062,5
16b9239a26088ac682a1c3683542f36a4ab573ed,1
a964b3cf3dc981b300ccce8933758331e948941e,0
34fb4831a265a7ba344af11da0241eb0ed150fe6,0
e8572c523999944b3fe66d24640110e660bc593e,1
7ee70c2248cfeb979dcb9c6d93ef0fd58fceec7a,1
b78fa6bb709f39fa28b7360efc0df2ed38d05902,3
9be61cdc02eca3bf0498d5a6d4c9b058bb617f3c,4
7231a20dbad724dc5d6eb29e3eb0cdbfc9c80bf7,1
7296de34cb0134140005241848a4f12758d39856,0
e2ff536b0316bd701ce5712fdbd7e3a69efdffff,1
df776f36a4928ac9080a5a74b8a340a6a4814eb3,0
40eb07bad4fefb72b940f736e6d7b8606cc6afe0,7
440cf2bc1097aee4045337f83d98b97eee1846b2,0
bd33cf4a9fec458f98d940bfb572cd893630e5ca,2
567291e7347a2545650d9f98a79427dddab8cd22,0
68f9f2521ea0f1f6d3cbef67a44d000aa23870fa,0
8d80cbbf4c7328b9f79c1c8d046d0427c8f7a9ed,1
273502a172e35c570a8047020604068e2ca93ae9,0
98d0d4819107fe05dde5561efd652d56f676e688,1
bbe67fca5a24f21fe4774b5a7e3b6a908b4b1962,1
9eeb711c965398273aefa62f163547d4ac1d6c1d,0
424101110c2d3907722bbabef0b4ceb2178b3553,1
b2eeebd9c37246e182aa86a3c1e1748ee23d9a5d,0
0d4a9444c4be98f30ec2747f792b6aea1b1c6f9c,0
86cce025f4c771ee085eea855220ba39147798c3,1
1a18a487f972880ef64e7787f99d6276f16291a9,0
03141a5ef4bd6d57c82116814c8d41dc08b288c0,1
28ada096e2759dc8bfc617fe1296f9a5c0c3d757,2
4121311b9d13dc2d0c26f4b4c767c6b6952029c3,1
dfa549f268a70c03cc86af5d6fadb26a8051bad5,0
64360164ada1d301c0659b0beae37f152c7ee390,0
86405cdd11625c941abe7b3d9a4bbbf2763cc2df,0
6c45c3f4e70d3d9e71d03bba73bb85136238415f,1
96624f0f3174363fc740a125480f6f72042cc963,1
dc59f07d240119f3031dc905b21232f581f3e11b,4
b668cb051693758a9b1919fbb162ef298bb3d704,2
95dff34b734d3b43857ab6b3feaa95a8e5b97fea,1
4cc6f9f6de05278f76968de331645512590d9615,1
61a48cc6626e3b49a56f379ffbb7980adc7e710b,1
9cc15876be8e2a584fd5ceeee48a751bbda25657,1
c9cf2174dd7af96e15bfa0a82e30f2877fa46acd,0
bd2cd4903e5daedcfebc06b90e7c0e2cf05e5eaa,6
37f3199df3ad8607caf5cb71158092e28cfce594,1
fbd899a37d2ec36a37119bcbbd3fdde4b3e4b649,5
29bb8d7d4fec14f7f90181380ae3e92706404d70,1
015d0594b01c42a43be446e3ef2311e5ede845a1,1
90664d20a4fc8f361c60a7ec37eadc76e4f6303b,0
2739c26c4f15e7b0c4b936165371dd8c579df241,4
6fb9573157bc95df20e7649e32f0d9d1edec5a9a,4
594193c90869c049b75f4132599f36037d25d4bc,0
1fa61c297ef340c08a87dbcb5dd2abfc52ab747a,1
b27a59f41ecdad900bcdffa955a4f55814bec13e,4
2c0fa34c9e931326647567d526d4fd598c2f2320,0
a65a26d6b45ba871100fef096ca9a2ee598e6804,1
db2f157a222c0fbffb274a2f9c27f89858f51234,1
a5cd582665d7df9213d3ca18215c875c668f3a1b,2
e3bc420daa1dbb1953c6a6f756d12535272e055a,0
fc4ab051571925e3d6668a66c3daaa8791cf1672,1
0ef54f2f85609fbdad384ac6111899a385ea5f6e,2
a200521eab03a43bb213f1ec17191f5fc531ff5a,15
727aa2a051e22138429cc5fd4485aea9e4254b51,0
1a397825f9eed334e809725ee5fb103bf39643c9,1
289c02eda492ca0d2db860256fd58a9cf4232ad9,1
d5ad7a0814aff16b371fbe2c75ff54d66fd9572d,3
c3cdaceab3e5d5555f673773cdcbedc47f6b5e6e,0
1c127217df70ba25d0eb611688063c245fb2c36d,1
7f57f28ccc2c5ea7965aa53a8d137b87d506e9be,3
788d62bcc47a97b8c35dcffd1616525d419397e1,0
4f96ad56212901f5fdd23d4aa7d27908d92a999d,0
d71f1e9bf64cfc5b80b8f9eac5ae433d7a5b138e,2
db5bb8546d1e95babc1299b447f9310a0972349c,0
4b2ece159bd087296845cb63a2889fb275bba444,0
d5ee2a5a62bedd40d69803706b843831b6c93c62,1
7ac6d7f78e0bf98014072188f1f792c720db35f0,1
13596e872238ba7ab2f072df2b056c2e6940bda6,2
3a6abe1d6e152ca48cb719e02e5e5ecdbd73b338,4
16afbf9bfa3ca362b454b4f35c8897327f5bbd8c,1
c83863d5d6a7c7a1a202b2c19b9256472b7eb4ac,113
34bca48b986db0275c8e5f0e3ea409c261da763f,0
ac52dcc174e95c6ad8b46725530d2bf6c2ac8f50,1
84920e9c5844b3848b19f4ce25e054e55b8607bd,0
31bb3fb2974f299008da92b4c781ba24163c3373,1
c80a78bb704604e568a9931f2d6f1c80c2395e35,1
5d5909fc2532d9ebb3bbe0f54341ea5046baff5c,1
93f0463b2125f2926bba4655545ccda084e4cd9a,9
1f74ef4157dfba1a43b6a279a88cf00f1c90d6b3,0
4fa2260a59e895bea57553bd60b1d903cada177b,1
038d40525400a655bfcc5230399b663025e7351c,1
2438b34df9d3dbf1caf39266ed342beab2629e08,0
443aaa30bf5f66a91344331f3dee64cd44464a19,1
7f622467fc0665bca56fc1604293841eb2e97fa5,0
86867928acea1c39cdbfcbb9d5fccdadbe3a2204,0
9a38cad6f04071db8b749ead25039633e451df24,0
7a5c474d91435de2368219958bd15982ba27a672,1
4e448b700a96ff8de0360439326e1f03c0788042,0
fa58be3cb8375357aafb376a11c164345c6ae2b9,0
9f2862ce489271f0e5dbd00f06e4e9bfb670af26,0
9fb8bd56854b49864ea44406d1b1ff213f843375,0
aa816ee81c5119dadd595aa02e0d63056877b288,0
0d075378d500dedf46877fceaf27c9d46f0f31ad,2
9a1c90471f630a3011622fed25959b9e197e1ea2,1
1a0f8898035185277e2c4dfbf084dd7a989d6ed1,1
9322c408c68bc7c5edd88bf674f9f85fa0d2ffc5,3
fd5b7e0cec6f03a744876ebd48b0845072fc3564,2
e5a853a3d01732633b99156b3466013a1b4016c7,1
72419f69a91b13faab3c62dd62a918a6f5e3fc23,1
91bea433328568e6da2659141a37a926689aa9b4,1
d2b00fe48627eb9b5c3b78720c3faa83cbc69e6a,1
6c66cae6949af5070aeb4833b7fefcd2b346181d,1
f3e0e5184d70e30a3aec6c276121d26d072cba14,1
5d3862f9d11e1d6b95bfd0607a3d453faeb51d4d,1
0b320f75e9ac335389ac8ccf64ae34c7173e51b3,1
5f1cd701220f3eaaa1444655f8a67602ca10c8bc,1
a49c09a776ba2eec345cd00b3d66086a2c7361c7,2
26d88631118e63f02376aa663100698579a664bc,1
4a141a694f594d2177ea1db98fd8e9a9ccc5de5a,1
83c790a020154c5d736059f08012765557ac1999,1
c28e71a1bf00c6a97911815308cc04a0c133778a,1
ee8feb9dee7b5c773c7c0068a7c3493eb525802f,2
c8e2f440875e15d2aee955014d7937870527015f,113
741742369143deeba3bcefef151173243f84ba30,0
590225be2594e9d107ada8c40430308f09070a2a,0
a0e41c09700f4c77fb372ef816921593c679d9bb,0
233df9cca074bc2f159626621f5efaa991cbc909,1
bb0de75a92813af47fab4256c2c881d20eea8b79,1
7c47e7162d725c61764e43e2817878f55cecdd2a,1
af78d0cbfae1dbf2c5d37a363603d3411a8c02e0,1
9a78f321a4f04f7c59e4d2bdcddaa3795bf39dcc,1
5de25ccd20bb0bc26d6345c08148f7d12ee00cde,1
d6ce63c49c0f9d5bd5e3ee59e85a793fdb46721f,0
f036be7c4ed204cc13042724ea46872465998ae5,1
07e11c7cf56857dda097f8e99cc7b631d5e5484e,2
92782f9252091558027dc9313311d674dad3389f,1
6a61a3c0b4365d4d0887dbbff94d38e452cbe4c7,1
f0aee4101a21ed2607e6e2d43622252f78b42818,1
aba67e244922d8c71e26a215c06752c36743ae37,2
6504e96165b528b15cf28a09b958290c4dd22939,1
86bf911139b0b3280809f3070bac7157803663ae,3
7bad72359c5f2c78096810fffbf809bb8c30b58b,3
1daf2f325668385a6ea527c770e8f6e663d2a425,2
f1263d3f88621e115a842184ba5bf7a9a1911c67,2
140e095c6ec6f96e8b2f4013361aacde306dd280,1
b2c1c64fb104906886c17c44fda5e8906b4a9258,1
ceb5ee38af334903120ade114b028f452f2107ab,1
8efd4cfd730ecf9a1b1b975461b46e13839c1b07,1
b3ebb71704dcba61d3f1f2c7e5dcc306ff2fcb9c,0
372e12f83f53704abc002c681c85b08383347c7b,4
6beb42cdf65971aeca93868305ed93ae6ed732eb,4
f991bf23b2a5186441fdc0a163120ca0ed92e91c,6
5bfba7720e4823f1308f65da3b54c25a5de36662,7
a069d30a4b3aef1638bd7010a6f6c0d5c03d8054,1
839bef6d5d436055c6cef051b6b32a84bd18d05a,2
1292d735baa8106996d7c2b545e0f4470624375d,7
4eb81a69e668f0b9d7b64c837390eb1b1f9004e4,1
3e9cd334a4354478e04f663693ef8eaa8db7a94a,0
67710df9f3ac7921502f0444f4cc5621fbd645ce,4
b6209c86dd0890970a9bb041755a74dc88d62a0a,2
2b567d1df55b9762f79736df7c9eb9f64e22cc73,2
06272f463d523a914a972e9b5ec1ef687c3f41c7,1
83e33bdd266e16ffaa322e664f67fdda3471f197,2
de3dec72159cf3adde73763b776936ae1df5774d,1
73d41c10b901bfc84a58d564eee54703550decab,0
63da4dc59a78909ad214077bb46d555ed2e49f32,0
7eb9811958fec97142ceb753dab0c40525cdca50,0
82e28851bde1baf6b60d28d11c15847bffc17e40,1
aed5965ad868ed4d4e28d52440b1883c6723ee37,1
d360846dd4ca59cb65cb0001a7137fb8760be842,1
2f60e324dc4ab646b69adcf4d312a39d9ce0640d,1
5e2abfcdcdf28a9f46d93207cbb1882b779ee0e7,0
fa5c45f515d75f88b3e513e5eeeca735d87ed155,0
a0d4e8e78e966a07605b5c18777c539c50e2dcae,1
bbf0cc13790f56ac8c5ce7ba741d08b1b6278f34,1
c8f1fbd9d898bb00dc32a7346edeec55348ceed3,1
be91fb9b476ff43731a18b296c0814dcf1632265,0
71ddb8dc60ca48008772ef130c97b5d1aba1055e,1
d2c547c407f72f55a855bc82d30721549d27d42f,1
70871715e46770637623d2ab9488694c5e63f434,3
49b2ddc8c1972735f22fc98804a2cc1f5924ba7a,2
f8876a79584c0e3e954fa0ea4a5ae4eb97d6c013,0
18fcc367d28da709cfdafef35d14861ea721def4,0
6b78edf7c5e47d1115b75e5efa6da5ae0e4eb649,0
19ce90fe02c15060724f5640dd0bb4ca6b8b6887,1
00fed0a7038bbd7acaf7808ffbcd616ec154d963,1
e06d820909e5512327dd125e22c7f32e4010dc49,1
01541ee64ca1239c9bfa593c54085ae78e0b78ec,1
f24f02e21231ac83da33d799fb44f3a3e0361155,1
12c41423ad2d6e2c9ab10fe24261ee210fb98de7,1
0995eaa492feffee821fc7a26fa7477dfb5abe97,1
1d06b10962ced3c29e11cea2c6e6c7872588ad4b,4
408b349a84033479852b03c2dc481e88a521004f,1
236bb2c1106a801038ce3feaca5fc04977d4e57d,0
9ecb267b631c51bb3f6c19c1bf796a00530735cd,0
3cf59f6f9a5015c549941e9bef792ffa6dd4c6dd,2
c1730e2b08bae8b2e7c734a27e03c797bec56c7d,0
86358dd6cd0af76fdffddb642be2f90a4c1db151,1
0f3f5d083d6b100c6d70f4c2eed2f37b04897035,2
6ec56fa923a2a6664599a483380a515f8193bf7f,0
965baf2683c553132062bcd580253bc7917e0619,0
4fde836d83c8e869fff2069e6bb8f36a0687c11e,0
3d91bd486ce6a42944b573b615c23c515525d985,2
3f2f94ef28a051754089395582f0ca3890138000,2
7f30039d2a3c9f8685dbab1968500fca0b5790ba,1
14e1d495ef563c4bbb938fe6f2808385de0d0dc3,0
bbe7d3d0fe010a93f9142ff1d72cb7fd4f525356,2
7ce509b9a738fc5503901d637f2a3f0a82c2ff7f,0
9c34c4f05b65c8783967b5b4840ea2a6f6cc85f7,1
442ade15a6e4e08f867339512709e96db8103d36,33
5fd4582cc8b25b9569ff43917b60469ca03193ce,0
8b88e3b386e04491183c7ad6f64b33a51faba688,1
27843388c641d3471f838fe708a4625f04527df1,0
bfa5bb86e4cf6055747c578583dfc8c532866afc,0
921273baa006f697e6a6828cb2b648159853db11,6
7d20ec706e989d31b234852d4e4d686c3ca92714,63
437eb3bafcf5132fb97b06ec6c89e6c5e7f32708,1
f3c1fc70a90223012571ded15257ce43f34d906c,3
dad7691df92dc97c00c67a8af4d3fa31fbac4916,1
6752cb2d9ce085ed1df760475adac46a959009c4,7
0ac452e2524df00d4dd97d4dfecd6d346592e4d7,4
3a1cd30ce12c526a5731d718dd9f2b50db67454f,0
69582042d7732780c0ed1432456e19e99fe58532,1
9e7b5056a0a02921d1e31d511b34efc9732e3c88,2
5f82f03ff375f39d145e3783b5e09391dee4865f,1
5e3873c8db951660f3970553cd58a835809ed585,1
01aac2a1423cb9e8e47a3993f84709fd24b1aabf,5
b69cb9fbd90d68a550f4d061f1638d4384c91fff,1
30254e33882a4bbbc1dcd7fa054e1e3a96e9c84d,0
38ee395ac72f021930673b25a4e424cd07f7b33d,1
5df5e4c4a27e1b32c5fd4f77617344b3b19a3dae,0
a95dcd74e7aac1afe3e1da8ee5a10acd81a1fe58,2
ab318beaaf33e4579c02273f8757430350c74f03,0
8caf5d252d409343cd3a8ed33c81503f62b46523,1
1c2ecddae42996084860f0ce1fdd5caef1a469ff,1
6dfb8a21874cd5037b68abcf18f73ab7953a5189,1
3b2e5027e5bbfcaac6e9ea3f924dda42dc8fef2a,0
b39f5d614a7339d8bf0a328c0f706f8b3eb95a64,1
ab09fa4bbf5c360e20dfc6c029256e2f80c60663,3
83ea7dc5b9e8a1e1f5bd09573c8a881c9859f098,0
5697451c72b2cbd27bd493aadfecf1191c7eb60d,1
58e806f3fa29d94d529188d09b99678dec130dd0,1
50a5ce1dc45c7f49a8fad261360ef3c625de31a2,1
6123a00e64ad9497d6838061b08b1f95e0e46d16,1
7c2171688602f682cf2c30370e585dbd9eef32a5,1
ae1bc83350dd7052544f43a41b58157c05445ebf,0
596a7e19045c0fc2c3ceaf79df21d436e4613929,1
b264317fa074d431c781d5de891ad27485c4485e,1
673577a31b322ae8fb35875f13f0f78350601df9,0
23022f1a82a5650682474565fdc656936c8da9a1,2
96e9db8919655e739d9a5584e5dc940b9a08bf49,0
08356361ac4ab977077a4b341d6c15062a09f380,1
047d037f8cc67b81ff239e633914045fba00f027,1
0908458381ba8a84616fa445ffe62e4c6f040b42,1
16fbb455effa317735add5c994e7a91f5dc272fd,1
f30b46b2a8e5e4d293598c47fbea31bc26c1e492,1
65c3f1ffcd4067203f87940718cea88a98531550,1
7577717b5915b58927b27c4a2bca5e3bf22a787b,1
1a8f54cea1355f95dc68815627b9e7bff33a7a5a,8
6731c094ee8d30e14e16fd8a60aded31e1324727,1
b99a928a806797bee95cace1c94dfef0dc8d37e9,1
55ba90ac195caa11115d74ea267802a6aafb8aea,2
5ff5cee8cee0edd2f23c4900dada506c72f4e37b,5
8b58edc70e69b44b2c1c32d87fb1181368e6787d,0
d0319d45af524f5759605101c9c6eea6b2b40918,0
ca409e5531d6f96b54ce919aaf41cfad9e565dda,1
1f45cb0a5171a00c9b25565720d9f2b1fae3da43,2
931a0052ea1714485a25625411effe02940fb913,1
46ec4b648ca90b199e08d44750046adb8da882ff,1
724f5aa36bcd5e59db7b7eebede16488dba654c4,1
6d9dfa96c3286dfdceed11a9a5e1890c255b016f,67
3fb07d9b8d746db8cc49c75fc39ea14d525b9f8e,1
8e2519e88b29fc6dccf6600a7455e4e49a313aca,2
cec7283b215037f5ce286b0982ff66ac593ac6d7,1
2292441f0c039cbfb73d3de153127cdd7248e888,1
c430906d3b4e49044494fa6c1ea76ec2354b1100,2
82c8724b33b39629ce7d2f3740c33e580c167f27,1
9b160972a18f24df58b040d817db34451ad5ebdc,0
e036750bdfb43ba61dc7ca6f8914c572bfbe0d76,1
fcd9de72efd7c3de219bccc04f747ee322b3602c,0
32d4373e0f8f7178e46c890f9c9ea022472b63be,1
b3ddbcee2a90cedb0721ff0db63f382a8573b6e1,0
29435dfb4b55945317be86874c767c552ecfe72c,1
52158dffccfa6b73ba42d6e01867e295e14d818c,3
ca7acbe6d91ae42eafd5b87c558b53e8c16f2191,1
33247733e07364aa9cb0868bdb9b1c4fcc427c7e,1
621c24a10f4998c723a5f141ea123ea8fd1486ee,1
6cba11f08765de0cf57709d740845c70afc6bcc8,5
4d351b4846adceac75489f13f3c26d2a0485d530,1
a30007caa46c119c7d2053304f1c425d0a91b5de,1
6aa87a7b67f164ca2aa81d651e427f1ef5d2554f,1
b1c38d4c82cff9ee75e8eec90f102d83cbad0023,1
42e21bb06ed614a5b148329a38fab44724862cd1,2
ce4b5bbeaaaf479e618cb63899b6d027c460e83e,1
f413aa33b3f6e4ff51a54f54baf3be9f8757d92c,1
587154c01ba2b7eba0ac8c899b27563f74011590,3
1f27870d41d6c1e7743d1a09d618c6d743347793,1
c5d4225804a592f67e5966c9d135f7977b164154,1
529748894caaf47982411c0f600a3896cd344b81,1
4e26ecc940c74a89a5b7cc97e2bf241239496a63,1
c4217744224bf91b7f1cb5b63c58d287d75742bf,1
16078e47d4c01f9497eb838e6880e1824089db36,1
6a9bee27cc9570e5ffb38c1b95f9b207ae23d04d,10
94ea26ff46e3a09cfd82725e4a113218ebb200bf,6
6c51fe50396a8cb619a1b3a3b67ab5b1023d9dd0,1
34b2de4cd800cf3a2774c368033abf7a3395934e,0
57429cb9fe93db0700574f87e9ad48f8c0ab4f75,1
97fa2a9c30b3e870d1139983a631c89aaf89c6b0,6
c94ca24adc25ce05733a428cf423e13d74e2d29b,1
99e9554edd7a61c11f363df179b943ed3d823ff2,1
dbbf050005d6e2ad6363e4d1114f97e0c519860b,3
f934d0ef5b4e8e9521312dad4ec9e7e8d74d93e5,0
e48dfcc2b33f81dae95b3732bf0920f173e6c163,2
b98fb17fe9a06a904a725ef5d92b94b050af460f,2
bce67ec2c921a8e9fa92232c46c4d9a9ee40c8cc,0
9b1d2483a0f43512fa7fffdf45fc9070c732b273,1
b1adc567daf588245f09fd10015446ad3c8a2892,1
0807d82af0f3cbdf7bb7b8c4f6be3314ec92d80f,1
5cd7a90b32713ea4538737c652aa1d1a93fe9854,1
bb119739b086e053e1561263d62af47f609bf3d7,1
df8dd5ac21478147739be620b4f44ff6b531f55e,0
b7c8e5bbcfdb73d7adff458fca2cb9ad4016da5b,0
2b7b1e52b1aa3e31527c853516bbf6bf1981bfea,1
2f771b3979a744ed387c0991447e722beb8716be,1
9bebe9b6311728b4a57e424e93f2428bd994184e,0
a2032afa3a1992f84479793d3017c65297b6c83a,1
6a55ca8370b77a5209ac1ec5a40962098c8c6745,1
8f20562f494de6cbbd0ecc2d84467814624e8bf6,1
43018a48c4d7665d08f8e795829c438cf6115a63,3
72586eb30ab109be55bfff2ae5fd5f9dc4e805e6,3
7a02ba361c3176c8ef1c48c3c8ba2d8b5066e2da,1
f4a89ec7768d68d4ea4ed6976b94f11b759ef7c6,1
57834776ade27f3e4096a49cca5f22736df8bc4a,1
caa2b25b407985686c419be1fd7fb75ff0eb9ee0,1
a27fef87509a83ccf6e95ba8bb36f694d89fef4d,1
789be03b4fb0e03b88ce151e488b07c0fb8ad0a3,1
40ce057a3e5a5bd1462257da817f93fc4459b517,1
625ac81acc2dff1e1deafcd41bf1a7cd5b4812fd,1
ffc69537aa53c660362c8c1842a60856219d69e3,2
71efcfc648ba1eae643d64e15b29e3e1edbc19f4,1
04be9d60010c8e3f400acf61584f7f05c76f1b27,1
c17da4b7077f1fc0677d503e22c34cae3e3946b9,1
ccd9fd0dc3fc1bbd88b1574be94aef97a79666e7,0
46b9988e26d3e876f0d81ae64b4a1773a0b173f9,1
0f73afb0b0df433e4a3cb00d6425df4e4ecc39b4,1
36b452c7ac88e360e0c3c7555eaea46dd27271f1,2
a394ac9f95a3d30f8812799682169d31a16a9a8c,0
332344bd432c54b094630bf5405de52284aa010d,1
e6c1cadea01a46bbf4e004c64c87556337581c87,1
faea7d72b8a04e98703732e33ca386d155840076,0
12a4d60e186f52e0a185c71f74622e5ac504c984,4
08337e01f7e455aadc54f65d1b0ca1c12090493a,1
9606f4d04f3049d1eb1de7ac0f179b6bbd940be9,1
3cbaad9288fd6fe6d010cc3b4039dbffa863e31b,2
99692dc99e550932edea74bf5c8fdaf295aa8bed,1
5a998558a90bd49867cf3216938c8baa1a0f4729,1
f6ff0ab767c8b05a36e14275fbeb4ee3254efd98,2
5d471e0f342d513a3d034c6ef962e4a04a43d684,1
d3ebc34958358257c859d399c8239e4b4a7d570a,1
b6ff45254eb72c761e5fa6b0e3498c5f2ba59dcc,3
7e348fcb5fecfc9150f366c2312e0aca38ca234f,1
06b58a9c4f6c9b01a36a17e264652891850a85eb,14
539f3b3fe45de8eb911c40a2f7b2bd6d46af1509,0
2f20df3f55001c725f058ec44ea0fe11cebf139c,0
65c9a0728f4ea037d28a6bc7d15f041883962129,1
ab9d1830245406d46bd6faada7df39ae17fef504,3
f5631a89e89a531cea7f100f8394e9955de6445d,1
a4f9e1ebf2ebbc98acbdfce6f85d794d735fa5ca,0
2873d67b17dd0400813d3e6ded940a1d083d70fe,1
a7e40b2903004c22cb2301f64e1d1b7a4e45c89f,0
23b0f8ed4b9e1b9b6f760d26d392adabf5583cc0,0
6ed02c86be4dbb2e28984d26622ed55ae4cab024,1
2a67363e27d99687255ba2a174a6cc44572f1b07,1
205304ddee1fe9161165af94452d8aa47326ed5b,0
58bca87c725f1aa6b59ee1c747e49b6f5df3e3b8,1
febeb4319770ed37c6fd8ade681642cd5f65823a,1
8178dec4c3820cd06d67fffab099bee4b5512448,1
70f57a68440564c68c30aba5b1fe3242b3829cb9,0
ff14199e5830b859862a1dc00459a1f01eea4d7d,0
bfdf0932c1fb6c08c0576d3fd558835d97392b8f,0
695938ba3f60dc0c1190220282f695b8bf9cd8a2,1
cb02c2f9d82afd0a0825b70d497b1291ec9c6beb,1
e4a5e333efaeede05b041311d05091a6cb9f5b5a,1
e10d3136c85c997ef03c42d23b86da68487415c7,1
9f089756b70f3f63de6f78ef3ea54f3e8188e802,0
654387297f3ebbc08580521feb376d382f4c5722,0
326423719f0de85ad1d6e43a481034875b03d323,1
d07b6e93d51dfe8905a3f25e4ad202b0e560f98f,1
efcc28d347c73f03a2f87b9c9b79235127431c60,2
cfc193cdac385094bd07dff45b0fe989c52eb181,4
24bcc9647db79b6f5c4506171a7c7957a2a815a7,1
bc27d809fb4232abd33c85f33ec2bb78d7ce3444,0
bf7e453d022dcd305a8b3a714be849c6e44e7acc,2
36a746d7d5cd9e26306c871f14fdcf6f59e41b21,0
ca811156a0506409e87dc25909369ac33ab48733,0
50daf27e5a775ac2d9aa5ac4abbf4a7fe9e84570,0
df09e2adce96c7bb3cdf19af0f6c9f2ea64618c6,1
ddf6603d81334697eb8121e56bf6a6cf1118d740,1
4bf8b1aeeecffac97d948f46e22f0f8976feb275,0
be1e099f1b446d5d12b6f89c6323427d1c3075f3,48
Marlin/Marlin/Gen7/cores/arduino/Print.h,77
Marlin/Marlin/createTemperatureLookup.py,21
7afd202b89d5e06488af56ad4b14825dcc5d9c51,1
ebc4601185d785abccc0d79f6bdd789d3da5dabe,1
c8ea9b0e58f0d521e10775206d80e424baf45989,0
ca7ca4572e060e341cd0b546b97d8fa3963a1460,15
Marlin/Boards/cores/arduino/WCharacter.h,0
Marlin/Boards/cores/arduino/WConstants.h,16
c0aad4c28a5495bdb117d9743efbc27274548a29,0
8016f058bcb40cbe57392f3425ba804ede117575,1
d197f8504b2bd8ff2872f4b562b8b2465b296090,2
eb06a886c4b84c972c01e07d43e3d2674c90dea5,1
04631d2250c9107c6c2b6e34e7c8523ac669c7aa,3
0a5ad3ab8592ab02c47153144030fe2b6c020c6e,1
8ac5b29e02fad3c2f857097923b9d5f1afafa354,2
0a31ccb1d104ac1d1b558b10eb42af5a872c9afd,0
c6caa45ae25196dfe658d1cdb2189a9a9ff9f574,2
dc566d654f1cdf8d88c40c0361644d99db110820,1
ba898faa7d9ffdcfd32b75915d8b546655dc272e,0
0152ee71a53cc5526bc252539e7c7fd5a2210676,0
348d5434254633f7595ac789eed1f2f86a6ec5d1,0
6ccbfeb80c675ad6f819a6e96b621def7d442c7d,1
c433142abf3e7162f6507cd3dc8b9e0f2aa4e935,1
1d389ad3a8dcbbd14dce11c8b489387ec07b48ac,1
5bfccab650db1e75d37d28a26b4e2ea54e333c62,1
9698f4ea649ed48ed02df4b8298aafb85d2f6c3d,4
769796ed4c852a2b9475c126925eeeffc215ce45,0
e5c39b7c2adf1756e1f006b18a44f0ce80232162,15
Marlin/Boards/cores/arduino/WCharacter.h,0
Marlin/Boards/cores/arduino/WConstants.h,16
e8c92e0a953541ef0a68a79818ad52e3e2c633fa,1
bf2071871ca4b0988b894508ef85f1ee10bbb740,0
fc32e20881cdf639dfad00f54eedf2e44f93c0c4,48
Marlin/Marlin/Gen7/cores/arduino/Print.h,77
Marlin/Marlin/createTemperatureLookup.py,21
abf0693e8e970311cfb66244bb622b092c3fe603,1
47319cf64e2a598d0e52907c34395e609967688f,1
e358a2d7afae323abc7205cef31615a4d6b0258c,2
044a64a1fbbac22637c8149742b9feb75a1f3847,0
cd91e0e3e100c1530116696f9d8f9d6919299837,0
d728e356587a38a21244ae8e552341ffee62a943,1
1c1fddc7ac1d80a1eee0d4a2303d9299c0d548e0,6
dcd3e8a211184779379bd003e3eb85e6815db58a,1
ddd9d0cfd475d4f494c518946c73d2a352db3eee,2
0e58ef68056657f505810ccad55bc758d72ddf11,1
0e89022cc326c1d1274d8dee50afabbd0aded939,1
47d4f55bc0182cc3b016c87f60bd6cb751ea6bf1,1
6cd150842f6741b75cd7b5911805f307d1dbc2eb,1
299c18596f2f3f940f93bf33cf9b2c02215f35fa,1
b86336c3f513e511a1cfc54a55cf0d10c71fa2d7,0
b69e75c89a0be970b2742cd8bff603baf824d7a9,9
825adbd67bab99442d17bb28116ff40e5a2c4740,0
1d224cc031954221cf4dadc10b1987c43b3b40bb,0
06c03fe2f0947723a9013b636a6751b1a7c5af1a,3
87ff61a8a6e572d3c6a5befd655a2b39280fe83d,1
8c94ad0d2617bc87ae4f22ae4e65253f38147c48,0
aacbebbebeb6cc76d30b4e64300c31194f6d18bc,4
31873ec707d5ba19de59b046cb1e882b8bd4e1db,1
de0448343f198369f018ed370d357364b9bd81f6,4
69961dbba32c3a8f9638507d4e5c9724ba50e332,1
f67feea0934f16ec256077b8d108284e4896d950,0
6c050b8440f6493f449df851cd7f3fbf467c513b,1
b9f9f8f7d39cedfe30e64ed9d15af154e2e83bf6,1
d38b96fff165c89ae8fffbb54c81d23f755c58fc,1
9f7f7354f5b953dd3545a3b2cb96687ebd3d3ba0,1
d3b8edb6a25dc9c8ead8376814a8b4e0fd677bb5,0
aee475aa55f3a53428ed6b60bb8d6662046cd16c,1
9083966c22ced89d3dbd6ea3a92ab7ee2036f754,1
5406c533db7a8d799090d09f83d2ee26f5cc2571,1
f92dc91c3d634c90ba9204eb40780e87da60a693,2
35a1dd081f4eb0a7df019826afc6a3667872d182,1
5131ab19caaf80af50dedc783f49b6c982c26af8,1
96f4f90cb3d63dc43ca0df1fe4a35a312283d8df,1
e10355500d6e02fdc43d20eb25859f649bc8fded,1
a97c006bbff8482cf4a6f7d3404eb32a90ee6745,0
f062794a0dd6825564dd64597f802446532596f4,0
57468d3c216749dfa884c7a09d993da38ad3256c,0
22aae62ccddc147360cc41f7daa532a1af1789c1,0
6b45e9f1675c304ea941294777f4d008f591f411,2
adee81170d74d3b704d0c4bad7852c0ac8099be1,1
1dba212e18fbb80976462387744d400235c9841d,1
7bb326d389cd5a9f14a99bf0fa8275712fe4b380,2
957e966d2d5fb1884adb1f982ad01d39d547eb36,3
faccb358508d49d0bef35dc0521043f04508bcc3,3
3f15b7c7b863abfa2c6cb157a7f220ab9627d776,1
0c35facc946fda47b18b3d28b7d9e832b6c41ae6,1
71404eef293f1c93ba081a458120b45e5a48f566,2
a873541ef6b23100dc6dec15e6195e87cef6fce5,1
50cde90324a74d9f5eb88c6cd359e21f5ca1b2b3,4
603a5e25b32d1fc36ada3461f9110ba50dbc37fe,1
538189cc19182f28209912efd353081f18aa76e7,3
686011a5484d3593ee0001a50f1886d1d36d736d,1
cd57bf305b54e291e26766672e2aa5d5cf98f2de,0
ea2c19f978e59ba0cbc6ee5b2e7975949b099802,3
aa65fe22ede12642b64c131f53a21e758291547f,2
12de8fff81626ad87874b11785590f0ca8bdc211,2
b67dacdc8f1bd489e058e16d92ba29c364b2a8e5,3
d3002ef741400c156f3afa26e436da3e3de13664,1
0c123950e9211d3ea08248d7d712a9f242493ffe,7
bf077125b9828b871e5750e8e03e96a44c6bfbfd,5
88d2a671ccc50f30fb00b4c59020d7ffc35a46d1,1
0e5e249ab55862495a4308a1469e7be38ae0d431,2
e792d62f470f8705c03633e36dd66999faff2fc8,1
6b14f95b3ef245a33456c435b2cc509f6e770872,0
c7ce99d495edcef4276951d4635ccd709f8a0f05,0
b7fc14bc65a17defab639c67be8298fc0272e3a2,1
9e1021efbe8ddf7ebcad85d5fb00d77ae547821b,1
e9bec9b6fef576762cef4f4001417ae5cb7bdff7,1
fbd282b3bab54c486b157822319d26a183da3f6a,1
2e8c5049c5c06c529f47a5397689254bc90edae0,1
2d0d8e52721e37efde99ce5574c8a3d1ce6135a7,1
4d7fe7115fa24eac63175330d8b992690bde1bbd,1
9e9db65c3f6741bb034f4b521d4c072577230c84,1
bd966ef389c47c3f5ec15d8ec8eff1124d0c4601,1
775da3f1038d222aa058a5aa542154c4561eb7d2,1
96a4baa0bed3e063935a070fcecd43e8791358e5,1
2aa9f7b13139bc1cc60d97744e82b01857921edc,1
c4490f5f3d995feaffbe1c3aaf49612197279c8b,1
dd9144994efb0828812372c15a1f019adfba0b9c,1
4c37d0d9f175c5e76a6a53cb7884018094d9ae08,1
b59724e42bc97d75aeea9eefe2f0141003fb3842,1
16413bb8f2f3b55ea24e8f8ff7f3a7c5576fb6a2,1
b3941fce5ccce06b1e82adbc9397bbea68182bf5,1
d4946885654e66ab222e101f559e76e6246002a9,1
516ec90242c935110bcf00e8d285302ebe86cd31,3
7244aa7eb72d7eb6e2b01482e6e41884c249b479,0
de2ca3b2e8f8bfefb060d44ef021a86abedccef5,1
c2fc466e1b9b95c6993ba16ea8fb029ae33b7e99,1
241f5a4c0ed603285cf91d18811fe3ef2aa83eb1,1
9f9f498491c5c85dba16d49b1e141e05d2537562,1
e31bef31ad4ce8f97b892ccccec4947c8fc372d4,1
b2a9ccdb9783f2c6b0408f712daede0e06ab490c,0
d459fb41b7eba70cb51841fb793baee6d67d2e52,0
804e0d611786e0434662d15c6965140165192f3d,0
bb499421e901504e88c40af6cecfd582e2a15e16,0
ba96059203ba8655061dd6a9dc88e5ebb727d2fa,1
fbd91ab0b5c1975df10f4ff771145f3578784db6,1
b51c06e2b3a6dde6ea26ce141daf848463d9ff0c,0
159ae90874d6a4c9afa2906d09ef2ee279f1bc9e,1
e48f5aa6a7a55389979e1a4192b9e9462979e186,1
1efe9ab49719b9d501f6cb339f824a9d86b8685f,2
602c8ee02bcd6993cb60e8758aa5928253b577dd,2
279d00da9f363c3868609e89f1eee4d592732355,1
830972ce3c855bb17112e33aa657697cc61c5a04,0
451f9cc6d1696f187a7630940760aa27b1266308,1
e3fe1f0d007e7306ac3b20bd99b3a7debbf91fcd,2
d88205d89da20ea8b84a3f57d461be08510948a7,1
5aa80e6c0521156cdbb6f765ba0ca47e8cb7dfe1,1
b657a18449356fb002199d17fbfc59fb21e8da0e,2
108011085b9790cefec46928dec3e02e11277092,1
d188ae4c9d32ab87a31ac67e2bc587b7ed6c4d08,1
3682d9bd5b34bdc6560d97278d6d7eff3243bddc,2
032df0b2c6dde69303f60ee05681e046b1a4aab3,3
bd1ad7c76a8d6eb770c5a982817f4ce206f95770,1
060b38de5c72dd0a98e222f8d7f5e000f7cc6fdf,1
789ba02d43a2b940a032d0e4f87a0b92c920a940,1
1874cb71a62ee17d720d106a58ab684263abaa20,4
6a5a34e0fffe1057ae75171fad15456090a5163e,1
e3821bd86f199712003f4a4ea9d092d296309567,0
02af69911ec48898c5590025badd20cc2a1748e1,2
e203b8c754aa0273be9c1238b85cd4c9ce97c44e,0
362ddc4efc0221e8128adc01ea891f083423ca91,0
58cad83253747426cba58c9bbbb3a55cd6e305c9,0
c27081aa4a509414eb34b978edf9e978c617e83f,1
e11e072eca83ec72863bff98691914356288436c,1
8e68c6cf89218636a2b6cce4fd3e6dcfe2c287fe,1
8503b78876a7cd5b308c4dfdf6f0ca6c0d124dc7,3
8446c9dc92144a7d71af44a549a3c0f39f3160f1,0
3eacb4c16df1ecf7887a4d432335950047693775,1
e4d2138dbd0856d550d523e6a4b689b045144ffe,1
464b755918bc6090de10e5fdee6440ebe001b688,2
44fd8d46d2d0d7a3e91cd400f16bda48f5f4fec1,1
33bb044d7c8faa269e538e46858ed5d62292f27a,1
ffea8008cad6a6f609ff42513d948bd8a2b391da,1
c2557abc03617410b791a6c4221b16bba6164857,0
67cf105bc69c555547d1c2ba1974b03a2a2c70c3,7
8aee9d51b6fa4eb1887208df735cb46f852493b4,1
939f1fab464b908b169835adc71ee943303936b0,0
414408b2d0fed428b55445f48b01d00932a7a92c,1
77d503fa138fe97aab8da024fde25625d0ea7d0b,1
cf7c8c458f9273b99532f16a42995c06a11dcfd6,1
325f0651aca1fbfe854568eadf7ee5064589db95,0
03b0850e63dbcf0b66dbbcb22c2a5b0d1d41d60c,1
2a019a53d2b4d300377a50ee316c4037452b170d,0
ad8bc71d3e8c475a1648432dacc93b0295fb9f28,1
46feae79c666ca2ec0692d231eb5199ecd2a2eed,1
4ca2f336f093d824bae1aa460744ab92255b7144,4
ae0bf8068bbf9ce2a950994960fed202dcb03a70,1
0c1b863755d1e2af9022a5c2563c309535c97e40,1
63aec3c56e7f35a3f3b4cfce44a0612903dc6a15,5
8b785f75a601613cf2d77b5c9e5278d20b67f6d4,0
5b8758f42b0abeab051f6c71f2018e6b8bfdc0c3,0
520f1a54a89a2f6c9986ee84566a65a60bccf868,1
5550e893d5a94cf1c01df9831b8a79850fe097ee,1
aa6e6e914eb82f465ded1078331a6774146bfd65,2
0183e6332a11547641d2029a7df435ab83db924b,1
153220043537c603abab6ec2a66ce2c265bda330,3
7f775c142c31ec1eeee36784b9e94824ff1cf7ad,1
b985e4a13455f731f8c203d01b5190a52c8a144f,1
2e749d60c357eb6f3393479dcfe80044d7f30d3b,2
33f569788853aebf2c663235021791e73f1fe035,1
b44055cc51023b513eed57d2f5865b682299ed7a,0
f5eae52098ff64baa120218f74b1a8b1ceda9ec4,1
19a47dae4ac574c3c9374665dbb564e544816ea7,0
910f4e77a2ef18e19de399380a2ce0968e3165f0,4
7cefad3744e082b5555f7b1f3f85a153bddb8b75,0
87ff2f8867d678217158a320c10154dbd9c928de,3
387fe51a5615a7a3b99a65124c9151e70bf56b31,1
421264e58aec4dd3d0628a2f6d84d28f0f9da9d3,1
15ad9233105649bc32a8c4416ab216e24d50123c,1
61e09e6be222900f71c8b5d1bcc4b41fd8bfb098,2
87c4e06c24fd7df0b50cb8b01bf4f71e8d16ba7a,1
7b1e295f342e764731a956b94995cdfc1fbea526,0
c077316b2b9bd46c532b7209bf234a5901cf0680,5
49b228c4b37b95412308aae5f7d631e766a97d74,1
96509494f0d0438fc4f85171b66ec2a598f00a62,1
6d7e6a11fcce1c647230d1f5f28eb32a4aaf5573,1
f3095493b06d52a33ae77a0b8c1f92a22633261a,0
ce07c9186dc807d59c65dbf785d1174ee94d149b,1
116dc86b8a34ffe57b083df554e4ab87cb359b58,1
02ee9e3d30adb1621a7651917ccef88d4fad32cc,1
e056bf8081a942335a2e097d36a2fb35a4c34eba,6
4deeffbc88666b8b64085f807803e5cff9b8926d,1
632528aa95872018575ac93cded2c11c882b196c,0
aac7aa3bf076cf8eb0b4d077748d061da86eb82d,6
fde51084f310d4031a415d529a93038a8c34d3ed,3
21e2bae063f792514a75f3b9be785f674b767681,1
e509bbf6363e88ae0353ce58e87468d85b1ee0ca,0
072011a3ef6f9e80c83bb45d4566fe31dc2adbab,1
2422a857a1d5c4c7174cd877fa533a6032e431f9,0
f598077af3e2dc741c2b07f1bd07ba8e4e6aff14,6
cb0c84e0755136d64f42572470d9d6e0e658542f,0
1d5809d458ac056f4aaddcab1df896cdcb78b815,0
ed951b197728d7ec368098877d0f9599523b5a8e,2
4879de08e888a2bbdb52bbf42e453e67b488d2e4,1
f278e1c00f3070130b6cc0d740803414eae01d56,2
046a8e00395f1458648326b94dfc9019a6803f05,12
79a466ca26770c26f8581804ab0d37e486b35fd3,1
5f3a422e68b098460a1c53d69913d48247a25fe0,1
fa2e3a40e943e97c1488f9106f2660bacd03dddf,1
a92b3afe64a3da424720c8488aefa943d8dcf32a,1
9fa586bbed11f710df08e34d87c735452c17fc04,1
00d33e6b82eacc80735f4406b03b408671d00568,1
7d124478faea1934db70e3c7a640fbcf441f4eb0,1
3d831090283ede2c7ea1ed8112efc2b9d47f8571,3
cb02914687b55f1bf90d4f02ac3dd328c6d613a4,0
10bf2bb8e19286bde16e531ece204a529a6eac27,1
d47b666630f027d40642590a5a3991f5092a4eb1,0
88d289caa1950ee7022720ba791aeded7cbb102f,2
b4833d55c269f9726604b76fc3e2cc4e75c77d87,2
c6f2ec3c82b57063b5d1eb70028d25cce329d591,4
b48d67ce10d85f8ae0af6335c55e9e3c074dc24f,4
071eec7aa7f07d45077c8a7cc07069e77dbc001a,0
1ebe7d1ab686b0fe75192545ecd470883f39bbd2,0
de37b2264a33988aa36f9c2fbc616c90ee89f44a,0
b65ef8d66c99bb909966ef4d1576f347cbe88b19,2
740f0c76902aa6182555b0123b7944b6331604e5,2
ba8500a236041e812c5ff2150e4e65ec82f308b5,1
09469add5560ca8a676c42e4bcd499868c33f0dd,1
f3101e96d90d4046c2ce19508a2bac1946d88964,1
245dca4bee3ea5cb4b1a294162cc01c40a55a3e5,1
97d42ca2b229597c124dfdd1ffef8499d0f2644a,1
2faa0852b96c82334e8c692a08e9404f674ac3fd,0
7b14953c99bb33764eb8f70136349231e3bce72a,1
286d5003fadab0a19ae4eddade6fcc8c1cc7a753,4
66d50562b62d5f3d5c4ac283c0bb4f54871f3f8a,0
27f595a444508186ab01bddf16bcdf283b8a3be7,2
018c567abf46ec683b404c841402d6096b775390,4
4fbda5c3f5cc85f5d9d8d946f42fdd62380db7a2,0
ce714fe3068f9815d958d05169948eaf519f2cb3,1
35e57bf149685a10cfa64b3437c428bf57519e5f,2
84ea2d61e827503c95c0c05037e3cfc4d94c75ae,5
adc108d79e30d178471ee65476eb0f6a27a73f95,1
5aa9c41ab1aa128edf54d618047b323fb9176aec,2
00690f7ffd5bc06d851abd373fc4925e05d138c4,8
Marlin/Gen7/cores/arduino/pins_arduino.c,0
01d28c18ab43b806c095068b63f52b879103de1c,2
2fd8c248fe296818c902a1db65fbdc79cce91abf,2
d9f2f509d52995c4e0d6f52f9a8f1e7359d7b132,5
ae3e7586c661d7c9a68b046c65862b850a7566fb,5
df1437bd86bb2d30a35012bbeb43d4d213a3c41b,3
8816ef1c6469684a5d592e2b54ad266a1073b4c8,3
d298dd121f326cd44c8151e4d5a0be7fa3e96e20,0
2cc9a89830ca9af6e414653368018af3dfd06098,0
a0a1f81913023b81411558fcdf837f2af76faa74,3
8a8ea50f3303ecd44cc16e904340569dfce700a5,1
b976692d0fe49bc6d978655f8f634d31d415e7ba,7
fe940a142d1be7c314bfc35eefd2b51173c4a3b4,19
b3fb09a20cc3d01bec34a137b323f16e5bd5fe3f,1
6a3f8cf23f690618b4608f570a9ef24679220bed,1
a05a261b723d3004446bea6641eab182715cfe3a,3
1b6765ed12b2d6d85bd786bff5cf78fa175b1627,2
1ff99ae25f0f1f3f7fb85d3feb215d6f182ac083,1
234fe8ea67661f021aa34745fa3a8349b08d205d,1
e661578c84052d2fce063a6774a784bd76d627f9,2
73344e69c1cd361164aa67af9ab28344f17a1227,2
d309565b56610b4295c7f517c6fada8d51c0ef04,0
3f20f37c789d5574944941e3bc1fd92fd22881b0,0
0e3631ff4bdae41cc638c59a72af654931bfaf04,3
fa2e1be0ca890cd4112dbb951b9297bb38a42f2d,1
7699f250e31e61fa09636914c8ee7f4a1f340927,1
11518a987fa86ceba314b4f6d891fedad67c4d37,0
b447815de5474b4533bcebb2e4b1d831fb731141,2
bde30b2b4837c816789d42896ad5654222ff4c06,1
13e185d3302649b70bb5c23ecbb27bfe6b1163ba,2
b58eae7657990e59bd6154c9b2a826baa22d7f61,1
3e7fcb813e54a5d223ec34cbd17f2e8d72367daa,0
2a77c84c8f673862d93c7734588e6009376169d8,5
d47a3e5950ec8dc129c8939ae8a9acdf32580134,1
f87c80889fe967ea883f96d2eed0f82398d8a3dd,1
154de69c024c4809310afbb4a7b6ce312e8eaff6,2
6ef8459494cd5ffdc1b2098f81a8346e006c8657,1
598eb1d4f16beda0f0cfc796aca1b03a25708047,3
9173a5713baae97f7bfa1cbb168b2ae8d1307245,9
da040fd3936e59f9d808a126111708ff500343fa,1
bdb70c050948392004f104402349c08a85cae0eb,1
5113513cb2efd62c01a4fab4cb28e0a8d9905005,3
d8a0c6450f01afb22622eb78a23794f72773fbf5,3
4cc8e37bf145031abdb3093b541f162847e30510,2
b5fae1104b5497639c61df9ec2ed9b6c66f62e1b,1
f9c5333f97c2533066d4ccbe2479a5ee09b05058,2
292ddd2edbf4663ad2b5f69f7e46e2eb3600d465,1
25cd8af536e22dd6532163d4e2e9dce70cf43a5c,22
Marlin/Gen7/cores/arduino/pins_arduino.c,0
Marlin/Gen7/cores/arduino/pins_arduino.h,5
Marlin/Gen7/cores/arduino/wiring_pulse.c,1
Marlin/Gen7/cores/arduino/wiring_shift.c,0
14702089eec41982ae6dab3e7736716d3d98ffe9,1
b51e8bf7e58b025a4b29ba6ca50c18802bfa92bb,2
3183a14755dbcdac8a3a0a7f66737895a953ad41,1
5edef148fe8db2e5210c28b5c28997bf33e7c64e,1
13e2ad2831caab3bfddf1e6eb0201938be4e2e21,1
59cc5f889e4439bbb1dbb1f5356c1562837652b2,1
a11f3b2d2f33487b09ae50c4f878a2ccdec3d974,1
b0070a244a773322159a64aad97aac5fe0cd98d8,0
abb7e639067677257d9409728f1370dcf24e5923,2
9f139d6e0e3592c71851535f25fb83245361a5f3,3
e45e5c68bb67ddec39b9bda25cf96396c12fe10b,6
7c6141ebc4602262a3143c012dc2a6dbe618e4ef,0
9c918a497b4cdb1b5cdf1b1237757212652fb08f,1
ab01658fd2e93dd4ceff47df9fb6b03c95ea9ebf,2
42bedb3f604ea685dc8b26c2a690ac1891361862,1
a991bde523fdd2952d156b457ea7bb6cecdd4bcb,1
3e575533c5f59f1a0452a7c0061faa4c88cbd0ec,1
2ae2ead97b7b24b3e9a03f53da82c00ad7f73b71,1
71dc82e0b47a8362f8e03dd361cbc1624b253c6e,2
5aadc2f5ca43970f6905ea11e9e17868f2e1d0da,1
8d0916af1360115d0a86090d1b24a28a1ffef5bd,5
6cc6029d7af47a2a6103742d8af1264af8631226,1
157aa7f2fd47d03497a0ca5ec46e6f07ce4cb343,1
7aeb45303df1373119a78836621d04f1b1d475e0,1
cee5f9020ace7da75895c088a2f9bab3eb2f3a1e,2
3814bbb529e47d0f7388618c1e5bcb114135e09d,14
729cde44755732067917988296b59dab1fe3e364,3
396270a0de36f1ab6b0a61a7c4a63b933a0ead83,1
11f2dafc4e65d5bfe169eabb3e4bb0927a23ba61,4
8463e39a4a13985ff135a68fd2a8724e801e8545,3
2bc160a97879d3b398a6b39bfb0c57c57346685c,1
57f9359a4147157189cedf6e934dcd5571a79a88,19
3c1a4aac2bbe6f77b2e779520f848685c1c57cc1,13
212515148e70f151e24990312fd1fe6c1de6b104,2
67350254285e98df1c07c5c4855444e6c7b2928c,1
415aadf704ff545de2db90ffaf2fc351af78331a,6
4bababf5b0f339174c1b7f3b6fce14679e1a5e6d,0
f312216e972533e99b5ee34b01a319ad4de6e6d8,4
651cde8b98b9499796e96cad9e267dcd6bbb86d4,4
554cc1718d58d20f73b266a6bf6a4f7bca204d63,1
617968ab7634c0568532007a2baf07c0f4247bff,1
84d9cf7339efef8c79143bf5496b9e063253933b,0
e017228569511382298c2ff9a347a78542351cd6,11
3320a5b37d9125d29dba6108a2846257c3d3b470,1
06411d5c9e39bda41be21d56cec0f4cc21e2e612,3
82c99625facf9711dc974759f3ed31320abd90d2,3
01001b89d200111f95be0d7ce87aa16e91ddf998,2
88ee053af0a7d71cea23cbc1adf5b101e0b1a7fa,3
b1d84d879b7ddb6119ce7c8a5ce2c8df9986636e,1
f6fe7143e47c32ce08620238f63887377e72533a,0
dde4b40fa9e312bb6cb76b7fe9c8e0f8a2e28caf,1
2bc5e7ec9efeeb2c72b1448565ce3c5481248f3b,4
aa4f9a64746f213cafce7cf58414d47619824a2b,2
87fd249c4311fc3de7e1872f742b5ae3b632e85b,2
1ec0c3b68a250ef5d947509122777ed5ba43a91f,2
5b4625f79c9f5176168fd101b1cae74e829f6d93,3
cc4a9cdb69081f4498a5268a682c8d9674f66bcb,3
61c943b4bfdb80ca8145cb66d16169a8891bdb94,2
bae1e422f615d585081078e88103af6742ded8c4,1
754d2d69b2e39d4a5ce0cae66974af289f4d5c8e,1
986f0ba76cdbf27bff585dcfc669d96c5287e64f,2
460b788d78c81a63cf49e910a65bcc306ce94c55,1
3664ed6aad7ce24b4d8f6b3d00ca5547a7ca00ab,0
43f5c3e82b99210bb9dbda5937bd442485da04b1,0
4fd75dc813fd40ea91323c04323055fbbe077d52,12
12e8edcac37e30c0252d6140f9c3294eaa84d6fa,0
cf50ba140fdc1c3ef3e21fa7a83a6cc036d61967,3
89e832c2959b1fb6761c25f07702010ddcde5971,1
b99c49ec3b2f03e302926f5665dee7172df2deff,4
95a0b28acbf8ee93cf1cb06fd0c76ccd582712d4,0
af22e9cd38c9684bd64cc7307137abe9efbba6d0,3
7714b98da74b0b84cb620474fd8e4cb19d15bfc0,13
dfd240b260cb50fb2a1403211c51e497ef81e9c9,5
4f909963e4d1a21115b4789726f6369f54c253be,2
6b86f1568607acc39dccea40647374f6f373f3e7,4
0bc9daa4f7636858cdcff66e847cc414b18bb51b,8
b0c3871750d55ab66f5233f7c318375aa1b61e43,7
9c57453168f88907c5e5b40c3aa7c23ce5d9a01f,2
59205ac5fcf9fb00ca2748ffe0bddd1a47b239fe,3
7a4be21b4f3b28f1730e02c7837b8698251c877a,1
716e89b87c15085d781379f9ffdfd376da415c6b,1
d00b7e558745608a95075ba1c3202a30c69d1438,1
e4ab0e598226e6d5fbca46dc7762af4ab6a83e6b,3
8cb29921a0b897aaa700ea8312330c294e4b640a,1
044886b4a0d546cfe3bae2bf66424d127db7bd33,0
b19c8b74b9b5a5359c8cf508cca17480003e189e,3
6d95644c0d7dcb17b9723374b92aaceed11c6548,1
311627141bff077a4c5ac6e602fcf6d1c7ae22ca,0
7216a128566c173ebd2d799498bf53af182e9acf,1
98805c922892edc2d6fbb2ea39574d7cde1b492f,1
85da81e67349ab815985b5651aecfb7943201b3c,2
b9ad0bb2ce7f6d92375de204536b46cce7bc930a,2
dd5ca68c87115b16a159d8a8473ce91685095661,6
dd5296ad4d35fdea84b12e4cfd68691c1288ec3a,1
f75f426dfae5190d3e637b247030d3a244968c2a,16
2d9a7156555e0cdd969b44cc7c4d3c8a18875cfe,2
d2f034ba84192093bcbe96eae1bd835e407bed79,1
6aecf80278c8b3e5eab716592f314554efbca0ea,1
b128d25f27142381c3f035d1754e28c4a4bb1bf1,1
26a1de1e448cd254f6d69a2a7098c290933d269e,8
f8e170a44bca32500c6c809b8a61f2721a4a13bf,2
aad4b75b94094142ece357b1bbcc25a080bbd9ac,5
a0dc66f7bfab6815c4a64a1fbf02dd82d1d75d11,2
6d6f323535c8523341359ff3747516c86906969c,4
4d6a5c29df87270b13c6ec7b5adb58c1aa29e3a8,3
74d0032e258dd66009a81f4d0e70eaee987be192,2
191f36b4933be2686a51dd62dbe532ee90f38ab5,2
c54a80782418a65b6bb7137850ac2129b9f4f7c5,2
a6823a84e18f7738cafe309c21b55a110ea51d6d,1
57e163e98999b45b9fff814dfee20d2ea01947f1,1
b58787a3672111d487bbc53049329a92792a161d,1
71ca78982bf789b448b56d017625e63def85978b,0
235051253a504fa6f4866bda604f2612df7aad0e,2
27654bfe697ee08a83f4f39567357827ef77fd1f,1
cdf0bd4e635508ba622e0a333ddf5ffbde90cfa3,1
6ac9b2e7614766a38276d143592ba0b6e8f31271,1
ac8adabb2bd9666fdfd75940a832cc4367b7a209,1
0e0e4945d8ad060aa50552a0b27369c18442c2d0,3
c0f8c9fd7213d30708071b3d3e94ddc898aa92ac,6
0db97b9c7f4cb26e4a767c9aa2a4b8be4007e209,1
c9005865ed8ebacfa7bf09303be39288ecd882cd,1
1022a5eaa70a8f6157af4752709f0dd4c5433ed0,1
5535e51bf678a367aa6e5d53068f5d20b1c15e0c,3
8b14a8ad343051ec460f1e5941f89a59ee8e4fcc,0
924bab1a031101634ba350cd8daf1c5a2e08430a,1
379ea642e181ee072a80d361dfb043e7f3318103,5
959d82e81e3a8185992a4c8edeff171fed9f01ca,1
15bb3f284eb532a86514a2302e093616b4b53011,0
4e5becfc51492599d191e23b384c17dc675d6c57,4
eeb4f029dbaa8f12350f631441303832fc14fc9e,0
b21d5193f25e3e388ddc3787aba7f0086a1abad7,4
85c8a87e7087ca1a639947e17f6a71ac8a5f8140,1
2e43f9c80987576441f66040afd20b456ed44636,2
cd2268f10a88de393a565c887c8891c7f7979a97,2
d8e7e2f72e28d2df29f3f8b23215419e21b0727b,1
6dba34ab0ed5b5f89b70ebe71086200606319bd8,1
4687c56f532c99a1481af36ee26d52c47034323b,1
4258841241d9d18e00f1f362cca90d288e6a896f,1
827cd7270378102c7c1ce7ecbb8a41fcd6fa0ed4,1
d41547a397adcbb28f3f0a96a38ad930f128fe0a,0
61e0740bf03523b861915f5d272851999e934b20,1
0e7fee9a9b437db29080156e9106746ab2b2021c,0
915ef2d4a136df67f468917c725d032919e189d4,2
e87df99e22beb39aa7cf5893c9ca8bdd42865ae9,1
8a1e719a3fd064c0ac0e64ce22d7e6fcd797d342,1
5ad1d19384ba3ea8a1e6c33babc63de1d28acf31,2
7a2d1f5aeb85225a7d71e8b95982e36c5fb17722,1
e02af3e66addebd752e3e673ff5a2c7d270f5c59,0
537b5c155dd0e35080528bcaba088d0d177aa2bd,1
953d830bba02eb71376c51ccee2c5599bf976df5,0
2a6afee83292e5b741cb99ca4b7b30b7acfe7529,1
f52e1a957111e6bcf33f8ac375bfeb9ba261d5a0,2
6e6fdb9a4e4b8684cb987b29e90f9e5029dfd55a,0
6841a10446f27ab18e573d1d5b5e6e0da7566552,1
8a08b8e07e0bd84c1778eca7f3f32fafff5c3af5,3
f0154de5b3d1fea9d9ca62265c739e039576249c,1
70650c331da1fca53eafc5616dabdb4e9c4a6693,1
9d90220537583b98b726dab13e3c553d676d631e,0
869cee74e6cdca8caccd281daf2f45cc8e1944b7,1
70abca195abfbb1a8ecf7eba8e27f61ba7eee759,5
ff69e0a772c71226be7d6000c5096c0a850e3a62,25
1e5e141ac9cda75d9d3d7e36456c7a25231cb7e6,0
edb5ea7efa555b59f17655e20e93d9e93499d5d8,1
5df5727e939de26c828041ea7083a07c72f475da,1
64f2121ab1ba530753715c19574721f55076bdb0,21
b15902d3b5131d1ddfc4d52ce99a54827ece5d53,1
e63e224a33011f2aa302ee435acc066af8a87ddb,0
e7dca8614be5cac516c0d7989a28abdf21d412d8,4
46f80e82d947dcb928abdfe96ee1e2f48ea82de5,0
a9c7da06e398101517acc5b7a07e8dcb544df294,9
02b9eceead9903beb9e1cf7d48f05fc2de8a8e8a,1
7919a40d066116203dd2e703df9af7f3fe4d1bd4,7
805d37f77b25fba70c05518cda4edd1c349b7f04,4
5fd41ae872d51961a7f3e60ba9b6a7cba85d61f7,3
95126c09c0ffbea8f15ba74105f403d8c36683cf,2
331e82dcd3d7eaf9f76dbec8759f2f730335fea3,3
2643ae93d69b4171acb18bf9994b12076b4f2496,41
Marlin/Sanguino/cores/arduino/WProgram.h,14
c00eefb8242cfaf3d16fd30f8a58f02cc9f885b2,0
1d0452f10ce6d067836e483e3512c4099b4ca524,1
c57906b627bf7245578522ab50e9d35e9c6bc96b,4
ac82411c73e43d6b4730c865c38301d355e0fa35,0
65934eee9c6ae792c708bc1cea9996c8a5df67f5,7
9980ceb4a37ec1d2cae99b73ceae146ef7340e88,4
ff592b056ad492632a810e6c77a7d063b6ce05e3,1
e9adfa27b5c65f53c3f71e4348ccb51e7950c935,2
36958ee30576dd282a373c8b1da6ad8d9d22eb7b,7
ba8a53a40fa0adaa947b536639bab998cc872feb,4
27361e7cd08d895cfa8930c9e114997fdfe995ec,1
ab154d55927776add58c878f7de94e82b07bee1c,10
7b70caab7c4bdc45490d83730b62c5c2ea31e98e,7
72ace55e6ae964a5984a13e09492d1d92295f098,5
977fd2b2c736047814d4fa51ebad91ad454cc4c9,0
907daa49af3a3ca41895007052d8732408e81b95,4
e3af73ee0c8a8fe46d3206bcf4608be6cfc49f02,1
0b43761c3af221bd67bae26ac546846ed15b8ee0,1
156763d02761815f0d5ce4d25c636c6a0a2fe6ee,0
fc0064e525288baec961db28c6c4d07f3206f145,4
d3bfffcb6eabe886eb8c1a11bcdc66a1f680a882,1
01df04e02c6a94446e19176946b353d701268c93,5
163efdf1c764eb0be84aadd5c3d715a4d46df807,0
87aaf0f70a22686d2107efa01cfa19bba542c386,2
5cf349a24a610d7223c5bc88193c07c713818028,2
79d1bfb5c02793c88f554002e04b5263d81703b7,3
76b3f805c08f1ceb0b4a69523d5fd7b1a331c7a6,2
1d171e9e52012c8129dfec2b7f2640e696678f2e,17
900e0c9bf23f7df6a2057af4b2c1f166e55e9163,9
1740a83e11c678c8621e6497350db13cd3d2426e,8
7cc358b56b02a121e90e1c5a80ccc91d328487b0,2
e8092898b1c4db328a2f5d247fe06603f586f924,4
2afb7bd4cfa130d57dcbca657fa9a81eecbc7a15,5
0b82465168e53a16d573610bb30495d70bd050b8,4
2e8e8878e55f1455155e43590afbaa1ed21e8e3f,5
04d3b5537f7c23adf7ea362a8492d21114aa6a2e,0
d15f01e1b45119838900da53128c619ebe93895d,6
ea86a5e10f7b8c0b2e0e0bf97a1fc95dbac4ae89,1
b9ea0651ec52e0c7c20761c0409cd59259b984bf,8
8bcdb9f5f062fe68d90e31752453e1d662b3f0e2,8
40e80816235739064fcc7fd74228c9c225387caf,22
00674af3a82e6b6b517a12ae3e77803df4f4892d,20
d7c4f0780b41507ae6a40cc46efb59c526e58437,2
95d3d9847c4d78c068f622c7d24dc716263d9b73,2
bf879ceaa9685648adba645cadc6ce5aaa5fac85,3
094afe7c1065d5663628b389f27687a5f465abb8,22
0b1423c303c6d7eef7d9f8f04666dd1a1a529bb7,1
27664c6da673647846f30b759aa5ad8ae45383ce,1
b099fe142cc6a62a2fccec78b4ac541612ebdf64,0
8e017b81ab125fd403096074b54bb21cb215bfea,3
67967a4b60a618b55f57bd5a7e6d90a3b455a3b4,1
b5f6482dcec6e78744167b177b61a41b2f0eb4bc,2
0024a26ccf47264343b65e8429fdd756a3250f64,1
5a1787b2f4252b273417d941834a0b8fed32b43b,1
26bf57e22c674427b6239811421a3fa4fbc3024d,3
f850af5c1ca343ed65b94c4b9da5dd1ab4c4a53c,1
750f6c33e30ca16fab1ebe552a6b3422282bc66a,23
99653ff80560624ac13f25a7c365df4efa08d18f,1
